
#######################################################################
Please cite the following paper when using nnU-Net:
Isensee, F., Jaeger, P. F., Kohl, S. A., Petersen, J., & Maier-Hein, K. H. (2021). nnU-Net: a self-configuring method for deep learning-based biomedical image segmentation. Nature methods, 18(2), 203-211.
#######################################################################
 
2026-09-11 12:00:18.550574: Using torch.compile... 
2026-09-11 12:00:21.356270: do_dummy_2d_data_aug: False 
2026-09-11 12:00:21.572793: Using splits from existing split file: /storage/student14/minhdn/Missing-Modalities-Benchmark/data/nnunet_preprocessed/Dataset001_BraTS2020/splits_final.json 
2026-09-11 12:00:21.581906: The split file contains 5 splits. 
2026-09-11 12:00:21.590807: Desired fold for training: 0 
2026-09-11 12:00:21.599571: This split has 258 training and 55 validation cases. 

This is the configuration used by this training:
Configuration name: 3d_fullres
 {'data_identifier': 'nnUNetPlans_3d_fullres', 'preprocessor_name': 'DefaultPreprocessor', 'batch_size': 2, 'patch_size': [128, 128, 128], 'median_image_size_in_voxels': [139.0, 170.0, 138.0], 'spacing': [1.0, 1.0, 1.0], 'normalization_schemes': ['ZScoreNormalization', 'ZScoreNormalization', 'ZScoreNormalization', 'ZScoreNormalization'], 'use_mask_for_norm': [True, True, True, True], 'resampling_fn_data': 'resample_data_or_seg_to_shape', 'resampling_fn_seg': 'resample_data_or_seg_to_shape', 'resampling_fn_data_kwargs': {'is_seg': False, 'order': 3, 'order_z': 0, 'force_separate_z': None}, 'resampling_fn_seg_kwargs': {'is_seg': True, 'order': 1, 'order_z': 0, 'force_separate_z': None}, 'resampling_fn_probabilities': 'resample_data_or_seg_to_shape', 'resampling_fn_probabilities_kwargs': {'is_seg': False, 'order': 1, 'order_z': 0, 'force_separate_z': None}, 'architecture': {'network_class_name': 'dynamic_network_architectures.architectures.unet.PlainConvUNet', 'arch_kwargs': {'n_stages': 6, 'features_per_stage': [32, 64, 128, 256, 320, 320], 'conv_op': 'torch.nn.modules.conv.Conv3d', 'kernel_sizes': [[3, 3, 3], [3, 3, 3], [3, 3, 3], [3, 3, 3], [3, 3, 3], [3, 3, 3]], 'strides': [[1, 1, 1], [2, 2, 2], [2, 2, 2], [2, 2, 2], [2, 2, 2], [2, 2, 2]], 'n_conv_per_stage': [2, 2, 2, 2, 2, 2], 'n_conv_per_stage_decoder': [2, 2, 2, 2, 2], 'conv_bias': True, 'norm_op': 'torch.nn.modules.instancenorm.InstanceNorm3d', 'norm_op_kwargs': {'eps': 1e-05, 'affine': True}, 'dropout_op': None, 'dropout_op_kwargs': None, 'nonlin': 'torch.nn.LeakyReLU', 'nonlin_kwargs': {'inplace': True}}, '_kw_requires_import': ['conv_op', 'norm_op', 'dropout_op', 'nonlin']}, 'batch_dice': False} 
 
These are the global plan.json settings:
 {'dataset_name': 'Dataset001_BraTS2020', 'plans_name': 'nnUNetPlans', 'original_median_spacing_after_transp': [1.0, 1.0, 1.0], 'original_median_shape_after_transp': [139, 170, 138], 'image_reader_writer': 'NibabelIO', 'transpose_forward': [0, 1, 2], 'transpose_backward': [0, 1, 2], 'experiment_planner_used': 'ExperimentPlanner', 'label_manager': 'LabelManager', 'foreground_intensity_properties_per_channel': {'0': {'max': 21113.0, 'mean': 645.3309936523438, 'median': 356.0, 'min': 0.0, 'percentile_00_5': 37.0, 'percentile_99_5': 8499.0, 'std': 1025.053466796875}, '1': {'max': 18011.0, 'mean': 798.6544189453125, 'median': 416.0, 'min': 0.0, 'percentile_00_5': 36.0, 'percentile_99_5': 8109.0, 'std': 1163.3671875}, '2': {'max': 31404.0, 'mean': 1075.7904052734375, 'median': 667.0, 'min': 0.0, 'percentile_00_5': 97.0, 'percentile_99_5': 16375.0, 'std': 1993.40234375}, '3': {'max': 29422.0, 'mean': 724.4317626953125, 'median': 428.0, 'min': 0.0, 'percentile_00_5': 73.0, 'percentile_99_5': 16627.0, 'std': 1902.5992431640625}}} 
 
2026-09-11 12:00:31.798739: Unable to plot network architecture: nnUNet_compile is enabled! 
2026-09-11 12:00:32.053095:  
2026-09-11 12:00:32.096211: Epoch 0 
2026-09-11 12:00:32.140699: Current learning rate: 0.01 
2026-09-11 12:02:59.427055: train_loss -0.3916 
2026-09-11 12:02:59.482533: val_loss -0.5771 
2026-09-11 12:02:59.503726: Pseudo dice [np.float32(0.8007), np.float32(0.6147), np.float32(0.7485)] 
2026-09-11 12:02:59.538208: Epoch time: 147.38 s 
2026-09-11 12:02:59.556811: Yayy! New best EMA pseudo Dice: 0.7213000059127808 
2026-09-11 12:03:02.981749:  
2026-09-11 12:03:02.986451: Epoch 1 
2026-09-11 12:03:02.990558: Current learning rate: 0.00999 
2026-09-11 12:03:54.349323: train_loss -0.6264 
2026-09-11 12:03:54.372781: val_loss -0.6499 
2026-09-11 12:03:54.379498: Pseudo dice [np.float32(0.8445), np.float32(0.7152), np.float32(0.7446)] 
2026-09-11 12:03:54.382972: Epoch time: 51.37 s 
2026-09-11 12:03:54.387682: Yayy! New best EMA pseudo Dice: 0.7260000109672546 
2026-09-11 12:03:57.820797:  
2026-09-11 12:03:57.824329: Epoch 2 
2026-09-11 12:03:57.828160: Current learning rate: 0.00998 
2026-09-11 12:04:46.199453: train_loss -0.6778 
2026-09-11 12:04:46.212675: val_loss -0.673 
2026-09-11 12:04:46.217268: Pseudo dice [np.float32(0.8484), np.float32(0.7483), np.float32(0.7995)] 
2026-09-11 12:04:46.224428: Epoch time: 48.38 s 
2026-09-11 12:04:46.229155: Yayy! New best EMA pseudo Dice: 0.7332000136375427 
2026-09-11 12:04:49.684134:  
2026-09-11 12:04:49.687309: Epoch 3 
2026-09-11 12:04:49.690084: Current learning rate: 0.00997 
2026-09-11 12:05:38.757775: train_loss -0.6986 
2026-09-11 12:05:38.782319: val_loss -0.7086 
2026-09-11 12:05:38.792382: Pseudo dice [np.float32(0.8747), np.float32(0.7529), np.float32(0.7974)] 
2026-09-11 12:05:38.802239: Epoch time: 49.07 s 
2026-09-11 12:05:38.811441: Yayy! New best EMA pseudo Dice: 0.7407000064849854 
2026-09-11 12:05:42.338411:  
2026-09-11 12:05:42.348944: Epoch 4 
2026-09-11 12:05:42.359064: Current learning rate: 0.00996 
2026-09-11 12:06:32.178040: train_loss -0.7096 
2026-09-11 12:06:32.200281: val_loss -0.7139 
2026-09-11 12:06:32.209906: Pseudo dice [np.float32(0.8863), np.float32(0.7778), np.float32(0.8044)] 
2026-09-11 12:06:32.219656: Epoch time: 49.84 s 
2026-09-11 12:06:32.228896: Yayy! New best EMA pseudo Dice: 0.7490000128746033 
2026-09-11 12:06:36.022038:  
2026-09-11 12:06:36.025527: Epoch 5 
2026-09-11 12:06:36.028305: Current learning rate: 0.00995 
2026-09-11 12:07:26.033885: train_loss -0.7149 
2026-09-11 12:07:26.043477: val_loss -0.7105 
2026-09-11 12:07:26.046958: Pseudo dice [np.float32(0.892), np.float32(0.7637), np.float32(0.8015)] 
2026-09-11 12:07:26.050961: Epoch time: 50.01 s 
2026-09-11 12:07:26.054388: Yayy! New best EMA pseudo Dice: 0.7559999823570251 
2026-09-11 12:07:29.427931:  
2026-09-11 12:07:29.431596: Epoch 6 
2026-09-11 12:07:29.434177: Current learning rate: 0.00995 
2026-09-11 12:08:17.780594: train_loss -0.7393 
2026-09-11 12:08:17.793109: val_loss -0.7473 
2026-09-11 12:08:17.795726: Pseudo dice [np.float32(0.8997), np.float32(0.802), np.float32(0.8071)] 
2026-09-11 12:08:17.798733: Epoch time: 48.35 s 
2026-09-11 12:08:17.801571: Yayy! New best EMA pseudo Dice: 0.7639999985694885 
2026-09-11 12:08:21.814350:  
2026-09-11 12:08:21.817554: Epoch 7 
2026-09-11 12:08:21.820359: Current learning rate: 0.00994 
2026-09-11 12:09:10.211501: train_loss -0.7476 
2026-09-11 12:09:10.223342: val_loss -0.7548 
2026-09-11 12:09:10.227525: Pseudo dice [np.float32(0.9121), np.float32(0.795), np.float32(0.8184)] 
2026-09-11 12:09:10.231650: Epoch time: 48.4 s 
2026-09-11 12:09:10.234607: Yayy! New best EMA pseudo Dice: 0.7717999815940857 
2026-09-11 12:09:13.886600:  
2026-09-11 12:09:13.895589: Epoch 8 
2026-09-11 12:09:13.904092: Current learning rate: 0.00993 
2026-09-11 12:10:02.555399: train_loss -0.7648 
2026-09-11 12:10:02.574277: val_loss -0.7477 
2026-09-11 12:10:02.581881: Pseudo dice [np.float32(0.9031), np.float32(0.7864), np.float32(0.8065)] 
2026-09-11 12:10:02.590351: Epoch time: 48.67 s 
2026-09-11 12:10:02.598770: Yayy! New best EMA pseudo Dice: 0.7778000235557556 
2026-09-11 12:10:06.354615:  
2026-09-11 12:10:06.364706: Epoch 9 
2026-09-11 12:10:06.374537: Current learning rate: 0.00992 
2026-09-11 12:10:55.206423: train_loss -0.7718 
2026-09-11 12:10:55.215716: val_loss -0.7492 
2026-09-11 12:10:55.219285: Pseudo dice [np.float32(0.9018), np.float32(0.8196), np.float32(0.81)] 
2026-09-11 12:10:55.223660: Epoch time: 48.85 s 
2026-09-11 12:10:55.226856: Yayy! New best EMA pseudo Dice: 0.7843999862670898 
2026-09-11 12:10:58.709076:  
2026-09-11 12:10:58.712342: Epoch 10 
2026-09-11 12:10:58.715457: Current learning rate: 0.00991 
2026-09-11 12:11:47.446764: train_loss -0.7595 
2026-09-11 12:11:47.455919: val_loss -0.7532 
2026-09-11 12:11:47.459776: Pseudo dice [np.float32(0.916), np.float32(0.8156), np.float32(0.8186)] 
2026-09-11 12:11:47.463524: Epoch time: 48.74 s 
2026-09-11 12:11:47.466820: Yayy! New best EMA pseudo Dice: 0.7910000085830688 
2026-09-11 12:11:50.949179:  
2026-09-11 12:11:50.952718: Epoch 11 
2026-09-11 12:11:50.955727: Current learning rate: 0.0099 
2026-09-11 12:12:40.444365: train_loss -0.7803 
2026-09-11 12:12:40.453971: val_loss -0.7828 
2026-09-11 12:12:40.457038: Pseudo dice [np.float32(0.9119), np.float32(0.8301), np.float32(0.8286)] 
2026-09-11 12:12:40.462291: Epoch time: 49.5 s 
2026-09-11 12:12:40.464989: Yayy! New best EMA pseudo Dice: 0.7975999712944031 
2026-09-11 12:12:43.976699:  
2026-09-11 12:12:43.983538: Epoch 12 
2026-09-11 12:12:43.988025: Current learning rate: 0.00989 
2026-09-11 12:13:32.967880: train_loss -0.766 
2026-09-11 12:13:32.984048: val_loss -0.7507 
2026-09-11 12:13:32.987257: Pseudo dice [np.float32(0.9078), np.float32(0.7975), np.float32(0.8356)] 
2026-09-11 12:13:32.990695: Epoch time: 48.99 s 
2026-09-11 12:13:32.994052: Yayy! New best EMA pseudo Dice: 0.8025000095367432 
2026-09-11 12:13:36.458762:  
2026-09-11 12:13:36.462203: Epoch 13 
2026-09-11 12:13:36.465006: Current learning rate: 0.00988 
2026-09-11 12:14:26.106699: train_loss -0.7751 
2026-09-11 12:14:26.118543: val_loss -0.748 
2026-09-11 12:14:26.123267: Pseudo dice [np.float32(0.9079), np.float32(0.7907), np.float32(0.809)] 
2026-09-11 12:14:26.126932: Epoch time: 49.65 s 
2026-09-11 12:14:26.129377: Yayy! New best EMA pseudo Dice: 0.8058000206947327 
2026-09-11 12:14:29.585965:  
2026-09-11 12:14:29.589119: Epoch 14 
2026-09-11 12:14:29.591991: Current learning rate: 0.00987 
2026-09-11 12:15:18.107666: train_loss -0.7862 
2026-09-11 12:15:18.130389: val_loss -0.7609 
2026-09-11 12:15:18.138959: Pseudo dice [np.float32(0.9136), np.float32(0.793), np.float32(0.8234)] 
2026-09-11 12:15:18.148597: Epoch time: 48.52 s 
2026-09-11 12:15:18.157540: Yayy! New best EMA pseudo Dice: 0.8095999956130981 
2026-09-11 12:15:21.831439:  
2026-09-11 12:15:21.835159: Epoch 15 
2026-09-11 12:15:21.838492: Current learning rate: 0.00986 
2026-09-11 12:16:10.425038: train_loss -0.7911 
2026-09-11 12:16:10.450033: val_loss -0.7752 
2026-09-11 12:16:10.463468: Pseudo dice [np.float32(0.9205), np.float32(0.79), np.float32(0.8511)] 
2026-09-11 12:16:10.475956: Epoch time: 48.6 s 
2026-09-11 12:16:10.485351: Yayy! New best EMA pseudo Dice: 0.8140000104904175 
2026-09-11 12:16:14.251535:  
2026-09-11 12:16:14.254962: Epoch 16 
2026-09-11 12:16:14.257729: Current learning rate: 0.00986 
2026-09-11 12:17:03.474885: train_loss -0.7908 
2026-09-11 12:17:03.486031: val_loss -0.7948 
2026-09-11 12:17:03.489342: Pseudo dice [np.float32(0.9074), np.float32(0.8216), np.float32(0.8317)] 
2026-09-11 12:17:03.492712: Epoch time: 49.22 s 
2026-09-11 12:17:03.496187: Yayy! New best EMA pseudo Dice: 0.8180000185966492 
2026-09-11 12:17:07.046853:  
2026-09-11 12:17:07.050962: Epoch 17 
2026-09-11 12:17:07.054239: Current learning rate: 0.00985 
2026-09-11 12:17:55.417464: train_loss -0.7903 
2026-09-11 12:17:55.426640: val_loss -0.7631 
2026-09-11 12:17:55.429678: Pseudo dice [np.float32(0.9059), np.float32(0.8107), np.float32(0.8185)] 
2026-09-11 12:17:55.433508: Epoch time: 48.37 s 
2026-09-11 12:17:55.436536: Yayy! New best EMA pseudo Dice: 0.8206999897956848 
2026-09-11 12:17:58.898797:  
2026-09-11 12:17:58.903602: Epoch 18 
2026-09-11 12:17:58.907446: Current learning rate: 0.00984 
2026-09-11 12:18:47.227171: train_loss -0.7762 
2026-09-11 12:18:47.235189: val_loss -0.7747 
2026-09-11 12:18:47.238823: Pseudo dice [np.float32(0.9014), np.float32(0.8491), np.float32(0.8385)] 
2026-09-11 12:18:47.243225: Epoch time: 48.33 s 
2026-09-11 12:18:47.245914: Yayy! New best EMA pseudo Dice: 0.8248999714851379 
2026-09-11 12:18:50.679305:  
2026-09-11 12:18:50.687293: Epoch 19 
2026-09-11 12:18:50.689808: Current learning rate: 0.00983 
2026-09-11 12:19:39.299403: train_loss -0.775 
2026-09-11 12:19:39.308183: val_loss -0.7624 
2026-09-11 12:19:39.313035: Pseudo dice [np.float32(0.9182), np.float32(0.8225), np.float32(0.8452)] 
2026-09-11 12:19:39.316689: Epoch time: 48.62 s 
2026-09-11 12:19:39.319950: Yayy! New best EMA pseudo Dice: 0.8285999894142151 
2026-09-11 12:19:42.773092:  
2026-09-11 12:19:42.776858: Epoch 20 
2026-09-11 12:19:42.780289: Current learning rate: 0.00982 
2026-09-11 12:20:32.217230: train_loss -0.783 
2026-09-11 12:20:32.225849: val_loss -0.7442 
2026-09-11 12:20:32.228934: Pseudo dice [np.float32(0.9027), np.float32(0.7976), np.float32(0.8201)] 
2026-09-11 12:20:32.232938: Epoch time: 49.45 s 
2026-09-11 12:20:32.236156: Yayy! New best EMA pseudo Dice: 0.829800009727478 
2026-09-11 12:20:35.819093:  
2026-09-11 12:20:35.831898: Epoch 21 
2026-09-11 12:20:35.834703: Current learning rate: 0.00981 
2026-09-11 12:21:24.601974: train_loss -0.7849 
2026-09-11 12:21:24.620683: val_loss -0.7492 
2026-09-11 12:21:24.628285: Pseudo dice [np.float32(0.9203), np.float32(0.8178), np.float32(0.8292)] 
2026-09-11 12:21:24.636705: Epoch time: 48.78 s 
2026-09-11 12:21:24.645268: Yayy! New best EMA pseudo Dice: 0.8324000239372253 
2026-09-11 12:21:28.714823:  
2026-09-11 12:21:28.737123: Epoch 22 
2026-09-11 12:21:28.746977: Current learning rate: 0.0098 
2026-09-11 12:22:17.028815: train_loss -0.7968 
2026-09-11 12:22:17.038366: val_loss -0.7262 
2026-09-11 12:22:17.041337: Pseudo dice [np.float32(0.8852), np.float32(0.7836), np.float32(0.7892)] 
2026-09-11 12:22:17.047228: Epoch time: 48.32 s 
2026-09-11 12:22:18.070632:  
2026-09-11 12:22:18.078493: Epoch 23 
2026-09-11 12:22:18.080926: Current learning rate: 0.00979 
2026-09-11 12:23:07.313493: train_loss -0.7853 
2026-09-11 12:23:07.327150: val_loss -0.746 
2026-09-11 12:23:07.330911: Pseudo dice [np.float32(0.916), np.float32(0.8002), np.float32(0.7998)] 
2026-09-11 12:23:07.335201: Epoch time: 49.24 s 
2026-09-11 12:23:08.431979:  
2026-09-11 12:23:08.441377: Epoch 24 
2026-09-11 12:23:08.444164: Current learning rate: 0.00978 
2026-09-11 12:23:56.697939: train_loss -0.8098 
2026-09-11 12:23:56.771500: val_loss -0.7934 
2026-09-11 12:23:56.799972: Pseudo dice [np.float32(0.9131), np.float32(0.8332), np.float32(0.848)] 
2026-09-11 12:23:56.836916: Epoch time: 48.27 s 
2026-09-11 12:23:56.857263: Yayy! New best EMA pseudo Dice: 0.835099995136261 
2026-09-11 12:24:00.515580:  
2026-09-11 12:24:00.519395: Epoch 25 
2026-09-11 12:24:00.522744: Current learning rate: 0.00977 
2026-09-11 12:24:50.973343: train_loss -0.7826 
2026-09-11 12:24:50.982722: val_loss -0.7918 
2026-09-11 12:24:50.985162: Pseudo dice [np.float32(0.917), np.float32(0.8139), np.float32(0.8246)] 
2026-09-11 12:24:50.988808: Epoch time: 50.46 s 
2026-09-11 12:24:50.992824: Yayy! New best EMA pseudo Dice: 0.8367999792098999 
2026-09-11 12:24:55.415093:  
2026-09-11 12:24:55.428704: Epoch 26 
2026-09-11 12:24:55.438751: Current learning rate: 0.00977 
2026-09-11 12:25:44.564100: train_loss -0.8001 
2026-09-11 12:25:44.586509: val_loss -0.7973 
2026-09-11 12:25:44.593883: Pseudo dice [np.float32(0.918), np.float32(0.83), np.float32(0.8469)] 
2026-09-11 12:25:44.606032: Epoch time: 49.15 s 
2026-09-11 12:25:44.616249: Yayy! New best EMA pseudo Dice: 0.8396000266075134 
2026-09-11 12:25:47.981355:  
2026-09-11 12:25:47.985118: Epoch 27 
2026-09-11 12:25:47.988078: Current learning rate: 0.00976 
2026-09-11 12:26:37.611928: train_loss -0.8067 
2026-09-11 12:26:37.621390: val_loss -0.7838 
2026-09-11 12:26:37.623896: Pseudo dice [np.float32(0.9224), np.float32(0.8), np.float32(0.8437)] 
2026-09-11 12:26:37.627550: Epoch time: 49.63 s 
2026-09-11 12:26:37.630490: Yayy! New best EMA pseudo Dice: 0.8411999940872192 
2026-09-11 12:26:41.017987:  
2026-09-11 12:26:41.021479: Epoch 28 
2026-09-11 12:26:41.024996: Current learning rate: 0.00975 
2026-09-11 12:27:30.187057: train_loss -0.817 
2026-09-11 12:27:30.199616: val_loss -0.7982 
2026-09-11 12:27:30.203049: Pseudo dice [np.float32(0.9239), np.float32(0.8388), np.float32(0.8428)] 
2026-09-11 12:27:30.207093: Epoch time: 49.17 s 
2026-09-11 12:27:30.210070: Yayy! New best EMA pseudo Dice: 0.8439000248908997 
2026-09-11 12:27:33.647490:  
2026-09-11 12:27:33.651116: Epoch 29 
2026-09-11 12:27:33.653993: Current learning rate: 0.00974 
2026-09-11 12:28:24.534443: train_loss -0.8104 
2026-09-11 12:28:24.568204: val_loss -0.7879 
2026-09-11 12:28:24.578286: Pseudo dice [np.float32(0.9202), np.float32(0.8277), np.float32(0.8348)] 
2026-09-11 12:28:24.588445: Epoch time: 50.89 s 
2026-09-11 12:28:24.601470: Yayy! New best EMA pseudo Dice: 0.8456000089645386 
2026-09-11 12:28:29.095577:  
2026-09-11 12:28:29.104123: Epoch 30 
2026-09-11 12:28:29.111966: Current learning rate: 0.00973 
2026-09-11 12:29:17.642486: train_loss -0.8027 
2026-09-11 12:29:17.653384: val_loss -0.8082 
2026-09-11 12:29:17.656162: Pseudo dice [np.float32(0.9253), np.float32(0.8514), np.float32(0.8388)] 
2026-09-11 12:29:17.659673: Epoch time: 48.55 s 
2026-09-11 12:29:17.663105: Yayy! New best EMA pseudo Dice: 0.8482000231742859 
2026-09-11 12:29:21.155062:  
2026-09-11 12:29:21.159633: Epoch 31 
2026-09-11 12:29:21.162804: Current learning rate: 0.00972 
2026-09-11 12:30:09.589174: train_loss -0.8031 
2026-09-11 12:30:09.598221: val_loss -0.7851 
2026-09-11 12:30:09.601537: Pseudo dice [np.float32(0.9176), np.float32(0.8402), np.float32(0.8168)] 
2026-09-11 12:30:09.605016: Epoch time: 48.44 s 
2026-09-11 12:30:09.607802: Yayy! New best EMA pseudo Dice: 0.8492000102996826 
2026-09-11 12:30:13.140866:  
2026-09-11 12:30:13.144508: Epoch 32 
2026-09-11 12:30:13.147346: Current learning rate: 0.00971 
2026-09-11 12:31:03.040223: train_loss -0.7919 
2026-09-11 12:31:03.049699: val_loss -0.7711 
2026-09-11 12:31:03.053133: Pseudo dice [np.float32(0.9124), np.float32(0.8156), np.float32(0.8268)] 
2026-09-11 12:31:03.057561: Epoch time: 49.9 s 
2026-09-11 12:31:03.060902: Yayy! New best EMA pseudo Dice: 0.8495000004768372 
2026-09-11 12:31:06.734581:  
2026-09-11 12:31:06.747391: Epoch 33 
2026-09-11 12:31:06.757362: Current learning rate: 0.0097 
2026-09-11 12:31:56.055037: train_loss -0.7907 
2026-09-11 12:31:56.085821: val_loss -0.8061 
2026-09-11 12:31:56.097616: Pseudo dice [np.float32(0.9194), np.float32(0.8433), np.float32(0.8464)] 
2026-09-11 12:31:56.113142: Epoch time: 49.32 s 
2026-09-11 12:31:56.125042: Yayy! New best EMA pseudo Dice: 0.8514999747276306 
2026-09-11 12:31:59.906178:  
2026-09-11 12:31:59.926725: Epoch 34 
2026-09-11 12:31:59.936895: Current learning rate: 0.00969 
2026-09-11 12:32:48.994976: train_loss -0.7933 
2026-09-11 12:32:49.017007: val_loss -0.7684 
2026-09-11 12:32:49.024286: Pseudo dice [np.float32(0.8933), np.float32(0.8567), np.float32(0.8247)] 
2026-09-11 12:32:49.033180: Epoch time: 49.09 s 
2026-09-11 12:32:49.039996: Yayy! New best EMA pseudo Dice: 0.8521999716758728 
2026-09-11 12:32:52.529216:  
2026-09-11 12:32:52.534068: Epoch 35 
2026-09-11 12:32:52.537387: Current learning rate: 0.00968 
2026-09-11 12:33:41.247795: train_loss -0.791 
2026-09-11 12:33:41.257639: val_loss -0.7945 
2026-09-11 12:33:41.260948: Pseudo dice [np.float32(0.9034), np.float32(0.8159), np.float32(0.8525)] 
2026-09-11 12:33:41.264305: Epoch time: 48.72 s 
2026-09-11 12:33:41.267678: Yayy! New best EMA pseudo Dice: 0.8526999950408936 
2026-09-11 12:33:44.766663:  
2026-09-11 12:33:44.771115: Epoch 36 
2026-09-11 12:33:44.774308: Current learning rate: 0.00968 
2026-09-11 12:34:33.749365: train_loss -0.798 
2026-09-11 12:34:33.760431: val_loss -0.7619 
2026-09-11 12:34:33.764352: Pseudo dice [np.float32(0.9123), np.float32(0.7943), np.float32(0.8274)] 
2026-09-11 12:34:33.768167: Epoch time: 48.98 s 
2026-09-11 12:34:34.831869:  
2026-09-11 12:34:34.847378: Epoch 37 
2026-09-11 12:34:34.850551: Current learning rate: 0.00967 
2026-09-11 12:35:24.961192: train_loss -0.7909 
2026-09-11 12:35:24.970796: val_loss -0.7995 
2026-09-11 12:35:24.974307: Pseudo dice [np.float32(0.9155), np.float32(0.8417), np.float32(0.8371)] 
2026-09-11 12:35:24.978622: Epoch time: 50.13 s 
2026-09-11 12:35:24.982586: Yayy! New best EMA pseudo Dice: 0.8532000184059143 
2026-09-11 12:35:28.487475:  
2026-09-11 12:35:28.491182: Epoch 38 
2026-09-11 12:35:28.493878: Current learning rate: 0.00966 
2026-09-11 12:36:17.977864: train_loss -0.7951 
2026-09-11 12:36:17.993671: val_loss -0.8008 
2026-09-11 12:36:17.997132: Pseudo dice [np.float32(0.9124), np.float32(0.8206), np.float32(0.8405)] 
2026-09-11 12:36:18.001726: Epoch time: 49.49 s 
2026-09-11 12:36:18.006563: Yayy! New best EMA pseudo Dice: 0.853600025177002 
2026-09-11 12:36:21.801880:  
2026-09-11 12:36:21.807485: Epoch 39 
2026-09-11 12:36:21.812813: Current learning rate: 0.00965 
2026-09-11 12:37:10.381867: train_loss -0.8088 
2026-09-11 12:37:10.390537: val_loss -0.8112 
2026-09-11 12:37:10.393491: Pseudo dice [np.float32(0.9264), np.float32(0.8473), np.float32(0.8576)] 
2026-09-11 12:37:10.396866: Epoch time: 48.58 s 
2026-09-11 12:37:10.399599: Yayy! New best EMA pseudo Dice: 0.8560000061988831 
2026-09-11 12:37:14.173485:  
2026-09-11 12:37:14.177294: Epoch 40 
2026-09-11 12:37:14.180221: Current learning rate: 0.00964 
2026-09-11 12:38:03.446007: train_loss -0.7989 
2026-09-11 12:38:03.455449: val_loss -0.7855 
2026-09-11 12:38:03.461481: Pseudo dice [np.float32(0.9241), np.float32(0.853), np.float32(0.8555)] 
2026-09-11 12:38:03.465415: Epoch time: 49.27 s 
2026-09-11 12:38:03.470115: Yayy! New best EMA pseudo Dice: 0.8580999970436096 
2026-09-11 12:38:06.981132:  
2026-09-11 12:38:06.984960: Epoch 41 
2026-09-11 12:38:06.987724: Current learning rate: 0.00963 
2026-09-11 12:38:55.262398: train_loss -0.8092 
2026-09-11 12:38:55.276012: val_loss -0.7978 
2026-09-11 12:38:55.278925: Pseudo dice [np.float32(0.9207), np.float32(0.8348), np.float32(0.8371)] 
2026-09-11 12:38:55.282160: Epoch time: 48.28 s 
2026-09-11 12:38:55.284883: Yayy! New best EMA pseudo Dice: 0.8586999773979187 
2026-09-11 12:38:58.746914:  
2026-09-11 12:38:58.750731: Epoch 42 
2026-09-11 12:38:58.753458: Current learning rate: 0.00962 
2026-09-11 12:39:47.230354: train_loss -0.8164 
2026-09-11 12:39:47.241417: val_loss -0.7794 
2026-09-11 12:39:47.245387: Pseudo dice [np.float32(0.9186), np.float32(0.7844), np.float32(0.8458)] 
2026-09-11 12:39:47.250258: Epoch time: 48.48 s 
2026-09-11 12:39:48.264827:  
2026-09-11 12:39:48.280299: Epoch 43 
2026-09-11 12:39:48.284342: Current learning rate: 0.00961 
2026-09-11 12:40:37.036306: train_loss -0.809 
2026-09-11 12:40:37.047094: val_loss -0.803 
2026-09-11 12:40:37.050080: Pseudo dice [np.float32(0.9225), np.float32(0.798), np.float32(0.8517)] 
2026-09-11 12:40:37.053626: Epoch time: 48.77 s 
2026-09-11 12:40:38.085327:  
2026-09-11 12:40:38.094575: Epoch 44 
2026-09-11 12:40:38.097141: Current learning rate: 0.0096 
2026-09-11 12:41:26.777062: train_loss -0.8042 
2026-09-11 12:41:26.788053: val_loss -0.7775 
2026-09-11 12:41:26.792385: Pseudo dice [np.float32(0.9147), np.float32(0.8366), np.float32(0.808)] 
2026-09-11 12:41:26.797539: Epoch time: 48.69 s 
2026-09-11 12:41:27.882916:  
2026-09-11 12:41:27.899022: Epoch 45 
2026-09-11 12:41:27.904357: Current learning rate: 0.00959 
2026-09-11 12:42:17.010397: train_loss -0.8227 
2026-09-11 12:42:17.023155: val_loss -0.7942 
2026-09-11 12:42:17.026491: Pseudo dice [np.float32(0.9168), np.float32(0.8245), np.float32(0.8299)] 
2026-09-11 12:42:17.030905: Epoch time: 49.13 s 
2026-09-11 12:42:18.800364:  
2026-09-11 12:42:18.804384: Epoch 46 
2026-09-11 12:42:18.807378: Current learning rate: 0.00959 
2026-09-11 12:43:07.815892: train_loss -0.8087 
2026-09-11 12:43:07.830744: val_loss -0.7753 
2026-09-11 12:43:07.834206: Pseudo dice [np.float32(0.913), np.float32(0.8311), np.float32(0.8407)] 
2026-09-11 12:43:07.839476: Epoch time: 49.02 s 
2026-09-11 12:43:08.908623:  
2026-09-11 12:43:08.930238: Epoch 47 
2026-09-11 12:43:08.933060: Current learning rate: 0.00958 
2026-09-11 12:43:57.772796: train_loss -0.8096 
2026-09-11 12:43:57.787817: val_loss -0.7793 
2026-09-11 12:43:57.791074: Pseudo dice [np.float32(0.9253), np.float32(0.8376), np.float32(0.848)] 
2026-09-11 12:43:57.795427: Epoch time: 48.86 s 
2026-09-11 12:43:57.798250: Yayy! New best EMA pseudo Dice: 0.859000027179718 
2026-09-11 12:44:01.366208:  
2026-09-11 12:44:01.370793: Epoch 48 
2026-09-11 12:44:01.374387: Current learning rate: 0.00957 
2026-09-11 12:44:49.749352: train_loss -0.8124 
2026-09-11 12:44:49.762872: val_loss -0.8075 
2026-09-11 12:44:49.765609: Pseudo dice [np.float32(0.9245), np.float32(0.8456), np.float32(0.8701)] 
2026-09-11 12:44:49.769543: Epoch time: 48.38 s 
2026-09-11 12:44:49.772596: Yayy! New best EMA pseudo Dice: 0.8611000180244446 
2026-09-11 12:44:53.330449:  
2026-09-11 12:44:53.334823: Epoch 49 
2026-09-11 12:44:53.338115: Current learning rate: 0.00956 
2026-09-11 12:45:43.247481: train_loss -0.8112 
2026-09-11 12:45:43.260324: val_loss -0.8108 
2026-09-11 12:45:43.263568: Pseudo dice [np.float32(0.9256), np.float32(0.8405), np.float32(0.8496)] 
2026-09-11 12:45:43.268194: Epoch time: 49.92 s 
2026-09-11 12:45:45.563174: Yayy! New best EMA pseudo Dice: 0.8622000217437744 
2026-09-11 12:45:49.250647:  
2026-09-11 12:45:49.254920: Epoch 50 
2026-09-11 12:45:49.257811: Current learning rate: 0.00955 
2026-09-11 12:46:37.464680: train_loss -0.8165 
2026-09-11 12:46:37.486226: val_loss -0.8237 
2026-09-11 12:46:37.492306: Pseudo dice [np.float32(0.9267), np.float32(0.8724), np.float32(0.8687)] 
2026-09-11 12:46:37.495756: Epoch time: 48.22 s 
2026-09-11 12:46:37.498108: Yayy! New best EMA pseudo Dice: 0.8648999929428101 
2026-09-11 12:46:40.969659:  
2026-09-11 12:46:40.973745: Epoch 51 
2026-09-11 12:46:40.976825: Current learning rate: 0.00954 
2026-09-11 12:47:29.299936: train_loss -0.8165 
2026-09-11 12:47:29.312612: val_loss -0.8071 
2026-09-11 12:47:29.315684: Pseudo dice [np.float32(0.9279), np.float32(0.8348), np.float32(0.8557)] 
2026-09-11 12:47:29.319727: Epoch time: 48.33 s 
2026-09-11 12:47:29.322740: Yayy! New best EMA pseudo Dice: 0.8657000064849854 
2026-09-11 12:47:32.895856:  
2026-09-11 12:47:32.899678: Epoch 52 
2026-09-11 12:47:32.902359: Current learning rate: 0.00953 
2026-09-11 12:48:22.134547: train_loss -0.8184 
2026-09-11 12:48:22.150349: val_loss -0.7977 
2026-09-11 12:48:22.154201: Pseudo dice [np.float32(0.9153), np.float32(0.8229), np.float32(0.8389)] 
2026-09-11 12:48:22.159601: Epoch time: 49.24 s 
2026-09-11 12:48:23.235026:  
2026-09-11 12:48:23.259139: Epoch 53 
2026-09-11 12:48:23.263146: Current learning rate: 0.00952 
2026-09-11 12:49:12.108010: train_loss -0.8336 
2026-09-11 12:49:12.120753: val_loss -0.7921 
2026-09-11 12:49:12.123685: Pseudo dice [np.float32(0.9238), np.float32(0.8194), np.float32(0.8522)] 
2026-09-11 12:49:12.127807: Epoch time: 48.87 s 
2026-09-11 12:49:13.169363:  
2026-09-11 12:49:13.194067: Epoch 54 
2026-09-11 12:49:13.197241: Current learning rate: 0.00951 
2026-09-11 12:50:01.687324: train_loss -0.8227 
2026-09-11 12:50:01.700629: val_loss -0.8152 
2026-09-11 12:50:01.703876: Pseudo dice [np.float32(0.9149), np.float32(0.8531), np.float32(0.8606)] 
2026-09-11 12:50:01.707679: Epoch time: 48.52 s 
2026-09-11 12:50:01.710225: Yayy! New best EMA pseudo Dice: 0.866100013256073 
2026-09-11 12:50:05.243119:  
2026-09-11 12:50:05.247020: Epoch 55 
2026-09-11 12:50:05.249861: Current learning rate: 0.0095 
2026-09-11 12:50:53.911135: train_loss -0.8267 
2026-09-11 12:50:53.924324: val_loss -0.8138 
2026-09-11 12:50:53.927058: Pseudo dice [np.float32(0.9266), np.float32(0.8568), np.float32(0.8574)] 
2026-09-11 12:50:53.931253: Epoch time: 48.67 s 
2026-09-11 12:50:53.934953: Yayy! New best EMA pseudo Dice: 0.8675000071525574 
2026-09-11 12:50:57.560309:  
2026-09-11 12:50:57.564930: Epoch 56 
2026-09-11 12:50:57.568481: Current learning rate: 0.00949 
2026-09-11 12:51:45.922825: train_loss -0.8284 
2026-09-11 12:51:45.935520: val_loss -0.8141 
2026-09-11 12:51:45.938283: Pseudo dice [np.float32(0.9242), np.float32(0.8406), np.float32(0.8066)] 
2026-09-11 12:51:45.943958: Epoch time: 48.36 s 
2026-09-11 12:51:47.052953:  
2026-09-11 12:51:47.066364: Epoch 57 
2026-09-11 12:51:47.069260: Current learning rate: 0.00949 
2026-09-11 12:52:35.528709: train_loss -0.8344 
2026-09-11 12:52:35.542890: val_loss -0.7869 
2026-09-11 12:52:35.546014: Pseudo dice [np.float32(0.9237), np.float32(0.8432), np.float32(0.8576)] 
2026-09-11 12:52:35.550185: Epoch time: 48.48 s 
2026-09-11 12:52:36.570275:  
2026-09-11 12:52:36.592646: Epoch 58 
2026-09-11 12:52:36.595528: Current learning rate: 0.00948 
2026-09-11 12:53:26.168867: train_loss -0.8335 
2026-09-11 12:53:26.182757: val_loss -0.8052 
2026-09-11 12:53:26.185738: Pseudo dice [np.float32(0.9276), np.float32(0.8592), np.float32(0.86)] 
2026-09-11 12:53:26.189765: Epoch time: 49.6 s 
2026-09-11 12:53:26.192609: Yayy! New best EMA pseudo Dice: 0.8687999844551086 
2026-09-11 12:53:29.676270:  
2026-09-11 12:53:29.680886: Epoch 59 
2026-09-11 12:53:29.683894: Current learning rate: 0.00947 
2026-09-11 12:54:17.875623: train_loss -0.8303 
2026-09-11 12:54:17.890954: val_loss -0.8161 
2026-09-11 12:54:17.896089: Pseudo dice [np.float32(0.9253), np.float32(0.8435), np.float32(0.8254)] 
2026-09-11 12:54:17.900192: Epoch time: 48.2 s 
2026-09-11 12:54:18.960453:  
2026-09-11 12:54:18.982936: Epoch 60 
2026-09-11 12:54:18.986302: Current learning rate: 0.00946 
2026-09-11 12:55:09.347198: train_loss -0.8233 
2026-09-11 12:55:09.356126: val_loss -0.7955 
2026-09-11 12:55:09.359284: Pseudo dice [np.float32(0.9234), np.float32(0.841), np.float32(0.8521)] 
2026-09-11 12:55:09.366443: Epoch time: 50.39 s 
2026-09-11 12:55:10.502128:  
2026-09-11 12:55:10.511087: Epoch 61 
2026-09-11 12:55:10.513871: Current learning rate: 0.00945 
2026-09-11 12:55:59.394113: train_loss -0.8286 
2026-09-11 12:55:59.402269: val_loss -0.8189 
2026-09-11 12:55:59.404974: Pseudo dice [np.float32(0.9243), np.float32(0.8524), np.float32(0.8482)] 
2026-09-11 12:55:59.408337: Epoch time: 48.89 s 
2026-09-11 12:55:59.410563: Yayy! New best EMA pseudo Dice: 0.8694000244140625 
2026-09-11 12:56:02.865020:  
2026-09-11 12:56:02.868940: Epoch 62 
2026-09-11 12:56:02.871700: Current learning rate: 0.00944 
2026-09-11 12:56:51.164704: train_loss -0.8275 
2026-09-11 12:56:51.172717: val_loss -0.7764 
2026-09-11 12:56:51.175634: Pseudo dice [np.float32(0.9157), np.float32(0.8238), np.float32(0.8134)] 
2026-09-11 12:56:51.179685: Epoch time: 48.3 s 
2026-09-11 12:56:52.193440:  
2026-09-11 12:56:52.201317: Epoch 63 
2026-09-11 12:56:52.204104: Current learning rate: 0.00943 
2026-09-11 12:57:40.873155: train_loss -0.8244 
2026-09-11 12:57:40.881886: val_loss -0.7882 
2026-09-11 12:57:40.884765: Pseudo dice [np.float32(0.9091), np.float32(0.8229), np.float32(0.8583)] 
2026-09-11 12:57:40.888298: Epoch time: 48.68 s 
2026-09-11 12:57:41.910594:  
2026-09-11 12:57:41.917190: Epoch 64 
2026-09-11 12:57:41.920024: Current learning rate: 0.00942 
2026-09-11 12:58:30.818511: train_loss -0.8243 
2026-09-11 12:58:30.827598: val_loss -0.7882 
2026-09-11 12:58:30.830445: Pseudo dice [np.float32(0.923), np.float32(0.8086), np.float32(0.8392)] 
2026-09-11 12:58:30.834131: Epoch time: 48.91 s 
2026-09-11 12:58:31.893964:  
2026-09-11 12:58:31.907007: Epoch 65 
2026-09-11 12:58:31.910050: Current learning rate: 0.00941 
2026-09-11 12:59:20.318743: train_loss -0.8321 
2026-09-11 12:59:20.327060: val_loss -0.7996 
2026-09-11 12:59:20.329787: Pseudo dice [np.float32(0.929), np.float32(0.8379), np.float32(0.8521)] 
2026-09-11 12:59:20.333287: Epoch time: 48.43 s 
2026-09-11 12:59:22.268890:  
2026-09-11 12:59:22.272777: Epoch 66 
2026-09-11 12:59:22.275396: Current learning rate: 0.0094 
2026-09-11 13:00:10.895070: train_loss -0.8321 
2026-09-11 13:00:10.903934: val_loss -0.7919 
2026-09-11 13:00:10.906870: Pseudo dice [np.float32(0.9216), np.float32(0.8428), np.float32(0.8373)] 
2026-09-11 13:00:10.910519: Epoch time: 48.63 s 
2026-09-11 13:00:11.986548:  
2026-09-11 13:00:11.999141: Epoch 67 
2026-09-11 13:00:12.002013: Current learning rate: 0.00939 
2026-09-11 13:01:00.537962: train_loss -0.8211 
2026-09-11 13:01:00.546594: val_loss -0.7699 
2026-09-11 13:01:00.549466: Pseudo dice [np.float32(0.923), np.float32(0.8073), np.float32(0.8218)] 
2026-09-11 13:01:00.552761: Epoch time: 48.55 s 
2026-09-11 13:01:01.635518:  
2026-09-11 13:01:01.643682: Epoch 68 
2026-09-11 13:01:01.646589: Current learning rate: 0.00939 
2026-09-11 13:01:50.061234: train_loss -0.8226 
2026-09-11 13:01:50.070819: val_loss -0.7757 
2026-09-11 13:01:50.073875: Pseudo dice [np.float32(0.9314), np.float32(0.8198), np.float32(0.8397)] 
2026-09-11 13:01:50.077360: Epoch time: 48.43 s 
2026-09-11 13:01:51.124625:  
2026-09-11 13:01:51.133730: Epoch 69 
2026-09-11 13:01:51.136738: Current learning rate: 0.00938 
2026-09-11 13:02:40.227073: train_loss -0.8287 
2026-09-11 13:02:40.241677: val_loss -0.7638 
2026-09-11 13:02:40.245812: Pseudo dice [np.float32(0.9234), np.float32(0.7947), np.float32(0.8455)] 
2026-09-11 13:02:40.250584: Epoch time: 49.1 s 
2026-09-11 13:02:41.299136:  
2026-09-11 13:02:41.312690: Epoch 70 
2026-09-11 13:02:41.315428: Current learning rate: 0.00937 
2026-09-11 13:03:29.908262: train_loss -0.8229 
2026-09-11 13:03:29.916863: val_loss -0.8006 
2026-09-11 13:03:29.919568: Pseudo dice [np.float32(0.9178), np.float32(0.8185), np.float32(0.8516)] 
2026-09-11 13:03:29.923019: Epoch time: 48.61 s 
2026-09-11 13:03:30.958477:  
2026-09-11 13:03:30.971959: Epoch 71 
2026-09-11 13:03:30.974891: Current learning rate: 0.00936 
2026-09-11 13:04:19.392961: train_loss -0.8146 
2026-09-11 13:04:19.407598: val_loss -0.7835 
2026-09-11 13:04:19.414474: Pseudo dice [np.float32(0.8984), np.float32(0.8392), np.float32(0.83)] 
2026-09-11 13:04:19.418341: Epoch time: 48.44 s 
2026-09-11 13:04:20.425658:  
2026-09-11 13:04:20.438327: Epoch 72 
2026-09-11 13:04:20.441262: Current learning rate: 0.00935 
2026-09-11 13:05:08.754585: train_loss -0.8025 
2026-09-11 13:05:08.766360: val_loss -0.7959 
2026-09-11 13:05:08.769353: Pseudo dice [np.float32(0.9232), np.float32(0.8601), np.float32(0.8587)] 
2026-09-11 13:05:08.772785: Epoch time: 48.33 s 
2026-09-11 13:05:09.816704:  
2026-09-11 13:05:09.828014: Epoch 73 
2026-09-11 13:05:09.830410: Current learning rate: 0.00934 
2026-09-11 13:05:58.562453: train_loss -0.8216 
2026-09-11 13:05:58.570632: val_loss -0.8116 
2026-09-11 13:05:58.573318: Pseudo dice [np.float32(0.9282), np.float32(0.828), np.float32(0.8653)] 
2026-09-11 13:05:58.576697: Epoch time: 48.75 s 
2026-09-11 13:05:59.591090:  
2026-09-11 13:05:59.599022: Epoch 74 
2026-09-11 13:05:59.601831: Current learning rate: 0.00933 
2026-09-11 13:06:48.009485: train_loss -0.8296 
2026-09-11 13:06:48.017781: val_loss -0.7883 
2026-09-11 13:06:48.020818: Pseudo dice [np.float32(0.9135), np.float32(0.8223), np.float32(0.8464)] 
2026-09-11 13:06:48.024503: Epoch time: 48.42 s 
2026-09-11 13:06:49.043149:  
2026-09-11 13:06:49.052430: Epoch 75 
2026-09-11 13:06:49.055122: Current learning rate: 0.00932 
2026-09-11 13:07:37.457451: train_loss -0.8304 
2026-09-11 13:07:37.465780: val_loss -0.7979 
2026-09-11 13:07:37.468986: Pseudo dice [np.float32(0.9281), np.float32(0.8566), np.float32(0.831)] 
2026-09-11 13:07:37.472907: Epoch time: 48.42 s 
2026-09-11 13:07:38.545743:  
2026-09-11 13:07:38.553246: Epoch 76 
2026-09-11 13:07:38.556037: Current learning rate: 0.00931 
2026-09-11 13:08:27.079875: train_loss -0.8332 
2026-09-11 13:08:27.088290: val_loss -0.8019 
2026-09-11 13:08:27.091524: Pseudo dice [np.float32(0.9133), np.float32(0.8489), np.float32(0.8532)] 
2026-09-11 13:08:27.095260: Epoch time: 48.54 s 
2026-09-11 13:08:28.194025:  
2026-09-11 13:08:28.204407: Epoch 77 
2026-09-11 13:08:28.207406: Current learning rate: 0.0093 
2026-09-11 13:09:16.944417: train_loss -0.8353 
2026-09-11 13:09:16.952939: val_loss -0.7864 
2026-09-11 13:09:16.955905: Pseudo dice [np.float32(0.9284), np.float32(0.8449), np.float32(0.87)] 
2026-09-11 13:09:16.959608: Epoch time: 48.75 s 
2026-09-11 13:09:18.029947:  
2026-09-11 13:09:18.037968: Epoch 78 
2026-09-11 13:09:18.040381: Current learning rate: 0.0093 
2026-09-11 13:10:06.692117: train_loss -0.8337 
2026-09-11 13:10:06.705320: val_loss -0.8558 
2026-09-11 13:10:06.710751: Pseudo dice [np.float32(0.9271), np.float32(0.9025), np.float32(0.8798)] 
2026-09-11 13:10:06.714803: Epoch time: 48.66 s 
2026-09-11 13:10:06.718446: Yayy! New best EMA pseudo Dice: 0.8715000152587891 
2026-09-11 13:10:10.875585:  
2026-09-11 13:10:10.879598: Epoch 79 
2026-09-11 13:10:10.882262: Current learning rate: 0.00929 
2026-09-11 13:10:59.392076: train_loss -0.8342 
2026-09-11 13:10:59.402526: val_loss -0.7848 
2026-09-11 13:10:59.405450: Pseudo dice [np.float32(0.921), np.float32(0.8062), np.float32(0.843)] 
2026-09-11 13:10:59.408957: Epoch time: 48.52 s 
2026-09-11 13:11:00.456470:  
2026-09-11 13:11:00.468118: Epoch 80 
2026-09-11 13:11:00.470534: Current learning rate: 0.00928 
2026-09-11 13:11:48.784463: train_loss -0.8328 
2026-09-11 13:11:48.792252: val_loss -0.8314 
2026-09-11 13:11:48.795195: Pseudo dice [np.float32(0.9244), np.float32(0.8876), np.float32(0.8658)] 
2026-09-11 13:11:48.798769: Epoch time: 48.33 s 
2026-09-11 13:11:48.801550: Yayy! New best EMA pseudo Dice: 0.8723000288009644 
2026-09-11 13:11:52.349359:  
2026-09-11 13:11:52.354867: Epoch 81 
2026-09-11 13:11:52.358514: Current learning rate: 0.00927 
2026-09-11 13:12:40.544457: train_loss -0.8281 
2026-09-11 13:12:40.554253: val_loss -0.7765 
2026-09-11 13:12:40.556720: Pseudo dice [np.float32(0.9108), np.float32(0.7936), np.float32(0.824)] 
2026-09-11 13:12:40.559980: Epoch time: 48.2 s 
2026-09-11 13:12:41.576818:  
2026-09-11 13:12:41.590820: Epoch 82 
2026-09-11 13:12:41.592957: Current learning rate: 0.00926 
2026-09-11 13:13:29.924868: train_loss -0.8324 
2026-09-11 13:13:29.932571: val_loss -0.8048 
2026-09-11 13:13:29.935463: Pseudo dice [np.float32(0.9199), np.float32(0.8419), np.float32(0.8512)] 
2026-09-11 13:13:29.938653: Epoch time: 48.35 s 
2026-09-11 13:13:30.932822:  
2026-09-11 13:13:30.944210: Epoch 83 
2026-09-11 13:13:30.947031: Current learning rate: 0.00925 
2026-09-11 13:14:20.233546: train_loss -0.8398 
2026-09-11 13:14:20.244875: val_loss -0.8353 
2026-09-11 13:14:20.248239: Pseudo dice [np.float32(0.9333), np.float32(0.8776), np.float32(0.859)] 
2026-09-11 13:14:20.252589: Epoch time: 49.3 s 
2026-09-11 13:14:21.341104:  
2026-09-11 13:14:21.352254: Epoch 84 
2026-09-11 13:14:21.355757: Current learning rate: 0.00924 
2026-09-11 13:15:09.538355: train_loss -0.8268 
2026-09-11 13:15:09.547018: val_loss -0.8222 
2026-09-11 13:15:09.549726: Pseudo dice [np.float32(0.9281), np.float32(0.8557), np.float32(0.859)] 
2026-09-11 13:15:09.553319: Epoch time: 48.2 s 
2026-09-11 13:15:09.555806: Yayy! New best EMA pseudo Dice: 0.8725000023841858 
2026-09-11 13:15:13.056087:  
2026-09-11 13:15:13.059812: Epoch 85 
2026-09-11 13:15:13.062452: Current learning rate: 0.00923 
2026-09-11 13:16:01.214262: train_loss -0.8413 
2026-09-11 13:16:01.222862: val_loss -0.8177 
2026-09-11 13:16:01.225616: Pseudo dice [np.float32(0.9248), np.float32(0.8469), np.float32(0.8394)] 
2026-09-11 13:16:01.229316: Epoch time: 48.16 s 
2026-09-11 13:16:02.252630:  
2026-09-11 13:16:02.261732: Epoch 86 
2026-09-11 13:16:02.267267: Current learning rate: 0.00922 
2026-09-11 13:16:50.563941: train_loss -0.8328 
2026-09-11 13:16:50.576138: val_loss -0.8143 
2026-09-11 13:16:50.578953: Pseudo dice [np.float32(0.9287), np.float32(0.8636), np.float32(0.866)] 
2026-09-11 13:16:50.582416: Epoch time: 48.31 s 
2026-09-11 13:16:50.584857: Yayy! New best EMA pseudo Dice: 0.8736000061035156 
2026-09-11 13:16:54.776252:  
2026-09-11 13:16:54.779738: Epoch 87 
2026-09-11 13:16:54.782644: Current learning rate: 0.00921 
2026-09-11 13:17:43.256861: train_loss -0.8244 
2026-09-11 13:17:43.265040: val_loss -0.7934 
2026-09-11 13:17:43.267590: Pseudo dice [np.float32(0.9272), np.float32(0.8312), np.float32(0.8671)] 
2026-09-11 13:17:43.270934: Epoch time: 48.48 s 
2026-09-11 13:17:43.273428: Yayy! New best EMA pseudo Dice: 0.8737999796867371 
2026-09-11 13:17:46.695136:  
2026-09-11 13:17:46.698928: Epoch 88 
2026-09-11 13:17:46.701806: Current learning rate: 0.0092 
2026-09-11 13:18:35.539644: train_loss -0.8252 
2026-09-11 13:18:35.548427: val_loss -0.7907 
2026-09-11 13:18:35.551093: Pseudo dice [np.float32(0.9247), np.float32(0.8393), np.float32(0.85)] 
2026-09-11 13:18:35.554444: Epoch time: 48.85 s 
2026-09-11 13:18:36.598683:  
2026-09-11 13:18:36.608816: Epoch 89 
2026-09-11 13:18:36.611372: Current learning rate: 0.0092 
2026-09-11 13:19:24.915686: train_loss -0.8385 
2026-09-11 13:19:24.924011: val_loss -0.8171 
2026-09-11 13:19:24.926716: Pseudo dice [np.float32(0.9249), np.float32(0.8503), np.float32(0.8538)] 
2026-09-11 13:19:24.930316: Epoch time: 48.32 s 
2026-09-11 13:19:24.932903: Yayy! New best EMA pseudo Dice: 0.8737999796867371 
2026-09-11 13:19:28.480618:  
2026-09-11 13:19:28.484184: Epoch 90 
2026-09-11 13:19:28.487234: Current learning rate: 0.00919 
2026-09-11 13:20:17.444611: train_loss -0.8377 
2026-09-11 13:20:17.457051: val_loss -0.7877 
2026-09-11 13:20:17.460851: Pseudo dice [np.float32(0.9276), np.float32(0.8224), np.float32(0.8393)] 
2026-09-11 13:20:17.466855: Epoch time: 48.96 s 
2026-09-11 13:20:18.463261:  
2026-09-11 13:20:18.482036: Epoch 91 
2026-09-11 13:20:18.485583: Current learning rate: 0.00918 
2026-09-11 13:21:07.123523: train_loss -0.8308 
2026-09-11 13:21:07.131496: val_loss -0.7926 
2026-09-11 13:21:07.134354: Pseudo dice [np.float32(0.9237), np.float32(0.8297), np.float32(0.8697)] 
2026-09-11 13:21:07.137904: Epoch time: 48.66 s 
2026-09-11 13:21:08.104728:  
2026-09-11 13:21:08.109554: Epoch 92 
2026-09-11 13:21:08.112231: Current learning rate: 0.00917 
2026-09-11 13:21:56.477785: train_loss -0.8337 
2026-09-11 13:21:56.486447: val_loss -0.794 
2026-09-11 13:21:56.489155: Pseudo dice [np.float32(0.9246), np.float32(0.8421), np.float32(0.8517)] 
2026-09-11 13:21:56.492527: Epoch time: 48.37 s 
2026-09-11 13:21:57.462756:  
2026-09-11 13:21:57.471284: Epoch 93 
2026-09-11 13:21:57.473559: Current learning rate: 0.00916 
2026-09-11 13:22:45.648498: train_loss -0.8296 
2026-09-11 13:22:45.656870: val_loss -0.8153 
2026-09-11 13:22:45.659674: Pseudo dice [np.float32(0.93), np.float32(0.855), np.float32(0.8621)] 
2026-09-11 13:22:45.662991: Epoch time: 48.19 s 
2026-09-11 13:22:45.665257: Yayy! New best EMA pseudo Dice: 0.8737999796867371 
2026-09-11 13:22:49.112372:  
2026-09-11 13:22:49.116245: Epoch 94 
2026-09-11 13:22:49.118820: Current learning rate: 0.00915 
2026-09-11 13:23:37.281461: train_loss -0.8401 
2026-09-11 13:23:37.292459: val_loss -0.8015 
2026-09-11 13:23:37.295735: Pseudo dice [np.float32(0.9302), np.float32(0.838), np.float32(0.8763)] 
2026-09-11 13:23:37.300556: Epoch time: 48.17 s 
2026-09-11 13:23:37.303765: Yayy! New best EMA pseudo Dice: 0.8745999932289124 
2026-09-11 13:23:40.670388:  
2026-09-11 13:23:40.674082: Epoch 95 
2026-09-11 13:23:40.677187: Current learning rate: 0.00914 
2026-09-11 13:24:29.086691: train_loss -0.8314 
2026-09-11 13:24:29.097798: val_loss -0.8027 
2026-09-11 13:24:29.101328: Pseudo dice [np.float32(0.9291), np.float32(0.8418), np.float32(0.8614)] 
2026-09-11 13:24:29.106061: Epoch time: 48.42 s 
2026-09-11 13:24:29.109410: Yayy! New best EMA pseudo Dice: 0.8748999834060669 
2026-09-11 13:24:32.651866:  
2026-09-11 13:24:32.656313: Epoch 96 
2026-09-11 13:24:32.659605: Current learning rate: 0.00913 
2026-09-11 13:25:21.120452: train_loss -0.8393 
2026-09-11 13:25:21.147694: val_loss -0.789 
2026-09-11 13:25:21.158551: Pseudo dice [np.float32(0.9334), np.float32(0.8438), np.float32(0.8609)] 
2026-09-11 13:25:21.170460: Epoch time: 48.47 s 
2026-09-11 13:25:21.183009: Yayy! New best EMA pseudo Dice: 0.8752999901771545 
2026-09-11 13:25:24.909426:  
2026-09-11 13:25:24.924098: Epoch 97 
2026-09-11 13:25:24.933862: Current learning rate: 0.00912 
2026-09-11 13:26:13.110234: train_loss -0.8307 
2026-09-11 13:26:13.120622: val_loss -0.8031 
2026-09-11 13:26:13.123684: Pseudo dice [np.float32(0.9303), np.float32(0.8575), np.float32(0.852)] 
2026-09-11 13:26:13.127522: Epoch time: 48.2 s 
2026-09-11 13:26:13.129801: Yayy! New best EMA pseudo Dice: 0.8758000135421753 
2026-09-11 13:26:16.657422:  
2026-09-11 13:26:16.661255: Epoch 98 
2026-09-11 13:26:16.665028: Current learning rate: 0.00911 
2026-09-11 13:27:04.970817: train_loss -0.8469 
2026-09-11 13:27:04.980227: val_loss -0.7924 
2026-09-11 13:27:04.985210: Pseudo dice [np.float32(0.9307), np.float32(0.824), np.float32(0.858)] 
2026-09-11 13:27:04.989235: Epoch time: 48.31 s 
2026-09-11 13:27:06.062283:  
2026-09-11 13:27:06.072285: Epoch 99 
2026-09-11 13:27:06.074537: Current learning rate: 0.0091 
2026-09-11 13:27:54.383639: train_loss -0.8386 
2026-09-11 13:27:54.393078: val_loss -0.8101 
2026-09-11 13:27:54.395986: Pseudo dice [np.float32(0.9326), np.float32(0.8718), np.float32(0.8531)] 
2026-09-11 13:27:54.399188: Epoch time: 48.32 s 
2026-09-11 13:27:56.719256: Yayy! New best EMA pseudo Dice: 0.8763999938964844 
2026-09-11 13:28:00.179443:  
2026-09-11 13:28:00.183899: Epoch 100 
2026-09-11 13:28:00.186972: Current learning rate: 0.0091 
2026-09-11 13:28:48.722600: train_loss -0.8462 
2026-09-11 13:28:48.733561: val_loss -0.8171 
2026-09-11 13:28:48.737535: Pseudo dice [np.float32(0.9256), np.float32(0.8568), np.float32(0.8519)] 
2026-09-11 13:28:48.742551: Epoch time: 48.54 s 
2026-09-11 13:28:48.746927: Yayy! New best EMA pseudo Dice: 0.8765000104904175 
2026-09-11 13:28:52.301481:  
2026-09-11 13:28:52.310397: Epoch 101 
2026-09-11 13:28:52.318609: Current learning rate: 0.00909 
2026-09-11 13:29:41.147891: train_loss -0.841 
2026-09-11 13:29:41.162733: val_loss -0.8054 
2026-09-11 13:29:41.165892: Pseudo dice [np.float32(0.9281), np.float32(0.8494), np.float32(0.8509)] 
2026-09-11 13:29:41.169497: Epoch time: 48.85 s 
2026-09-11 13:29:42.182565:  
2026-09-11 13:29:42.197146: Epoch 102 
2026-09-11 13:29:42.199728: Current learning rate: 0.00908 
2026-09-11 13:30:30.481653: train_loss -0.8353 
2026-09-11 13:30:30.491950: val_loss -0.8166 
2026-09-11 13:30:30.496875: Pseudo dice [np.float32(0.9341), np.float32(0.8474), np.float32(0.8602)] 
2026-09-11 13:30:30.501830: Epoch time: 48.3 s 
2026-09-11 13:30:30.505230: Yayy! New best EMA pseudo Dice: 0.8769000172615051 
2026-09-11 13:30:33.932866:  
2026-09-11 13:30:33.936839: Epoch 103 
2026-09-11 13:30:33.939584: Current learning rate: 0.00907 
2026-09-11 13:31:22.176057: train_loss -0.8516 
2026-09-11 13:31:22.190078: val_loss -0.7973 
2026-09-11 13:31:22.192768: Pseudo dice [np.float32(0.9229), np.float32(0.8338), np.float32(0.8514)] 
2026-09-11 13:31:22.196425: Epoch time: 48.24 s 
2026-09-11 13:31:23.193134:  
2026-09-11 13:31:23.209528: Epoch 104 
2026-09-11 13:31:23.212859: Current learning rate: 0.00906 
2026-09-11 13:32:11.796513: train_loss -0.8392 
2026-09-11 13:32:11.828144: val_loss -0.7867 
2026-09-11 13:32:11.837620: Pseudo dice [np.float32(0.9276), np.float32(0.8093), np.float32(0.8372)] 
2026-09-11 13:32:11.856042: Epoch time: 48.6 s 
2026-09-11 13:32:12.827897:  
2026-09-11 13:32:12.871837: Epoch 105 
2026-09-11 13:32:12.882226: Current learning rate: 0.00905 
2026-09-11 13:33:01.283048: train_loss -0.8352 
2026-09-11 13:33:01.522570: val_loss -0.7752 
2026-09-11 13:33:01.531629: Pseudo dice [np.float32(0.9138), np.float32(0.8211), np.float32(0.8289)] 
2026-09-11 13:33:01.544509: Epoch time: 48.46 s 
2026-09-11 13:33:02.588310:  
2026-09-11 13:33:02.628993: Epoch 106 
2026-09-11 13:33:02.640288: Current learning rate: 0.00904 
2026-09-11 13:33:50.860027: train_loss -0.8412 
2026-09-11 13:33:50.870630: val_loss -0.7901 
2026-09-11 13:33:50.873771: Pseudo dice [np.float32(0.9277), np.float32(0.833), np.float32(0.8788)] 
2026-09-11 13:33:50.877666: Epoch time: 48.27 s 
2026-09-11 13:33:52.880976:  
2026-09-11 13:33:52.885092: Epoch 107 
2026-09-11 13:33:52.887871: Current learning rate: 0.00903 
2026-09-11 13:34:41.704563: train_loss -0.8371 
2026-09-11 13:34:41.714241: val_loss -0.8306 
2026-09-11 13:34:41.717243: Pseudo dice [np.float32(0.9304), np.float32(0.8595), np.float32(0.8597)] 
2026-09-11 13:34:41.720755: Epoch time: 48.82 s 
2026-09-11 13:34:42.852661:  
2026-09-11 13:34:42.863508: Epoch 108 
2026-09-11 13:34:42.866420: Current learning rate: 0.00902 
2026-09-11 13:35:31.457106: train_loss -0.8374 
2026-09-11 13:35:31.469373: val_loss -0.8134 
2026-09-11 13:35:31.473005: Pseudo dice [np.float32(0.9144), np.float32(0.8184), np.float32(0.8641)] 
2026-09-11 13:35:31.477763: Epoch time: 48.61 s 
2026-09-11 13:35:32.551597:  
2026-09-11 13:35:32.565874: Epoch 109 
2026-09-11 13:35:32.568818: Current learning rate: 0.00901 
2026-09-11 13:36:21.599505: train_loss -0.8379 
2026-09-11 13:36:21.608813: val_loss -0.7819 
2026-09-11 13:36:21.612128: Pseudo dice [np.float32(0.9295), np.float32(0.8283), np.float32(0.8511)] 
2026-09-11 13:36:21.616342: Epoch time: 49.05 s 
2026-09-11 13:36:22.663496:  
2026-09-11 13:36:22.679328: Epoch 110 
2026-09-11 13:36:22.682827: Current learning rate: 0.009 
2026-09-11 13:37:11.464758: train_loss -0.838 
2026-09-11 13:37:11.472702: val_loss -0.7841 
2026-09-11 13:37:11.475480: Pseudo dice [np.float32(0.9251), np.float32(0.8209), np.float32(0.8275)] 
2026-09-11 13:37:11.478875: Epoch time: 48.8 s 
2026-09-11 13:37:12.498015:  
2026-09-11 13:37:12.506888: Epoch 111 
2026-09-11 13:37:12.509656: Current learning rate: 0.009 
2026-09-11 13:38:00.704188: train_loss -0.853 
2026-09-11 13:38:00.712909: val_loss -0.83 
2026-09-11 13:38:00.715860: Pseudo dice [np.float32(0.9307), np.float32(0.8648), np.float32(0.8697)] 
2026-09-11 13:38:00.719634: Epoch time: 48.21 s 
2026-09-11 13:38:01.701758:  
2026-09-11 13:38:01.711953: Epoch 112 
2026-09-11 13:38:01.717512: Current learning rate: 0.00899 
2026-09-11 13:38:49.948599: train_loss -0.8423 
2026-09-11 13:38:49.958040: val_loss -0.8061 
2026-09-11 13:38:49.961226: Pseudo dice [np.float32(0.9216), np.float32(0.8269), np.float32(0.8471)] 
2026-09-11 13:38:49.965812: Epoch time: 48.25 s 
2026-09-11 13:38:51.003744:  
2026-09-11 13:38:51.019027: Epoch 113 
2026-09-11 13:38:51.021845: Current learning rate: 0.00898 
2026-09-11 13:39:39.887086: train_loss -0.8572 
2026-09-11 13:39:39.901379: val_loss -0.8183 
2026-09-11 13:39:39.904713: Pseudo dice [np.float32(0.9353), np.float32(0.8538), np.float32(0.863)] 
2026-09-11 13:39:39.908204: Epoch time: 48.88 s 
2026-09-11 13:39:41.009979:  
2026-09-11 13:39:41.025972: Epoch 114 
2026-09-11 13:39:41.028587: Current learning rate: 0.00897 
2026-09-11 13:40:29.566377: train_loss -0.8495 
2026-09-11 13:40:29.575200: val_loss -0.8338 
2026-09-11 13:40:29.578897: Pseudo dice [np.float32(0.9274), np.float32(0.8596), np.float32(0.8643)] 
2026-09-11 13:40:29.582301: Epoch time: 48.56 s 
2026-09-11 13:40:30.575658:  
2026-09-11 13:40:30.588360: Epoch 115 
2026-09-11 13:40:30.591101: Current learning rate: 0.00896 
2026-09-11 13:41:18.956279: train_loss -0.8455 
2026-09-11 13:41:18.985253: val_loss -0.8043 
2026-09-11 13:41:18.995999: Pseudo dice [np.float32(0.929), np.float32(0.8517), np.float32(0.8552)] 
2026-09-11 13:41:19.008027: Epoch time: 48.38 s 
2026-09-11 13:41:20.022328:  
2026-09-11 13:41:20.037449: Epoch 116 
2026-09-11 13:41:20.040153: Current learning rate: 0.00895 
2026-09-11 13:42:08.237581: train_loss -0.8459 
2026-09-11 13:42:08.247535: val_loss -0.8037 
2026-09-11 13:42:08.250409: Pseudo dice [np.float32(0.9292), np.float32(0.8364), np.float32(0.8693)] 
2026-09-11 13:42:08.254085: Epoch time: 48.22 s 
2026-09-11 13:42:09.262832:  
2026-09-11 13:42:09.273015: Epoch 117 
2026-09-11 13:42:09.276012: Current learning rate: 0.00894 
2026-09-11 13:42:57.610261: train_loss -0.8463 
2026-09-11 13:42:57.619859: val_loss -0.8159 
2026-09-11 13:42:57.622757: Pseudo dice [np.float32(0.9279), np.float32(0.8431), np.float32(0.8599)] 
2026-09-11 13:42:57.626663: Epoch time: 48.35 s 
2026-09-11 13:42:58.648243:  
2026-09-11 13:42:58.661832: Epoch 118 
2026-09-11 13:42:58.665343: Current learning rate: 0.00893 
2026-09-11 13:43:47.277542: train_loss -0.8358 
2026-09-11 13:43:47.287624: val_loss -0.797 
2026-09-11 13:43:47.290657: Pseudo dice [np.float32(0.9249), np.float32(0.8092), np.float32(0.8463)] 
2026-09-11 13:43:47.294862: Epoch time: 48.63 s 
2026-09-11 13:43:48.309113:  
2026-09-11 13:43:48.319443: Epoch 119 
2026-09-11 13:43:48.322549: Current learning rate: 0.00892 
2026-09-11 13:44:36.588532: train_loss -0.8424 
2026-09-11 13:44:36.602941: val_loss -0.8126 
2026-09-11 13:44:36.605860: Pseudo dice [np.float32(0.9261), np.float32(0.8515), np.float32(0.8649)] 
2026-09-11 13:44:36.609333: Epoch time: 48.28 s 
2026-09-11 13:44:37.624449:  
2026-09-11 13:44:37.637685: Epoch 120 
2026-09-11 13:44:37.640153: Current learning rate: 0.00891 
2026-09-11 13:45:26.066146: train_loss -0.845 
2026-09-11 13:45:26.080457: val_loss -0.7736 
2026-09-11 13:45:26.083403: Pseudo dice [np.float32(0.922), np.float32(0.82), np.float32(0.8479)] 
2026-09-11 13:45:26.087417: Epoch time: 48.44 s 
2026-09-11 13:45:27.212115:  
2026-09-11 13:45:27.226562: Epoch 121 
2026-09-11 13:45:27.229197: Current learning rate: 0.0089 
2026-09-11 13:46:15.376710: train_loss -0.8484 
2026-09-11 13:46:15.386775: val_loss -0.7992 
2026-09-11 13:46:15.389280: Pseudo dice [np.float32(0.9189), np.float32(0.8239), np.float32(0.8524)] 
2026-09-11 13:46:15.392537: Epoch time: 48.17 s 
2026-09-11 13:46:16.374203:  
2026-09-11 13:46:16.382659: Epoch 122 
2026-09-11 13:46:16.390378: Current learning rate: 0.00889 
2026-09-11 13:47:04.556549: train_loss -0.8283 
2026-09-11 13:47:04.581619: val_loss -0.8177 
2026-09-11 13:47:04.589610: Pseudo dice [np.float32(0.9347), np.float32(0.8498), np.float32(0.8553)] 
2026-09-11 13:47:04.604072: Epoch time: 48.18 s 
2026-09-11 13:47:05.610268:  
2026-09-11 13:47:05.635551: Epoch 123 
2026-09-11 13:47:05.644156: Current learning rate: 0.00889 
2026-09-11 13:47:53.916679: train_loss -0.8409 
2026-09-11 13:47:53.926780: val_loss -0.8186 
2026-09-11 13:47:53.930152: Pseudo dice [np.float32(0.9236), np.float32(0.8655), np.float32(0.8589)] 
2026-09-11 13:47:53.934362: Epoch time: 48.31 s 
2026-09-11 13:47:54.928824:  
2026-09-11 13:47:54.938480: Epoch 124 
2026-09-11 13:47:54.941359: Current learning rate: 0.00888 
2026-09-11 13:48:43.165341: train_loss -0.8428 
2026-09-11 13:48:43.173510: val_loss -0.7964 
2026-09-11 13:48:43.176698: Pseudo dice [np.float32(0.9253), np.float32(0.8338), np.float32(0.8579)] 
2026-09-11 13:48:43.180215: Epoch time: 48.24 s 
2026-09-11 13:48:44.184881:  
2026-09-11 13:48:44.193908: Epoch 125 
2026-09-11 13:48:44.196683: Current learning rate: 0.00887 
2026-09-11 13:49:32.449013: train_loss -0.8504 
2026-09-11 13:49:32.463097: val_loss -0.8299 
2026-09-11 13:49:32.465907: Pseudo dice [np.float32(0.9257), np.float32(0.8539), np.float32(0.8582)] 
2026-09-11 13:49:32.469713: Epoch time: 48.27 s 
2026-09-11 13:49:33.485907:  
2026-09-11 13:49:33.496784: Epoch 126 
2026-09-11 13:49:33.499994: Current learning rate: 0.00886 
2026-09-11 13:50:21.776974: train_loss -0.8532 
2026-09-11 13:50:21.786033: val_loss -0.821 
2026-09-11 13:50:21.788523: Pseudo dice [np.float32(0.9258), np.float32(0.8527), np.float32(0.862)] 
2026-09-11 13:50:21.792221: Epoch time: 48.29 s 
2026-09-11 13:50:22.805763:  
2026-09-11 13:50:22.819511: Epoch 127 
2026-09-11 13:50:22.822134: Current learning rate: 0.00885 
2026-09-11 13:51:11.702246: train_loss -0.8444 
2026-09-11 13:51:11.711634: val_loss -0.8148 
2026-09-11 13:51:11.714681: Pseudo dice [np.float32(0.9334), np.float32(0.852), np.float32(0.8714)] 
2026-09-11 13:51:11.718581: Epoch time: 48.9 s 
2026-09-11 13:51:13.647891:  
2026-09-11 13:51:13.652949: Epoch 128 
2026-09-11 13:51:13.656155: Current learning rate: 0.00884 
2026-09-11 13:52:01.950752: train_loss -0.8505 
2026-09-11 13:52:01.966559: val_loss -0.811 
2026-09-11 13:52:01.972562: Pseudo dice [np.float32(0.9317), np.float32(0.8618), np.float32(0.8753)] 
2026-09-11 13:52:01.979970: Epoch time: 48.3 s 
2026-09-11 13:52:01.984223: Yayy! New best EMA pseudo Dice: 0.8774999976158142 
2026-09-11 13:52:05.493617:  
2026-09-11 13:52:05.497370: Epoch 129 
2026-09-11 13:52:05.500169: Current learning rate: 0.00883 
2026-09-11 13:52:53.751708: train_loss -0.8572 
2026-09-11 13:52:53.760790: val_loss -0.8162 
2026-09-11 13:52:53.763383: Pseudo dice [np.float32(0.9354), np.float32(0.8631), np.float32(0.8601)] 
2026-09-11 13:52:53.767650: Epoch time: 48.26 s 
2026-09-11 13:52:53.770414: Yayy! New best EMA pseudo Dice: 0.8784000277519226 
2026-09-11 13:52:57.422052:  
2026-09-11 13:52:57.426723: Epoch 130 
2026-09-11 13:52:57.429580: Current learning rate: 0.00882 
2026-09-11 13:53:46.233141: train_loss -0.8426 
2026-09-11 13:53:46.243503: val_loss -0.7991 
2026-09-11 13:53:46.246864: Pseudo dice [np.float32(0.9235), np.float32(0.8293), np.float32(0.8283)] 
2026-09-11 13:53:46.250832: Epoch time: 48.81 s 
2026-09-11 13:53:47.342656:  
2026-09-11 13:53:47.352206: Epoch 131 
2026-09-11 13:53:47.354670: Current learning rate: 0.00881 
2026-09-11 13:54:35.837552: train_loss -0.8419 
2026-09-11 13:54:35.851837: val_loss -0.7783 
2026-09-11 13:54:35.855117: Pseudo dice [np.float32(0.903), np.float32(0.8076), np.float32(0.8542)] 
2026-09-11 13:54:35.858983: Epoch time: 48.5 s 
2026-09-11 13:54:36.910804:  
2026-09-11 13:54:36.922335: Epoch 132 
2026-09-11 13:54:36.924677: Current learning rate: 0.0088 
2026-09-11 13:55:26.315265: train_loss -0.8507 
2026-09-11 13:55:26.325805: val_loss -0.8155 
2026-09-11 13:55:26.329652: Pseudo dice [np.float32(0.9275), np.float32(0.8574), np.float32(0.866)] 
2026-09-11 13:55:26.333471: Epoch time: 49.41 s 
2026-09-11 13:55:27.346360:  
2026-09-11 13:55:27.357576: Epoch 133 
2026-09-11 13:55:27.359623: Current learning rate: 0.00879 
2026-09-11 13:56:15.657727: train_loss -0.8401 
2026-09-11 13:56:15.668549: val_loss -0.7871 
2026-09-11 13:56:15.671572: Pseudo dice [np.float32(0.9255), np.float32(0.8185), np.float32(0.8713)] 
2026-09-11 13:56:15.675721: Epoch time: 48.31 s 
2026-09-11 13:56:16.706180:  
2026-09-11 13:56:16.714223: Epoch 134 
2026-09-11 13:56:16.717522: Current learning rate: 0.00879 
2026-09-11 13:57:05.058979: train_loss -0.8496 
2026-09-11 13:57:05.069353: val_loss -0.7954 
2026-09-11 13:57:05.072403: Pseudo dice [np.float32(0.927), np.float32(0.8417), np.float32(0.8458)] 
2026-09-11 13:57:05.076636: Epoch time: 48.35 s 
2026-09-11 13:57:06.122602:  
2026-09-11 13:57:06.133004: Epoch 135 
2026-09-11 13:57:06.135313: Current learning rate: 0.00878 
2026-09-11 13:57:54.397270: train_loss -0.8423 
2026-09-11 13:57:54.412584: val_loss -0.8167 
2026-09-11 13:57:54.416613: Pseudo dice [np.float32(0.928), np.float32(0.8511), np.float32(0.8447)] 
2026-09-11 13:57:54.424268: Epoch time: 48.28 s 
2026-09-11 13:57:55.447218:  
2026-09-11 13:57:55.459822: Epoch 136 
2026-09-11 13:57:55.463364: Current learning rate: 0.00877 
2026-09-11 13:58:44.334077: train_loss -0.842 
2026-09-11 13:58:44.373230: val_loss -0.7948 
2026-09-11 13:58:44.382736: Pseudo dice [np.float32(0.9248), np.float32(0.8157), np.float32(0.8393)] 
2026-09-11 13:58:44.407192: Epoch time: 48.89 s 
2026-09-11 13:58:45.428030:  
2026-09-11 13:58:45.486264: Epoch 137 
2026-09-11 13:58:45.499878: Current learning rate: 0.00876 
2026-09-11 13:59:33.713169: train_loss -0.8401 
2026-09-11 13:59:33.722017: val_loss -0.7844 
2026-09-11 13:59:33.725539: Pseudo dice [np.float32(0.9157), np.float32(0.8005), np.float32(0.8445)] 
2026-09-11 13:59:33.729710: Epoch time: 48.29 s 
2026-09-11 13:59:34.737351:  
2026-09-11 13:59:34.746911: Epoch 138 
2026-09-11 13:59:34.749742: Current learning rate: 0.00875 
2026-09-11 14:00:24.167096: train_loss -0.8358 
2026-09-11 14:00:24.179385: val_loss -0.8073 
2026-09-11 14:00:24.182436: Pseudo dice [np.float32(0.93), np.float32(0.8532), np.float32(0.8607)] 
2026-09-11 14:00:24.186407: Epoch time: 49.43 s 
2026-09-11 14:00:25.360074:  
2026-09-11 14:00:25.368243: Epoch 139 
2026-09-11 14:00:25.370719: Current learning rate: 0.00874 
2026-09-11 14:01:14.629813: train_loss -0.8473 
2026-09-11 14:01:14.642151: val_loss -0.8124 
2026-09-11 14:01:14.648295: Pseudo dice [np.float32(0.9228), np.float32(0.8601), np.float32(0.8482)] 
2026-09-11 14:01:14.654743: Epoch time: 49.27 s 
2026-09-11 14:01:15.866650:  
2026-09-11 14:01:15.876082: Epoch 140 
2026-09-11 14:01:15.879364: Current learning rate: 0.00873 
2026-09-11 14:02:04.203542: train_loss -0.8551 
2026-09-11 14:02:04.215966: val_loss -0.7837 
2026-09-11 14:02:04.219292: Pseudo dice [np.float32(0.926), np.float32(0.8161), np.float32(0.856)] 
2026-09-11 14:02:04.225751: Epoch time: 48.34 s 
2026-09-11 14:02:05.337407:  
2026-09-11 14:02:05.347525: Epoch 141 
2026-09-11 14:02:05.350620: Current learning rate: 0.00872 
2026-09-11 14:02:53.643263: train_loss -0.8365 
2026-09-11 14:02:53.652771: val_loss -0.8034 
2026-09-11 14:02:53.655268: Pseudo dice [np.float32(0.9149), np.float32(0.8405), np.float32(0.8497)] 
2026-09-11 14:02:53.660018: Epoch time: 48.31 s 
2026-09-11 14:02:54.713164:  
2026-09-11 14:02:54.733314: Epoch 142 
2026-09-11 14:02:54.739960: Current learning rate: 0.00871 
2026-09-11 14:03:43.577985: train_loss -0.8414 
2026-09-11 14:03:43.589705: val_loss -0.8345 
2026-09-11 14:03:43.594683: Pseudo dice [np.float32(0.9305), np.float32(0.8633), np.float32(0.8672)] 
2026-09-11 14:03:43.600923: Epoch time: 48.87 s 
2026-09-11 14:03:44.710346:  
2026-09-11 14:03:44.718087: Epoch 143 
2026-09-11 14:03:44.720420: Current learning rate: 0.0087 
2026-09-11 14:04:32.994040: train_loss -0.8496 
2026-09-11 14:04:33.009069: val_loss -0.7811 
2026-09-11 14:04:33.011891: Pseudo dice [np.float32(0.9254), np.float32(0.8125), np.float32(0.8717)] 
2026-09-11 14:04:33.015545: Epoch time: 48.29 s 
2026-09-11 14:04:34.111971:  
2026-09-11 14:04:34.126035: Epoch 144 
2026-09-11 14:04:34.129160: Current learning rate: 0.00869 
2026-09-11 14:05:22.734673: train_loss -0.8279 
2026-09-11 14:05:22.744654: val_loss -0.7814 
2026-09-11 14:05:22.747630: Pseudo dice [np.float32(0.906), np.float32(0.8244), np.float32(0.8262)] 
2026-09-11 14:05:22.751683: Epoch time: 48.62 s 
2026-09-11 14:05:23.872017:  
2026-09-11 14:05:23.880884: Epoch 145 
2026-09-11 14:05:23.883232: Current learning rate: 0.00868 
2026-09-11 14:06:12.814131: train_loss -0.8144 
2026-09-11 14:06:12.824012: val_loss -0.7641 
2026-09-11 14:06:12.827153: Pseudo dice [np.float32(0.9054), np.float32(0.8061), np.float32(0.822)] 
2026-09-11 14:06:12.830796: Epoch time: 48.94 s 
2026-09-11 14:06:14.016064:  
2026-09-11 14:06:14.029612: Epoch 146 
2026-09-11 14:06:14.032187: Current learning rate: 0.00868 
2026-09-11 14:07:02.935552: train_loss -0.8003 
2026-09-11 14:07:02.950205: val_loss -0.7876 
2026-09-11 14:07:02.953238: Pseudo dice [np.float32(0.9116), np.float32(0.8156), np.float32(0.8508)] 
2026-09-11 14:07:02.957330: Epoch time: 48.92 s 
2026-09-11 14:07:04.132107:  
2026-09-11 14:07:04.145650: Epoch 147 
2026-09-11 14:07:04.148349: Current learning rate: 0.00867 
2026-09-11 14:07:52.497600: train_loss -0.8305 
2026-09-11 14:07:52.507882: val_loss -0.8107 
2026-09-11 14:07:52.510906: Pseudo dice [np.float32(0.9283), np.float32(0.8512), np.float32(0.8604)] 
2026-09-11 14:07:52.515156: Epoch time: 48.37 s 
2026-09-11 14:07:54.571775:  
2026-09-11 14:07:54.575888: Epoch 148 
2026-09-11 14:07:54.578686: Current learning rate: 0.00866 
2026-09-11 14:08:43.074139: train_loss -0.8258 
2026-09-11 14:08:43.087108: val_loss -0.8087 
2026-09-11 14:08:43.089803: Pseudo dice [np.float32(0.9295), np.float32(0.843), np.float32(0.8382)] 
2026-09-11 14:08:43.093271: Epoch time: 48.5 s 
2026-09-11 14:08:44.164209:  
2026-09-11 14:08:44.181727: Epoch 149 
2026-09-11 14:08:44.184773: Current learning rate: 0.00865 
2026-09-11 14:09:32.503176: train_loss -0.8434 
2026-09-11 14:09:32.512040: val_loss -0.8171 
2026-09-11 14:09:32.515149: Pseudo dice [np.float32(0.9295), np.float32(0.8647), np.float32(0.8638)] 
2026-09-11 14:09:32.519166: Epoch time: 48.34 s 
2026-09-11 14:09:36.067020:  
2026-09-11 14:09:36.071538: Epoch 150 
2026-09-11 14:09:36.074134: Current learning rate: 0.00864 
2026-09-11 14:10:24.383096: train_loss -0.848 
2026-09-11 14:10:24.392524: val_loss -0.8333 
2026-09-11 14:10:24.394935: Pseudo dice [np.float32(0.9265), np.float32(0.8864), np.float32(0.8729)] 
2026-09-11 14:10:24.398467: Epoch time: 48.32 s 
2026-09-11 14:10:25.409735:  
2026-09-11 14:10:25.424984: Epoch 151 
2026-09-11 14:10:25.427614: Current learning rate: 0.00863 
2026-09-11 14:11:14.121983: train_loss -0.8484 
2026-09-11 14:11:14.136630: val_loss -0.8145 
2026-09-11 14:11:14.139261: Pseudo dice [np.float32(0.9222), np.float32(0.8554), np.float32(0.8491)] 
2026-09-11 14:11:14.142939: Epoch time: 48.71 s 
2026-09-11 14:11:15.210170:  
2026-09-11 14:11:15.224094: Epoch 152 
2026-09-11 14:11:15.226912: Current learning rate: 0.00862 
2026-09-11 14:12:03.515115: train_loss -0.833 
2026-09-11 14:12:03.524168: val_loss -0.8248 
2026-09-11 14:12:03.528206: Pseudo dice [np.float32(0.9284), np.float32(0.8544), np.float32(0.8763)] 
2026-09-11 14:12:03.531559: Epoch time: 48.31 s 
2026-09-11 14:12:04.562629:  
2026-09-11 14:12:04.571063: Epoch 153 
2026-09-11 14:12:04.573776: Current learning rate: 0.00861 
2026-09-11 14:12:52.835580: train_loss -0.848 
2026-09-11 14:12:52.846808: val_loss -0.8086 
2026-09-11 14:12:52.849412: Pseudo dice [np.float32(0.9142), np.float32(0.8614), np.float32(0.8376)] 
2026-09-11 14:12:52.852678: Epoch time: 48.27 s 
2026-09-11 14:12:53.924396:  
2026-09-11 14:12:53.935916: Epoch 154 
2026-09-11 14:12:53.938783: Current learning rate: 0.0086 
2026-09-11 14:13:42.325310: train_loss -0.8451 
2026-09-11 14:13:42.333802: val_loss -0.8006 
2026-09-11 14:13:42.336456: Pseudo dice [np.float32(0.9309), np.float32(0.829), np.float32(0.8632)] 
2026-09-11 14:13:42.339618: Epoch time: 48.4 s 
2026-09-11 14:13:43.370119:  
2026-09-11 14:13:43.379848: Epoch 155 
2026-09-11 14:13:43.382461: Current learning rate: 0.00859 
2026-09-11 14:14:31.586397: train_loss -0.8499 
2026-09-11 14:14:31.599675: val_loss -0.8188 
2026-09-11 14:14:31.602328: Pseudo dice [np.float32(0.9273), np.float32(0.8604), np.float32(0.8458)] 
2026-09-11 14:14:31.604967: Epoch time: 48.22 s 
2026-09-11 14:14:32.663714:  
2026-09-11 14:14:32.682751: Epoch 156 
2026-09-11 14:14:32.685377: Current learning rate: 0.00858 
2026-09-11 14:15:21.265536: train_loss -0.8497 
2026-09-11 14:15:21.275779: val_loss -0.7952 
2026-09-11 14:15:21.279847: Pseudo dice [np.float32(0.9273), np.float32(0.8511), np.float32(0.8313)] 
2026-09-11 14:15:21.283549: Epoch time: 48.6 s 
2026-09-11 14:15:22.303223:  
2026-09-11 14:15:22.320551: Epoch 157 
2026-09-11 14:15:22.324522: Current learning rate: 0.00858 
2026-09-11 14:16:10.540400: train_loss -0.8458 
2026-09-11 14:16:10.559924: val_loss -0.8049 
2026-09-11 14:16:10.562949: Pseudo dice [np.float32(0.926), np.float32(0.8571), np.float32(0.8497)] 
2026-09-11 14:16:10.566343: Epoch time: 48.24 s 
2026-09-11 14:16:11.616617:  
2026-09-11 14:16:11.639061: Epoch 158 
2026-09-11 14:16:11.641910: Current learning rate: 0.00857 
2026-09-11 14:16:59.869083: train_loss -0.8337 
2026-09-11 14:16:59.896521: val_loss -0.8373 
2026-09-11 14:16:59.903718: Pseudo dice [np.float32(0.9322), np.float32(0.8836), np.float32(0.8655)] 
2026-09-11 14:16:59.911122: Epoch time: 48.25 s 
2026-09-11 14:17:00.936419:  
2026-09-11 14:17:00.966806: Epoch 159 
2026-09-11 14:17:00.974609: Current learning rate: 0.00856 
2026-09-11 14:17:49.346384: train_loss -0.854 
2026-09-11 14:17:49.366784: val_loss -0.842 
2026-09-11 14:17:49.376027: Pseudo dice [np.float32(0.9273), np.float32(0.8434), np.float32(0.8612)] 
2026-09-11 14:17:49.385429: Epoch time: 48.41 s 
2026-09-11 14:17:50.455843:  
2026-09-11 14:17:50.494790: Epoch 160 
2026-09-11 14:17:50.509687: Current learning rate: 0.00855 
2026-09-11 14:18:38.751751: train_loss -0.8566 
2026-09-11 14:18:38.771458: val_loss -0.7753 
2026-09-11 14:18:38.780280: Pseudo dice [np.float32(0.9257), np.float32(0.8183), np.float32(0.8156)] 
2026-09-11 14:18:38.789170: Epoch time: 48.3 s 
2026-09-11 14:18:39.818350:  
2026-09-11 14:18:39.852278: Epoch 161 
2026-09-11 14:18:39.862242: Current learning rate: 0.00854 
2026-09-11 14:19:29.981601: train_loss -0.8564 
2026-09-11 14:19:30.006132: val_loss -0.8168 
2026-09-11 14:19:30.016277: Pseudo dice [np.float32(0.9262), np.float32(0.8486), np.float32(0.8553)] 
2026-09-11 14:19:30.025738: Epoch time: 50.16 s 
2026-09-11 14:19:31.061638:  
2026-09-11 14:19:31.076561: Epoch 162 
2026-09-11 14:19:31.080326: Current learning rate: 0.00853 
2026-09-11 14:20:19.329609: train_loss -0.8525 
2026-09-11 14:20:19.338911: val_loss -0.8079 
2026-09-11 14:20:19.341931: Pseudo dice [np.float32(0.926), np.float32(0.8485), np.float32(0.8332)] 
2026-09-11 14:20:19.345599: Epoch time: 48.27 s 
2026-09-11 14:20:20.401996:  
2026-09-11 14:20:20.411240: Epoch 163 
2026-09-11 14:20:20.414026: Current learning rate: 0.00852 
2026-09-11 14:21:08.716073: train_loss -0.843 
2026-09-11 14:21:08.724754: val_loss -0.7876 
2026-09-11 14:21:08.728342: Pseudo dice [np.float32(0.9205), np.float32(0.8419), np.float32(0.855)] 
2026-09-11 14:21:08.731940: Epoch time: 48.32 s 
2026-09-11 14:21:09.790648:  
2026-09-11 14:21:09.803704: Epoch 164 
2026-09-11 14:21:09.806419: Current learning rate: 0.00851 
2026-09-11 14:21:58.303668: train_loss -0.8394 
2026-09-11 14:21:58.311367: val_loss -0.8016 
2026-09-11 14:21:58.314269: Pseudo dice [np.float32(0.9174), np.float32(0.8438), np.float32(0.8298)] 
2026-09-11 14:21:58.317717: Epoch time: 48.51 s 
2026-09-11 14:21:59.431028:  
2026-09-11 14:21:59.444461: Epoch 165 
2026-09-11 14:21:59.447244: Current learning rate: 0.0085 
2026-09-11 14:22:47.821735: train_loss -0.8498 
2026-09-11 14:22:47.839083: val_loss -0.8363 
2026-09-11 14:22:47.846952: Pseudo dice [np.float32(0.9402), np.float32(0.8813), np.float32(0.8807)] 
2026-09-11 14:22:47.855284: Epoch time: 48.39 s 
2026-09-11 14:22:48.903654:  
2026-09-11 14:22:48.931095: Epoch 166 
2026-09-11 14:22:48.939405: Current learning rate: 0.00849 
2026-09-11 14:23:38.313072: train_loss -0.8468 
2026-09-11 14:23:38.323117: val_loss -0.7961 
2026-09-11 14:23:38.326614: Pseudo dice [np.float32(0.9326), np.float32(0.8471), np.float32(0.8442)] 
2026-09-11 14:23:38.330205: Epoch time: 49.41 s 
2026-09-11 14:23:40.265277:  
2026-09-11 14:23:40.268767: Epoch 167 
2026-09-11 14:23:40.272182: Current learning rate: 0.00848 
2026-09-11 14:24:28.589156: train_loss -0.8505 
2026-09-11 14:24:28.603547: val_loss -0.8062 
2026-09-11 14:24:28.606078: Pseudo dice [np.float32(0.9262), np.float32(0.8488), np.float32(0.8618)] 
2026-09-11 14:24:28.609643: Epoch time: 48.32 s 
2026-09-11 14:24:29.666058:  
2026-09-11 14:24:29.677435: Epoch 168 
2026-09-11 14:24:29.680576: Current learning rate: 0.00847 
2026-09-11 14:25:18.024799: train_loss -0.8544 
2026-09-11 14:25:18.044963: val_loss -0.8209 
2026-09-11 14:25:18.053891: Pseudo dice [np.float32(0.933), np.float32(0.8537), np.float32(0.8531)] 
2026-09-11 14:25:18.063505: Epoch time: 48.36 s 
2026-09-11 14:25:19.122004:  
2026-09-11 14:25:19.140744: Epoch 169 
2026-09-11 14:25:19.155513: Current learning rate: 0.00847 
2026-09-11 14:26:07.651936: train_loss -0.8545 
2026-09-11 14:26:07.664719: val_loss -0.8126 
2026-09-11 14:26:07.668406: Pseudo dice [np.float32(0.9301), np.float32(0.8284), np.float32(0.8554)] 
2026-09-11 14:26:07.671561: Epoch time: 48.53 s 
2026-09-11 14:26:08.772454:  
2026-09-11 14:26:08.791789: Epoch 170 
2026-09-11 14:26:08.795377: Current learning rate: 0.00846 
2026-09-11 14:26:57.101583: train_loss -0.8429 
2026-09-11 14:26:57.109576: val_loss -0.8247 
2026-09-11 14:26:57.112228: Pseudo dice [np.float32(0.9142), np.float32(0.8475), np.float32(0.8546)] 
2026-09-11 14:26:57.115160: Epoch time: 48.33 s 
2026-09-11 14:26:58.154257:  
2026-09-11 14:26:58.171525: Epoch 171 
2026-09-11 14:26:58.174161: Current learning rate: 0.00845 
2026-09-11 14:27:46.760711: train_loss -0.8499 
2026-09-11 14:27:46.768682: val_loss -0.7613 
2026-09-11 14:27:46.771486: Pseudo dice [np.float32(0.9204), np.float32(0.8021), np.float32(0.8209)] 
2026-09-11 14:27:46.774487: Epoch time: 48.61 s 
2026-09-11 14:27:47.908563:  
2026-09-11 14:27:47.920880: Epoch 172 
2026-09-11 14:27:47.923761: Current learning rate: 0.00844 
2026-09-11 14:28:36.502480: train_loss -0.8519 
2026-09-11 14:28:36.511261: val_loss -0.7979 
2026-09-11 14:28:36.514258: Pseudo dice [np.float32(0.9247), np.float32(0.8126), np.float32(0.8832)] 
2026-09-11 14:28:36.517492: Epoch time: 48.59 s 
2026-09-11 14:28:37.612750:  
2026-09-11 14:28:37.626307: Epoch 173 
2026-09-11 14:28:37.628841: Current learning rate: 0.00843 
2026-09-11 14:29:26.397951: train_loss -0.8514 
2026-09-11 14:29:26.406226: val_loss -0.8194 
2026-09-11 14:29:26.408849: Pseudo dice [np.float32(0.9299), np.float32(0.8659), np.float32(0.849)] 
2026-09-11 14:29:26.411788: Epoch time: 48.79 s 
2026-09-11 14:29:27.476321:  
2026-09-11 14:29:27.488916: Epoch 174 
2026-09-11 14:29:27.491588: Current learning rate: 0.00842 
2026-09-11 14:30:15.793379: train_loss -0.8663 
2026-09-11 14:30:15.802293: val_loss -0.8103 
2026-09-11 14:30:15.805161: Pseudo dice [np.float32(0.9293), np.float32(0.8568), np.float32(0.8519)] 
2026-09-11 14:30:15.808455: Epoch time: 48.32 s 
2026-09-11 14:30:16.885268:  
2026-09-11 14:30:16.896388: Epoch 175 
2026-09-11 14:30:16.899403: Current learning rate: 0.00841 
2026-09-11 14:31:05.379926: train_loss -0.8582 
2026-09-11 14:31:05.387953: val_loss -0.8096 
2026-09-11 14:31:05.390668: Pseudo dice [np.float32(0.9239), np.float32(0.8409), np.float32(0.8462)] 
2026-09-11 14:31:05.393872: Epoch time: 48.5 s 
2026-09-11 14:31:06.427301:  
2026-09-11 14:31:06.439410: Epoch 176 
2026-09-11 14:31:06.442333: Current learning rate: 0.0084 
2026-09-11 14:31:55.046995: train_loss -0.858 
2026-09-11 14:31:55.054429: val_loss -0.8185 
2026-09-11 14:31:55.057590: Pseudo dice [np.float32(0.9296), np.float32(0.8405), np.float32(0.8658)] 
2026-09-11 14:31:55.060569: Epoch time: 48.62 s 
2026-09-11 14:31:56.081862:  
2026-09-11 14:31:56.089847: Epoch 177 
2026-09-11 14:31:56.092908: Current learning rate: 0.00839 
2026-09-11 14:32:44.357027: train_loss -0.8557 
2026-09-11 14:32:44.365806: val_loss -0.7893 
2026-09-11 14:32:44.368439: Pseudo dice [np.float32(0.9254), np.float32(0.8113), np.float32(0.8485)] 
2026-09-11 14:32:44.371493: Epoch time: 48.28 s 
2026-09-11 14:32:45.400279:  
2026-09-11 14:32:45.410052: Epoch 178 
2026-09-11 14:32:45.412487: Current learning rate: 0.00838 
2026-09-11 14:33:33.995668: train_loss -0.8507 
2026-09-11 14:33:34.005782: val_loss -0.7858 
2026-09-11 14:33:34.008697: Pseudo dice [np.float32(0.9261), np.float32(0.8255), np.float32(0.8428)] 
2026-09-11 14:33:34.012657: Epoch time: 48.6 s 
2026-09-11 14:33:35.022830:  
2026-09-11 14:33:35.037439: Epoch 179 
2026-09-11 14:33:35.040444: Current learning rate: 0.00837 
2026-09-11 14:34:23.603457: train_loss -0.857 
2026-09-11 14:34:23.611709: val_loss -0.8221 
2026-09-11 14:34:23.614766: Pseudo dice [np.float32(0.934), np.float32(0.8492), np.float32(0.8454)] 
2026-09-11 14:34:23.617938: Epoch time: 48.58 s 
2026-09-11 14:34:24.626586:  
2026-09-11 14:34:24.638339: Epoch 180 
2026-09-11 14:34:24.641216: Current learning rate: 0.00836 
2026-09-11 14:35:13.035637: train_loss -0.8507 
2026-09-11 14:35:13.068903: val_loss -0.7957 
2026-09-11 14:35:13.083058: Pseudo dice [np.float32(0.9289), np.float32(0.8615), np.float32(0.8661)] 
2026-09-11 14:35:13.096619: Epoch time: 48.41 s 
2026-09-11 14:35:14.125213:  
2026-09-11 14:35:14.161529: Epoch 181 
2026-09-11 14:35:14.171052: Current learning rate: 0.00836 
2026-09-11 14:36:02.551452: train_loss -0.8535 
2026-09-11 14:36:02.562017: val_loss -0.8221 
2026-09-11 14:36:02.565571: Pseudo dice [np.float32(0.9294), np.float32(0.8459), np.float32(0.8527)] 
2026-09-11 14:36:02.569860: Epoch time: 48.43 s 
2026-09-11 14:36:03.613125:  
2026-09-11 14:36:03.623727: Epoch 182 
2026-09-11 14:36:03.627251: Current learning rate: 0.00835 
2026-09-11 14:36:52.253023: train_loss -0.8586 
2026-09-11 14:36:52.274514: val_loss -0.8075 
2026-09-11 14:36:52.282973: Pseudo dice [np.float32(0.9333), np.float32(0.833), np.float32(0.8445)] 
2026-09-11 14:36:52.292171: Epoch time: 48.64 s 
2026-09-11 14:36:53.333066:  
2026-09-11 14:36:53.363877: Epoch 183 
2026-09-11 14:36:53.375126: Current learning rate: 0.00834 
2026-09-11 14:37:42.578928: train_loss -0.8575 
2026-09-11 14:37:42.588699: val_loss -0.8263 
2026-09-11 14:37:42.591427: Pseudo dice [np.float32(0.9354), np.float32(0.8851), np.float32(0.8661)] 
2026-09-11 14:37:42.594853: Epoch time: 49.25 s 
2026-09-11 14:37:43.731139:  
2026-09-11 14:37:43.743503: Epoch 184 
2026-09-11 14:37:43.746911: Current learning rate: 0.00833 
2026-09-11 14:38:32.575678: train_loss -0.8571 
2026-09-11 14:38:32.583606: val_loss -0.7932 
2026-09-11 14:38:32.587217: Pseudo dice [np.float32(0.9294), np.float32(0.7926), np.float32(0.8703)] 
2026-09-11 14:38:32.591820: Epoch time: 48.85 s 
2026-09-11 14:38:33.644445:  
2026-09-11 14:38:33.654222: Epoch 185 
2026-09-11 14:38:33.657248: Current learning rate: 0.00832 
2026-09-11 14:39:21.979869: train_loss -0.8574 
2026-09-11 14:39:21.989897: val_loss -0.779 
2026-09-11 14:39:21.993413: Pseudo dice [np.float32(0.9246), np.float32(0.8226), np.float32(0.8442)] 
2026-09-11 14:39:21.997720: Epoch time: 48.34 s 
2026-09-11 14:39:23.061510:  
2026-09-11 14:39:23.070599: Epoch 186 
2026-09-11 14:39:23.074844: Current learning rate: 0.00831 
2026-09-11 14:40:11.428360: train_loss -0.8508 
2026-09-11 14:40:11.437033: val_loss -0.8016 
2026-09-11 14:40:11.441209: Pseudo dice [np.float32(0.9295), np.float32(0.8547), np.float32(0.8645)] 
2026-09-11 14:40:11.445500: Epoch time: 48.37 s 
2026-09-11 14:40:13.326478:  
2026-09-11 14:40:13.330728: Epoch 187 
2026-09-11 14:40:13.334961: Current learning rate: 0.0083 
2026-09-11 14:41:02.032896: train_loss -0.8553 
2026-09-11 14:41:02.053633: val_loss -0.765 
2026-09-11 14:41:02.061892: Pseudo dice [np.float32(0.9171), np.float32(0.7871), np.float32(0.8559)] 
2026-09-11 14:41:02.071114: Epoch time: 48.71 s 
2026-09-11 14:41:03.177230:  
2026-09-11 14:41:03.187892: Epoch 188 
2026-09-11 14:41:03.190266: Current learning rate: 0.00829 
2026-09-11 14:41:51.912663: train_loss -0.8557 
2026-09-11 14:41:51.922472: val_loss -0.8235 
2026-09-11 14:41:51.925053: Pseudo dice [np.float32(0.924), np.float32(0.8388), np.float32(0.844)] 
2026-09-11 14:41:51.928158: Epoch time: 48.74 s 
2026-09-11 14:41:53.020138:  
2026-09-11 14:41:53.028170: Epoch 189 
2026-09-11 14:41:53.031199: Current learning rate: 0.00828 
2026-09-11 14:42:41.512053: train_loss -0.854 
2026-09-11 14:42:41.534685: val_loss -0.8438 
2026-09-11 14:42:41.554992: Pseudo dice [np.float32(0.9312), np.float32(0.8818), np.float32(0.87)] 
2026-09-11 14:42:41.564862: Epoch time: 48.49 s 
2026-09-11 14:42:42.625918:  
2026-09-11 14:42:42.659707: Epoch 190 
2026-09-11 14:42:42.669430: Current learning rate: 0.00827 
2026-09-11 14:43:31.039428: train_loss -0.8628 
2026-09-11 14:43:31.047908: val_loss -0.8013 
2026-09-11 14:43:31.050407: Pseudo dice [np.float32(0.9219), np.float32(0.8447), np.float32(0.8553)] 
2026-09-11 14:43:31.053393: Epoch time: 48.41 s 
2026-09-11 14:43:32.094638:  
2026-09-11 14:43:32.113830: Epoch 191 
2026-09-11 14:43:32.117407: Current learning rate: 0.00826 
2026-09-11 14:44:20.550915: train_loss -0.8422 
2026-09-11 14:44:20.559056: val_loss -0.7954 
2026-09-11 14:44:20.562473: Pseudo dice [np.float32(0.9067), np.float32(0.8486), np.float32(0.8551)] 
2026-09-11 14:44:20.565139: Epoch time: 48.46 s 
2026-09-11 14:44:21.650693:  
2026-09-11 14:44:21.659691: Epoch 192 
2026-09-11 14:44:21.662943: Current learning rate: 0.00825 
2026-09-11 14:45:10.233132: train_loss -0.806 
2026-09-11 14:45:10.244501: val_loss -0.8005 
2026-09-11 14:45:10.249251: Pseudo dice [np.float32(0.9127), np.float32(0.8333), np.float32(0.861)] 
2026-09-11 14:45:10.252423: Epoch time: 48.58 s 
2026-09-11 14:45:11.418911:  
2026-09-11 14:45:11.426911: Epoch 193 
2026-09-11 14:45:11.430393: Current learning rate: 0.00824 
2026-09-11 14:46:00.361769: train_loss -0.8449 
2026-09-11 14:46:00.370383: val_loss -0.8208 
2026-09-11 14:46:00.374423: Pseudo dice [np.float32(0.9235), np.float32(0.8554), np.float32(0.8626)] 
2026-09-11 14:46:00.378284: Epoch time: 48.94 s 
2026-09-11 14:46:01.455872:  
2026-09-11 14:46:01.465339: Epoch 194 
2026-09-11 14:46:01.471477: Current learning rate: 0.00824 
2026-09-11 14:46:50.416869: train_loss -0.8513 
2026-09-11 14:46:50.427986: val_loss -0.8333 
2026-09-11 14:46:50.432631: Pseudo dice [np.float32(0.9276), np.float32(0.858), np.float32(0.8387)] 
2026-09-11 14:46:50.436164: Epoch time: 48.96 s 
2026-09-11 14:46:51.573943:  
2026-09-11 14:46:51.583171: Epoch 195 
2026-09-11 14:46:51.585935: Current learning rate: 0.00823 
2026-09-11 14:47:40.391038: train_loss -0.85 
2026-09-11 14:47:40.404253: val_loss -0.8001 
2026-09-11 14:47:40.407103: Pseudo dice [np.float32(0.9274), np.float32(0.8372), np.float32(0.8556)] 
2026-09-11 14:47:40.411089: Epoch time: 48.82 s 
2026-09-11 14:47:41.512600:  
2026-09-11 14:47:41.537771: Epoch 196 
2026-09-11 14:47:41.540456: Current learning rate: 0.00822 
2026-09-11 14:48:30.051577: train_loss -0.8428 
2026-09-11 14:48:30.059027: val_loss -0.8262 
2026-09-11 14:48:30.061280: Pseudo dice [np.float32(0.9344), np.float32(0.8753), np.float32(0.8613)] 
2026-09-11 14:48:30.063752: Epoch time: 48.54 s 
2026-09-11 14:48:31.096637:  
2026-09-11 14:48:31.108791: Epoch 197 
2026-09-11 14:48:31.111995: Current learning rate: 0.00821 
2026-09-11 14:49:19.491578: train_loss -0.8404 
2026-09-11 14:49:19.499729: val_loss -0.7789 
2026-09-11 14:49:19.502813: Pseudo dice [np.float32(0.9282), np.float32(0.7597), np.float32(0.8415)] 
2026-09-11 14:49:19.505781: Epoch time: 48.4 s 
2026-09-11 14:49:20.542884:  
2026-09-11 14:49:20.551460: Epoch 198 
2026-09-11 14:49:20.554551: Current learning rate: 0.0082 
2026-09-11 14:50:09.279293: train_loss -0.8509 
2026-09-11 14:50:09.303349: val_loss -0.831 
2026-09-11 14:50:09.313798: Pseudo dice [np.float32(0.9325), np.float32(0.8458), np.float32(0.8404)] 
2026-09-11 14:50:09.324608: Epoch time: 48.74 s 
2026-09-11 14:50:10.442403:  
2026-09-11 14:50:10.478470: Epoch 199 
2026-09-11 14:50:10.486837: Current learning rate: 0.00819 
2026-09-11 14:50:58.830820: train_loss -0.8544 
2026-09-11 14:50:58.879401: val_loss -0.7934 
2026-09-11 14:50:58.887011: Pseudo dice [np.float32(0.9253), np.float32(0.8127), np.float32(0.8641)] 
2026-09-11 14:50:58.895355: Epoch time: 48.39 s 
2026-09-11 14:51:02.407130:  
2026-09-11 14:51:02.630809: Epoch 200 
2026-09-11 14:51:02.638657: Current learning rate: 0.00818 
2026-09-11 14:51:51.163171: train_loss -0.8581 
2026-09-11 14:51:51.174017: val_loss -0.8171 
2026-09-11 14:51:51.178788: Pseudo dice [np.float32(0.9327), np.float32(0.8617), np.float32(0.8416)] 
2026-09-11 14:51:51.182262: Epoch time: 48.76 s 
2026-09-11 14:51:52.241702:  
2026-09-11 14:51:52.254301: Epoch 201 
2026-09-11 14:51:52.257118: Current learning rate: 0.00817 
2026-09-11 14:52:40.795811: train_loss -0.8478 
2026-09-11 14:52:40.804647: val_loss -0.8188 
2026-09-11 14:52:40.807498: Pseudo dice [np.float32(0.9312), np.float32(0.8532), np.float32(0.8603)] 
2026-09-11 14:52:40.811287: Epoch time: 48.55 s 
2026-09-11 14:52:41.889969:  
2026-09-11 14:52:41.902754: Epoch 202 
2026-09-11 14:52:41.905888: Current learning rate: 0.00816 
2026-09-11 14:53:30.931158: train_loss -0.829 
2026-09-11 14:53:30.947396: val_loss -0.8417 
2026-09-11 14:53:30.953182: Pseudo dice [np.float32(0.9353), np.float32(0.8865), np.float32(0.872)] 
2026-09-11 14:53:30.958552: Epoch time: 49.04 s 
2026-09-11 14:53:32.196638:  
2026-09-11 14:53:32.212004: Epoch 203 
2026-09-11 14:53:32.215609: Current learning rate: 0.00815 
2026-09-11 14:54:20.501806: train_loss -0.8456 
2026-09-11 14:54:20.511646: val_loss -0.8272 
2026-09-11 14:54:20.514844: Pseudo dice [np.float32(0.9296), np.float32(0.861), np.float32(0.856)] 
2026-09-11 14:54:20.517811: Epoch time: 48.31 s 
2026-09-11 14:54:21.553553:  
2026-09-11 14:54:21.563874: Epoch 204 
2026-09-11 14:54:21.567055: Current learning rate: 0.00814 
2026-09-11 14:55:09.875160: train_loss -0.8457 
2026-09-11 14:55:09.884858: val_loss -0.8126 
2026-09-11 14:55:09.888278: Pseudo dice [np.float32(0.9206), np.float32(0.8265), np.float32(0.8746)] 
2026-09-11 14:55:09.891643: Epoch time: 48.32 s 
2026-09-11 14:55:10.967943:  
2026-09-11 14:55:10.980442: Epoch 205 
2026-09-11 14:55:10.983729: Current learning rate: 0.00813 
2026-09-11 14:55:59.318733: train_loss -0.8439 
2026-09-11 14:55:59.329774: val_loss -0.8065 
2026-09-11 14:55:59.333889: Pseudo dice [np.float32(0.9235), np.float32(0.8532), np.float32(0.8623)] 
2026-09-11 14:55:59.338206: Epoch time: 48.35 s 
2026-09-11 14:56:01.253980:  
2026-09-11 14:56:01.258452: Epoch 206 
2026-09-11 14:56:01.263139: Current learning rate: 0.00813 
2026-09-11 14:56:49.797361: train_loss -0.8368 
2026-09-11 14:56:49.807456: val_loss -0.7989 
2026-09-11 14:56:49.809985: Pseudo dice [np.float32(0.9301), np.float32(0.808), np.float32(0.8734)] 
2026-09-11 14:56:49.813355: Epoch time: 48.54 s 
2026-09-11 14:56:50.867609:  
2026-09-11 14:56:50.879885: Epoch 207 
2026-09-11 14:56:50.882818: Current learning rate: 0.00812 
2026-09-11 14:57:39.237495: train_loss -0.8526 
2026-09-11 14:57:39.248190: val_loss -0.7931 
2026-09-11 14:57:39.251844: Pseudo dice [np.float32(0.9271), np.float32(0.8169), np.float32(0.8604)] 
2026-09-11 14:57:39.255266: Epoch time: 48.37 s 
2026-09-11 14:57:40.343585:  
2026-09-11 14:57:40.368983: Epoch 208 
2026-09-11 14:57:40.371409: Current learning rate: 0.00811 
2026-09-11 14:58:28.739131: train_loss -0.8505 
2026-09-11 14:58:28.747463: val_loss -0.8361 
2026-09-11 14:58:28.750589: Pseudo dice [np.float32(0.9253), np.float32(0.851), np.float32(0.879)] 
2026-09-11 14:58:28.753903: Epoch time: 48.4 s 
2026-09-11 14:58:29.761559:  
2026-09-11 14:58:29.773561: Epoch 209 
2026-09-11 14:58:29.777151: Current learning rate: 0.0081 
2026-09-11 14:59:18.354715: train_loss -0.8576 
2026-09-11 14:59:18.383431: val_loss -0.8105 
2026-09-11 14:59:18.395010: Pseudo dice [np.float32(0.9329), np.float32(0.8613), np.float32(0.8601)] 
2026-09-11 14:59:18.408360: Epoch time: 48.59 s 
2026-09-11 14:59:19.486919:  
2026-09-11 14:59:19.511540: Epoch 210 
2026-09-11 14:59:19.520240: Current learning rate: 0.00809 
2026-09-11 15:00:07.800141: train_loss -0.863 
2026-09-11 15:00:07.824231: val_loss -0.8542 
2026-09-11 15:00:07.833683: Pseudo dice [np.float32(0.9363), np.float32(0.8794), np.float32(0.8684)] 
2026-09-11 15:00:07.844451: Epoch time: 48.31 s 
2026-09-11 15:00:07.854688: Yayy! New best EMA pseudo Dice: 0.8788999915122986 
2026-09-11 15:00:11.840890:  
2026-09-11 15:00:11.850038: Epoch 211 
2026-09-11 15:00:11.858301: Current learning rate: 0.00808 
2026-09-11 15:01:00.142530: train_loss -0.8373 
2026-09-11 15:01:00.155067: val_loss -0.8155 
2026-09-11 15:01:00.157886: Pseudo dice [np.float32(0.9228), np.float32(0.835), np.float32(0.8542)] 
2026-09-11 15:01:00.160708: Epoch time: 48.3 s 
2026-09-11 15:01:01.176292:  
2026-09-11 15:01:01.200076: Epoch 212 
2026-09-11 15:01:01.202889: Current learning rate: 0.00807 
2026-09-11 15:01:49.526327: train_loss -0.8465 
2026-09-11 15:01:49.539893: val_loss -0.8458 
2026-09-11 15:01:49.542866: Pseudo dice [np.float32(0.9291), np.float32(0.8597), np.float32(0.8866)] 
2026-09-11 15:01:49.546161: Epoch time: 48.35 s 
2026-09-11 15:01:49.549281: Yayy! New best EMA pseudo Dice: 0.8794000148773193 
2026-09-11 15:01:53.016501:  
2026-09-11 15:01:53.019151: Epoch 213 
2026-09-11 15:01:53.021756: Current learning rate: 0.00806 
2026-09-11 15:02:41.306171: train_loss -0.8331 
2026-09-11 15:02:41.317811: val_loss -0.8151 
2026-09-11 15:02:41.320654: Pseudo dice [np.float32(0.9279), np.float32(0.8304), np.float32(0.8512)] 
2026-09-11 15:02:41.323930: Epoch time: 48.29 s 
2026-09-11 15:02:42.351456:  
2026-09-11 15:02:42.359248: Epoch 214 
2026-09-11 15:02:42.362027: Current learning rate: 0.00805 
2026-09-11 15:03:30.763263: train_loss -0.8431 
2026-09-11 15:03:30.771775: val_loss -0.8068 
2026-09-11 15:03:30.774382: Pseudo dice [np.float32(0.9226), np.float32(0.8498), np.float32(0.8544)] 
2026-09-11 15:03:30.776863: Epoch time: 48.41 s 
2026-09-11 15:03:31.832583:  
2026-09-11 15:03:31.845447: Epoch 215 
2026-09-11 15:03:31.847868: Current learning rate: 0.00804 
2026-09-11 15:04:21.035840: train_loss -0.8503 
2026-09-11 15:04:21.043995: val_loss -0.8152 
2026-09-11 15:04:21.048403: Pseudo dice [np.float32(0.9292), np.float32(0.8632), np.float32(0.8655)] 
2026-09-11 15:04:21.051975: Epoch time: 49.2 s 
2026-09-11 15:04:22.221758:  
2026-09-11 15:04:22.231582: Epoch 216 
2026-09-11 15:04:22.234630: Current learning rate: 0.00803 
2026-09-11 15:05:10.529010: train_loss -0.8508 
2026-09-11 15:05:10.537260: val_loss -0.8013 
2026-09-11 15:05:10.539783: Pseudo dice [np.float32(0.9241), np.float32(0.8542), np.float32(0.8499)] 
2026-09-11 15:05:10.542720: Epoch time: 48.31 s 
2026-09-11 15:05:11.554629:  
2026-09-11 15:05:11.563375: Epoch 217 
2026-09-11 15:05:11.566506: Current learning rate: 0.00802 
2026-09-11 15:06:00.004221: train_loss -0.8521 
2026-09-11 15:06:00.014505: val_loss -0.8388 
2026-09-11 15:06:00.019090: Pseudo dice [np.float32(0.9257), np.float32(0.8742), np.float32(0.8717)] 
2026-09-11 15:06:00.022594: Epoch time: 48.45 s 
2026-09-11 15:06:00.026405: Yayy! New best EMA pseudo Dice: 0.8798999786376953 
2026-09-11 15:06:03.657081:  
2026-09-11 15:06:03.661439: Epoch 218 
2026-09-11 15:06:03.665556: Current learning rate: 0.00801 
2026-09-11 15:06:51.945784: train_loss -0.8424 
2026-09-11 15:06:51.962243: val_loss -0.7999 
2026-09-11 15:06:51.969591: Pseudo dice [np.float32(0.9263), np.float32(0.8432), np.float32(0.8439)] 
2026-09-11 15:06:51.975464: Epoch time: 48.29 s 
2026-09-11 15:06:52.993511:  
2026-09-11 15:06:53.001826: Epoch 219 
2026-09-11 15:06:53.004621: Current learning rate: 0.00801 
2026-09-11 15:07:41.447778: train_loss -0.8555 
2026-09-11 15:07:41.456976: val_loss -0.8151 
2026-09-11 15:07:41.459882: Pseudo dice [np.float32(0.9343), np.float32(0.8545), np.float32(0.8549)] 
2026-09-11 15:07:41.463641: Epoch time: 48.46 s 
2026-09-11 15:07:42.520355:  
2026-09-11 15:07:42.529478: Epoch 220 
2026-09-11 15:07:42.532067: Current learning rate: 0.008 
2026-09-11 15:08:30.929158: train_loss -0.8454 
2026-09-11 15:08:30.936984: val_loss -0.8082 
2026-09-11 15:08:30.939663: Pseudo dice [np.float32(0.929), np.float32(0.8545), np.float32(0.8685)] 
2026-09-11 15:08:30.942788: Epoch time: 48.41 s 
2026-09-11 15:08:31.991153:  
2026-09-11 15:08:32.004368: Epoch 221 
2026-09-11 15:08:32.007093: Current learning rate: 0.00799 
2026-09-11 15:09:20.346096: train_loss -0.848 
2026-09-11 15:09:20.355330: val_loss -0.808 
2026-09-11 15:09:20.358306: Pseudo dice [np.float32(0.9236), np.float32(0.8433), np.float32(0.8539)] 
2026-09-11 15:09:20.362113: Epoch time: 48.36 s 
2026-09-11 15:09:21.360893:  
2026-09-11 15:09:21.368428: Epoch 222 
2026-09-11 15:09:21.371367: Current learning rate: 0.00798 
2026-09-11 15:10:10.092623: train_loss -0.8444 
2026-09-11 15:10:10.101403: val_loss -0.819 
2026-09-11 15:10:10.104248: Pseudo dice [np.float32(0.9224), np.float32(0.8394), np.float32(0.8329)] 
2026-09-11 15:10:10.107444: Epoch time: 48.73 s 
2026-09-11 15:10:11.177971:  
2026-09-11 15:10:11.193414: Epoch 223 
2026-09-11 15:10:11.199352: Current learning rate: 0.00797 
2026-09-11 15:10:59.831687: train_loss -0.8546 
2026-09-11 15:10:59.844678: val_loss -0.8294 
2026-09-11 15:10:59.847521: Pseudo dice [np.float32(0.9303), np.float32(0.8625), np.float32(0.8685)] 
2026-09-11 15:10:59.852038: Epoch time: 48.66 s 
2026-09-11 15:11:00.889262:  
2026-09-11 15:11:00.899700: Epoch 224 
2026-09-11 15:11:00.902707: Current learning rate: 0.00796 
2026-09-11 15:11:49.620834: train_loss -0.8564 
2026-09-11 15:11:49.630405: val_loss -0.8072 
2026-09-11 15:11:49.634202: Pseudo dice [np.float32(0.9259), np.float32(0.8112), np.float32(0.8553)] 
2026-09-11 15:11:49.638081: Epoch time: 48.73 s 
2026-09-11 15:11:50.671353:  
2026-09-11 15:11:50.683298: Epoch 225 
2026-09-11 15:11:50.686264: Current learning rate: 0.00795 
2026-09-11 15:12:39.654171: train_loss -0.8563 
2026-09-11 15:12:39.667412: val_loss -0.7915 
2026-09-11 15:12:39.670405: Pseudo dice [np.float32(0.9166), np.float32(0.8396), np.float32(0.855)] 
2026-09-11 15:12:39.673468: Epoch time: 48.98 s 
2026-09-11 15:12:40.758723:  
2026-09-11 15:12:40.768772: Epoch 226 
2026-09-11 15:12:40.771723: Current learning rate: 0.00794 
2026-09-11 15:13:29.143323: train_loss -0.8501 
2026-09-11 15:13:29.152576: val_loss -0.8405 
2026-09-11 15:13:29.155568: Pseudo dice [np.float32(0.9301), np.float32(0.8785), np.float32(0.8648)] 
2026-09-11 15:13:29.158545: Epoch time: 48.39 s 
2026-09-11 15:13:30.888429:  
2026-09-11 15:13:30.892752: Epoch 227 
2026-09-11 15:13:30.895652: Current learning rate: 0.00793 
2026-09-11 15:14:19.256853: train_loss -0.8455 
2026-09-11 15:14:19.265707: val_loss -0.7944 
2026-09-11 15:14:19.268378: Pseudo dice [np.float32(0.9257), np.float32(0.8252), np.float32(0.8277)] 
2026-09-11 15:14:19.271757: Epoch time: 48.37 s 
2026-09-11 15:14:20.279791:  
2026-09-11 15:14:20.289058: Epoch 228 
2026-09-11 15:14:20.293114: Current learning rate: 0.00792 
2026-09-11 15:15:08.814495: train_loss -0.8527 
2026-09-11 15:15:08.823486: val_loss -0.815 
2026-09-11 15:15:08.826501: Pseudo dice [np.float32(0.9256), np.float32(0.8554), np.float32(0.8617)] 
2026-09-11 15:15:08.830095: Epoch time: 48.54 s 
2026-09-11 15:15:09.859371:  
2026-09-11 15:15:09.872977: Epoch 229 
2026-09-11 15:15:09.875699: Current learning rate: 0.00791 
2026-09-11 15:15:58.185902: train_loss -0.8486 
2026-09-11 15:15:58.194680: val_loss -0.8205 
2026-09-11 15:15:58.197383: Pseudo dice [np.float32(0.928), np.float32(0.8636), np.float32(0.8728)] 
2026-09-11 15:15:58.200420: Epoch time: 48.33 s 
2026-09-11 15:15:59.187227:  
2026-09-11 15:15:59.190563: Epoch 230 
2026-09-11 15:15:59.197630: Current learning rate: 0.0079 
2026-09-11 15:16:47.611882: train_loss -0.863 
2026-09-11 15:16:47.621104: val_loss -0.8227 
2026-09-11 15:16:47.626109: Pseudo dice [np.float32(0.9303), np.float32(0.8361), np.float32(0.8769)] 
2026-09-11 15:16:47.631384: Epoch time: 48.43 s 
2026-09-11 15:16:48.666088:  
2026-09-11 15:16:48.680001: Epoch 231 
2026-09-11 15:16:48.683197: Current learning rate: 0.00789 
2026-09-11 15:17:36.980148: train_loss -0.8597 
2026-09-11 15:17:37.007748: val_loss -0.823 
2026-09-11 15:17:37.019461: Pseudo dice [np.float32(0.9276), np.float32(0.8437), np.float32(0.8459)] 
2026-09-11 15:17:37.031199: Epoch time: 48.32 s 
2026-09-11 15:17:38.068326:  
2026-09-11 15:17:38.116883: Epoch 232 
2026-09-11 15:17:38.129815: Current learning rate: 0.00789 
2026-09-11 15:18:26.445699: train_loss -0.8603 
2026-09-11 15:18:26.455376: val_loss -0.8311 
2026-09-11 15:18:26.458234: Pseudo dice [np.float32(0.9264), np.float32(0.8746), np.float32(0.8368)] 
2026-09-11 15:18:26.461809: Epoch time: 48.38 s 
2026-09-11 15:18:27.457798:  
2026-09-11 15:18:27.474537: Epoch 233 
2026-09-11 15:18:27.477635: Current learning rate: 0.00788 
2026-09-11 15:19:15.953163: train_loss -0.8619 
2026-09-11 15:19:15.983111: val_loss -0.8163 
2026-09-11 15:19:15.996924: Pseudo dice [np.float32(0.9335), np.float32(0.8697), np.float32(0.867)] 
2026-09-11 15:19:16.009969: Epoch time: 48.5 s 
2026-09-11 15:19:17.024016:  
2026-09-11 15:19:17.062412: Epoch 234 
2026-09-11 15:19:17.072528: Current learning rate: 0.00787 
2026-09-11 15:20:05.643661: train_loss -0.8551 
2026-09-11 15:20:05.665746: val_loss -0.8425 
2026-09-11 15:20:05.674047: Pseudo dice [np.float32(0.9346), np.float32(0.8673), np.float32(0.8803)] 
2026-09-11 15:20:05.682769: Epoch time: 48.62 s 
2026-09-11 15:20:05.691519: Yayy! New best EMA pseudo Dice: 0.8804000020027161 
2026-09-11 15:20:09.812994:  
2026-09-11 15:20:09.817336: Epoch 235 
2026-09-11 15:20:09.820582: Current learning rate: 0.00786 
2026-09-11 15:20:58.510967: train_loss -0.8582 
2026-09-11 15:20:58.520539: val_loss -0.8094 
2026-09-11 15:20:58.523159: Pseudo dice [np.float32(0.928), np.float32(0.827), np.float32(0.861)] 
2026-09-11 15:20:58.527647: Epoch time: 48.7 s 
2026-09-11 15:20:59.556134:  
2026-09-11 15:20:59.568919: Epoch 236 
2026-09-11 15:20:59.572471: Current learning rate: 0.00785 
2026-09-11 15:21:48.141418: train_loss -0.8552 
2026-09-11 15:21:48.161627: val_loss -0.8459 
2026-09-11 15:21:48.170472: Pseudo dice [np.float32(0.9316), np.float32(0.8736), np.float32(0.8781)] 
2026-09-11 15:21:48.179641: Epoch time: 48.59 s 
2026-09-11 15:21:48.188641: Yayy! New best EMA pseudo Dice: 0.8810999989509583 
2026-09-11 15:21:51.882546:  
2026-09-11 15:21:51.892196: Epoch 237 
2026-09-11 15:21:51.900778: Current learning rate: 0.00784 
2026-09-11 15:22:40.685962: train_loss -0.8614 
2026-09-11 15:22:40.696696: val_loss -0.8142 
2026-09-11 15:22:40.701033: Pseudo dice [np.float32(0.9204), np.float32(0.8385), np.float32(0.8631)] 
2026-09-11 15:22:40.706003: Epoch time: 48.8 s 
2026-09-11 15:22:41.732929:  
2026-09-11 15:22:41.741644: Epoch 238 
2026-09-11 15:22:41.745561: Current learning rate: 0.00783 
2026-09-11 15:23:30.257115: train_loss -0.8527 
2026-09-11 15:23:30.265649: val_loss -0.8061 
2026-09-11 15:23:30.269160: Pseudo dice [np.float32(0.9215), np.float32(0.8173), np.float32(0.8662)] 
2026-09-11 15:23:30.273191: Epoch time: 48.53 s 
2026-09-11 15:23:31.291598:  
2026-09-11 15:23:31.304329: Epoch 239 
2026-09-11 15:23:31.308098: Current learning rate: 0.00782 
2026-09-11 15:24:19.580554: train_loss -0.8563 
2026-09-11 15:24:19.602955: val_loss -0.8211 
2026-09-11 15:24:19.612429: Pseudo dice [np.float32(0.9308), np.float32(0.8615), np.float32(0.8509)] 
2026-09-11 15:24:19.622866: Epoch time: 48.29 s 
2026-09-11 15:24:20.606833:  
2026-09-11 15:24:20.644703: Epoch 240 
2026-09-11 15:24:20.654984: Current learning rate: 0.00781 
2026-09-11 15:25:09.354260: train_loss -0.8527 
2026-09-11 15:25:09.361838: val_loss -0.7978 
2026-09-11 15:25:09.364674: Pseudo dice [np.float32(0.9251), np.float32(0.8218), np.float32(0.8434)] 
2026-09-11 15:25:09.367771: Epoch time: 48.75 s 
2026-09-11 15:25:10.400602:  
2026-09-11 15:25:10.408242: Epoch 241 
2026-09-11 15:25:10.411346: Current learning rate: 0.0078 
2026-09-11 15:25:58.801863: train_loss -0.8547 
2026-09-11 15:25:58.811893: val_loss -0.7831 
2026-09-11 15:25:58.814920: Pseudo dice [np.float32(0.929), np.float32(0.846), np.float32(0.8158)] 
2026-09-11 15:25:58.817977: Epoch time: 48.4 s 
2026-09-11 15:25:59.799152:  
2026-09-11 15:25:59.807532: Epoch 242 
2026-09-11 15:25:59.815065: Current learning rate: 0.00779 
2026-09-11 15:26:48.169787: train_loss -0.8513 
2026-09-11 15:26:48.196004: val_loss -0.8179 
2026-09-11 15:26:48.206305: Pseudo dice [np.float32(0.9329), np.float32(0.833), np.float32(0.8573)] 
2026-09-11 15:26:48.216509: Epoch time: 48.37 s 
2026-09-11 15:26:49.237615:  
2026-09-11 15:26:49.251873: Epoch 243 
2026-09-11 15:26:49.255502: Current learning rate: 0.00778 
2026-09-11 15:27:37.739295: train_loss -0.8587 
2026-09-11 15:27:37.764103: val_loss -0.8342 
2026-09-11 15:27:37.776211: Pseudo dice [np.float32(0.9289), np.float32(0.876), np.float32(0.8681)] 
2026-09-11 15:27:37.786944: Epoch time: 48.5 s 
2026-09-11 15:27:38.868695:  
2026-09-11 15:27:38.906673: Epoch 244 
2026-09-11 15:27:38.916425: Current learning rate: 0.00777 
2026-09-11 15:28:27.148070: train_loss -0.8577 
2026-09-11 15:28:27.158634: val_loss -0.8279 
2026-09-11 15:28:27.162960: Pseudo dice [np.float32(0.9188), np.float32(0.8676), np.float32(0.8622)] 
2026-09-11 15:28:27.166778: Epoch time: 48.28 s 
2026-09-11 15:28:28.206488:  
2026-09-11 15:28:28.218460: Epoch 245 
2026-09-11 15:28:28.222603: Current learning rate: 0.00777 
2026-09-11 15:29:16.856749: train_loss -0.8639 
2026-09-11 15:29:16.865370: val_loss -0.8065 
2026-09-11 15:29:16.868877: Pseudo dice [np.float32(0.9283), np.float32(0.827), np.float32(0.857)] 
2026-09-11 15:29:16.872162: Epoch time: 48.65 s 
2026-09-11 15:29:17.930547:  
2026-09-11 15:29:17.942378: Epoch 246 
2026-09-11 15:29:17.946175: Current learning rate: 0.00776 
2026-09-11 15:30:06.204893: train_loss -0.8565 
2026-09-11 15:30:06.212143: val_loss -0.7859 
2026-09-11 15:30:06.214925: Pseudo dice [np.float32(0.9284), np.float32(0.8298), np.float32(0.8533)] 
2026-09-11 15:30:06.217489: Epoch time: 48.28 s 
2026-09-11 15:30:07.239965:  
2026-09-11 15:30:07.247115: Epoch 247 
2026-09-11 15:30:07.249895: Current learning rate: 0.00775 
2026-09-11 15:30:55.510504: train_loss -0.8515 
2026-09-11 15:30:55.519676: val_loss -0.82 
2026-09-11 15:30:55.522809: Pseudo dice [np.float32(0.9288), np.float32(0.8329), np.float32(0.8588)] 
2026-09-11 15:30:55.526251: Epoch time: 48.27 s 
2026-09-11 15:30:56.558728:  
2026-09-11 15:30:56.572035: Epoch 248 
2026-09-11 15:30:56.574971: Current learning rate: 0.00774 
2026-09-11 15:31:45.015612: train_loss -0.8582 
2026-09-11 15:31:45.028414: val_loss -0.8115 
2026-09-11 15:31:45.031101: Pseudo dice [np.float32(0.9259), np.float32(0.8314), np.float32(0.8586)] 
2026-09-11 15:31:45.033902: Epoch time: 48.46 s 
2026-09-11 15:31:46.991945:  
2026-09-11 15:31:46.994704: Epoch 249 
2026-09-11 15:31:46.997431: Current learning rate: 0.00773 
2026-09-11 15:32:35.384202: train_loss -0.8525 
2026-09-11 15:32:35.401478: val_loss -0.82 
2026-09-11 15:32:35.407965: Pseudo dice [np.float32(0.9348), np.float32(0.8504), np.float32(0.8473)] 
2026-09-11 15:32:35.417529: Epoch time: 48.39 s 
2026-09-11 15:32:38.757237:  
2026-09-11 15:32:38.760110: Epoch 250 
2026-09-11 15:32:38.762798: Current learning rate: 0.00772 
2026-09-11 15:33:27.143984: train_loss -0.8638 
2026-09-11 15:33:27.153304: val_loss -0.8226 
2026-09-11 15:33:27.156513: Pseudo dice [np.float32(0.9247), np.float32(0.8545), np.float32(0.851)] 
2026-09-11 15:33:27.160086: Epoch time: 48.39 s 
2026-09-11 15:33:28.280524:  
2026-09-11 15:33:28.288787: Epoch 251 
2026-09-11 15:33:28.292188: Current learning rate: 0.00771 
2026-09-11 15:34:16.628927: train_loss -0.8672 
2026-09-11 15:34:16.636948: val_loss -0.8245 
2026-09-11 15:34:16.640350: Pseudo dice [np.float32(0.9352), np.float32(0.8685), np.float32(0.8672)] 
2026-09-11 15:34:16.643651: Epoch time: 48.35 s 
2026-09-11 15:34:17.714652:  
2026-09-11 15:34:17.728352: Epoch 252 
2026-09-11 15:34:17.731225: Current learning rate: 0.0077 
2026-09-11 15:35:06.042359: train_loss -0.8664 
2026-09-11 15:35:06.073947: val_loss -0.8092 
2026-09-11 15:35:06.087141: Pseudo dice [np.float32(0.9305), np.float32(0.8264), np.float32(0.8368)] 
2026-09-11 15:35:06.101515: Epoch time: 48.33 s 
2026-09-11 15:35:07.132191:  
2026-09-11 15:35:07.157251: Epoch 253 
2026-09-11 15:35:07.159812: Current learning rate: 0.00769 
2026-09-11 15:35:55.465110: train_loss -0.8662 
2026-09-11 15:35:55.474961: val_loss -0.8198 
2026-09-11 15:35:55.486780: Pseudo dice [np.float32(0.9301), np.float32(0.8207), np.float32(0.8653)] 
2026-09-11 15:35:55.491232: Epoch time: 48.33 s 
2026-09-11 15:35:56.508119:  
2026-09-11 15:35:56.532515: Epoch 254 
2026-09-11 15:35:56.539041: Current learning rate: 0.00768 
2026-09-11 15:36:44.896126: train_loss -0.8452 
2026-09-11 15:36:44.908007: val_loss -0.7901 
2026-09-11 15:36:44.912088: Pseudo dice [np.float32(0.9215), np.float32(0.8353), np.float32(0.8544)] 
2026-09-11 15:36:44.915645: Epoch time: 48.39 s 
2026-09-11 15:36:45.940458:  
2026-09-11 15:36:45.954000: Epoch 255 
2026-09-11 15:36:45.957420: Current learning rate: 0.00767 
2026-09-11 15:37:34.397002: train_loss -0.8505 
2026-09-11 15:37:34.414140: val_loss -0.7949 
2026-09-11 15:37:34.421252: Pseudo dice [np.float32(0.9258), np.float32(0.8421), np.float32(0.8576)] 
2026-09-11 15:37:34.428077: Epoch time: 48.46 s 
2026-09-11 15:37:35.438745:  
2026-09-11 15:37:35.456588: Epoch 256 
2026-09-11 15:37:35.463794: Current learning rate: 0.00766 
2026-09-11 15:38:23.910875: train_loss -0.8534 
2026-09-11 15:38:23.922813: val_loss -0.8145 
2026-09-11 15:38:23.926347: Pseudo dice [np.float32(0.9245), np.float32(0.8215), np.float32(0.8485)] 
2026-09-11 15:38:23.930021: Epoch time: 48.47 s 
2026-09-11 15:38:25.014858:  
2026-09-11 15:38:25.032104: Epoch 257 
2026-09-11 15:38:25.035738: Current learning rate: 0.00765 
2026-09-11 15:39:13.326936: train_loss -0.852 
2026-09-11 15:39:13.339861: val_loss -0.8017 
2026-09-11 15:39:13.342560: Pseudo dice [np.float32(0.9252), np.float32(0.8531), np.float32(0.8427)] 
2026-09-11 15:39:13.345415: Epoch time: 48.31 s 
2026-09-11 15:39:14.374387:  
2026-09-11 15:39:14.399159: Epoch 258 
2026-09-11 15:39:14.402236: Current learning rate: 0.00764 
2026-09-11 15:40:03.342641: train_loss -0.8592 
2026-09-11 15:40:03.351322: val_loss -0.8158 
2026-09-11 15:40:03.353862: Pseudo dice [np.float32(0.9286), np.float32(0.8411), np.float32(0.8506)] 
2026-09-11 15:40:03.357225: Epoch time: 48.97 s 
2026-09-11 15:40:04.358767:  
2026-09-11 15:40:04.381099: Epoch 259 
2026-09-11 15:40:04.389025: Current learning rate: 0.00764 
2026-09-11 15:40:52.789796: train_loss -0.8664 
2026-09-11 15:40:52.797868: val_loss -0.8381 
2026-09-11 15:40:52.801090: Pseudo dice [np.float32(0.9314), np.float32(0.8677), np.float32(0.8637)] 
2026-09-11 15:40:52.804811: Epoch time: 48.43 s 
2026-09-11 15:40:53.800553:  
2026-09-11 15:40:53.817631: Epoch 260 
2026-09-11 15:40:53.820382: Current learning rate: 0.00763 
2026-09-11 15:41:42.340169: train_loss -0.8549 
2026-09-11 15:41:42.349569: val_loss -0.8162 
2026-09-11 15:41:42.352543: Pseudo dice [np.float32(0.929), np.float32(0.8426), np.float32(0.8585)] 
2026-09-11 15:41:42.356739: Epoch time: 48.54 s 
2026-09-11 15:41:43.436096:  
2026-09-11 15:41:43.463832: Epoch 261 
2026-09-11 15:41:43.468163: Current learning rate: 0.00762 
2026-09-11 15:42:31.939290: train_loss -0.8629 
2026-09-11 15:42:31.948014: val_loss -0.808 
2026-09-11 15:42:31.951231: Pseudo dice [np.float32(0.9218), np.float32(0.8284), np.float32(0.8463)] 
2026-09-11 15:42:31.954027: Epoch time: 48.51 s 
2026-09-11 15:42:32.978563:  
2026-09-11 15:42:32.989816: Epoch 262 
2026-09-11 15:42:32.992631: Current learning rate: 0.00761 
2026-09-11 15:43:21.851405: train_loss -0.865 
2026-09-11 15:43:21.859479: val_loss -0.7802 
2026-09-11 15:43:21.862221: Pseudo dice [np.float32(0.9261), np.float32(0.7921), np.float32(0.8509)] 
2026-09-11 15:43:21.865083: Epoch time: 48.87 s 
2026-09-11 15:43:22.901807:  
2026-09-11 15:43:22.908796: Epoch 263 
2026-09-11 15:43:22.912481: Current learning rate: 0.0076 
2026-09-11 15:44:11.622743: train_loss -0.8666 
2026-09-11 15:44:11.652848: val_loss -0.8283 
2026-09-11 15:44:11.668284: Pseudo dice [np.float32(0.932), np.float32(0.8471), np.float32(0.8643)] 
2026-09-11 15:44:11.682377: Epoch time: 48.72 s 
2026-09-11 15:44:12.733021:  
2026-09-11 15:44:12.740646: Epoch 264 
2026-09-11 15:44:12.745255: Current learning rate: 0.00759 
2026-09-11 15:45:01.534369: train_loss -0.8565 
2026-09-11 15:45:01.544502: val_loss -0.825 
2026-09-11 15:45:01.547290: Pseudo dice [np.float32(0.9344), np.float32(0.876), np.float32(0.865)] 
2026-09-11 15:45:01.550597: Epoch time: 48.8 s 
2026-09-11 15:45:02.634566:  
2026-09-11 15:45:02.648316: Epoch 265 
2026-09-11 15:45:02.651372: Current learning rate: 0.00758 
2026-09-11 15:45:51.239707: train_loss -0.872 
2026-09-11 15:45:51.247597: val_loss -0.8027 
2026-09-11 15:45:51.250730: Pseudo dice [np.float32(0.929), np.float32(0.8495), np.float32(0.8388)] 
2026-09-11 15:45:51.253931: Epoch time: 48.61 s 
2026-09-11 15:45:52.271667:  
2026-09-11 15:45:52.282962: Epoch 266 
2026-09-11 15:45:52.286066: Current learning rate: 0.00757 
2026-09-11 15:46:40.721878: train_loss -0.8628 
2026-09-11 15:46:40.730453: val_loss -0.7527 
2026-09-11 15:46:40.734170: Pseudo dice [np.float32(0.9251), np.float32(0.7723), np.float32(0.8329)] 
2026-09-11 15:46:40.737854: Epoch time: 48.45 s 
2026-09-11 15:46:41.747851:  
2026-09-11 15:46:41.755720: Epoch 267 
2026-09-11 15:46:41.758657: Current learning rate: 0.00756 
2026-09-11 15:47:30.053025: train_loss -0.8569 
2026-09-11 15:47:30.061707: val_loss -0.827 
2026-09-11 15:47:30.064745: Pseudo dice [np.float32(0.9279), np.float32(0.8611), np.float32(0.8406)] 
2026-09-11 15:47:30.068377: Epoch time: 48.31 s 
2026-09-11 15:47:31.083630:  
2026-09-11 15:47:31.102005: Epoch 268 
2026-09-11 15:47:31.106082: Current learning rate: 0.00755 
2026-09-11 15:48:19.736882: train_loss -0.8594 
2026-09-11 15:48:19.745111: val_loss -0.8112 
2026-09-11 15:48:19.748698: Pseudo dice [np.float32(0.9243), np.float32(0.8491), np.float32(0.8557)] 
2026-09-11 15:48:19.752355: Epoch time: 48.65 s 
2026-09-11 15:48:21.644611:  
2026-09-11 15:48:21.647771: Epoch 269 
2026-09-11 15:48:21.651337: Current learning rate: 0.00754 
2026-09-11 15:49:09.930402: train_loss -0.866 
2026-09-11 15:49:09.942180: val_loss -0.8243 
2026-09-11 15:49:09.945087: Pseudo dice [np.float32(0.928), np.float32(0.8516), np.float32(0.8592)] 
2026-09-11 15:49:09.948922: Epoch time: 48.29 s 
2026-09-11 15:49:10.966458:  
2026-09-11 15:49:10.979031: Epoch 270 
2026-09-11 15:49:10.982442: Current learning rate: 0.00753 
2026-09-11 15:49:59.837783: train_loss -0.8674 
2026-09-11 15:49:59.846251: val_loss -0.83 
2026-09-11 15:49:59.849940: Pseudo dice [np.float32(0.9285), np.float32(0.8552), np.float32(0.8665)] 
2026-09-11 15:49:59.853239: Epoch time: 48.87 s 
2026-09-11 15:50:00.870872:  
2026-09-11 15:50:00.882681: Epoch 271 
2026-09-11 15:50:00.885790: Current learning rate: 0.00752 
2026-09-11 15:50:49.860949: train_loss -0.8695 
2026-09-11 15:50:49.869522: val_loss -0.8107 
2026-09-11 15:50:49.872815: Pseudo dice [np.float32(0.921), np.float32(0.8361), np.float32(0.8624)] 
2026-09-11 15:50:49.876288: Epoch time: 48.99 s 
2026-09-11 15:50:50.916247:  
2026-09-11 15:50:50.930719: Epoch 272 
2026-09-11 15:50:50.934441: Current learning rate: 0.00751 
2026-09-11 15:51:39.637583: train_loss -0.8242 
2026-09-11 15:51:39.650185: val_loss -0.7357 
2026-09-11 15:51:39.652964: Pseudo dice [np.float32(0.8872), np.float32(0.7643), np.float32(0.811)] 
2026-09-11 15:51:39.655480: Epoch time: 48.72 s 
2026-09-11 15:51:40.671683:  
2026-09-11 15:51:40.684555: Epoch 273 
2026-09-11 15:51:40.687420: Current learning rate: 0.00751 
2026-09-11 15:52:29.384407: train_loss -0.796 
2026-09-11 15:52:29.393078: val_loss -0.7745 
2026-09-11 15:52:29.395899: Pseudo dice [np.float32(0.9074), np.float32(0.8425), np.float32(0.8435)] 
2026-09-11 15:52:29.398955: Epoch time: 48.71 s 
2026-09-11 15:52:30.533873:  
2026-09-11 15:52:30.542584: Epoch 274 
2026-09-11 15:52:30.545648: Current learning rate: 0.0075 
2026-09-11 15:53:19.289593: train_loss -0.8184 
2026-09-11 15:53:19.298418: val_loss -0.7849 
2026-09-11 15:53:19.301283: Pseudo dice [np.float32(0.9145), np.float32(0.8392), np.float32(0.8436)] 
2026-09-11 15:53:19.304195: Epoch time: 48.76 s 
2026-09-11 15:53:20.362660:  
2026-09-11 15:53:20.375207: Epoch 275 
2026-09-11 15:53:20.378343: Current learning rate: 0.00749 
2026-09-11 15:54:08.755416: train_loss -0.8353 
2026-09-11 15:54:08.764045: val_loss -0.8099 
2026-09-11 15:54:08.767223: Pseudo dice [np.float32(0.9195), np.float32(0.8423), np.float32(0.8543)] 
2026-09-11 15:54:08.770404: Epoch time: 48.39 s 
2026-09-11 15:54:09.768353:  
2026-09-11 15:54:09.780621: Epoch 276 
2026-09-11 15:54:09.783109: Current learning rate: 0.00748 
2026-09-11 15:54:58.891649: train_loss -0.8414 
2026-09-11 15:54:58.923501: val_loss -0.7941 
2026-09-11 15:54:58.937889: Pseudo dice [np.float32(0.9221), np.float32(0.8077), np.float32(0.8153)] 
2026-09-11 15:54:58.951565: Epoch time: 49.12 s 
2026-09-11 15:54:59.970222:  
2026-09-11 15:55:00.009828: Epoch 277 
2026-09-11 15:55:00.022591: Current learning rate: 0.00747 
2026-09-11 15:55:48.348413: train_loss -0.8306 
2026-09-11 15:55:48.359957: val_loss -0.8241 
2026-09-11 15:55:48.363044: Pseudo dice [np.float32(0.9248), np.float32(0.8407), np.float32(0.8542)] 
2026-09-11 15:55:48.366377: Epoch time: 48.38 s 
2026-09-11 15:55:49.374443:  
2026-09-11 15:55:49.388066: Epoch 278 
2026-09-11 15:55:49.390339: Current learning rate: 0.00746 
2026-09-11 15:56:38.533401: train_loss -0.8447 
2026-09-11 15:56:38.544357: val_loss -0.8132 
2026-09-11 15:56:38.548380: Pseudo dice [np.float32(0.9231), np.float32(0.8376), np.float32(0.8508)] 
2026-09-11 15:56:38.552417: Epoch time: 49.16 s 
2026-09-11 15:56:39.703441:  
2026-09-11 15:56:39.718070: Epoch 279 
2026-09-11 15:56:39.720577: Current learning rate: 0.00745 
2026-09-11 15:57:28.432985: train_loss -0.8495 
2026-09-11 15:57:28.441143: val_loss -0.8003 
2026-09-11 15:57:28.444130: Pseudo dice [np.float32(0.9333), np.float32(0.8181), np.float32(0.877)] 
2026-09-11 15:57:28.447383: Epoch time: 48.73 s 
2026-09-11 15:57:29.465266:  
2026-09-11 15:57:29.474158: Epoch 280 
2026-09-11 15:57:29.476779: Current learning rate: 0.00744 
2026-09-11 15:58:18.198565: train_loss -0.8493 
2026-09-11 15:58:18.217733: val_loss -0.7808 
2026-09-11 15:58:18.226151: Pseudo dice [np.float32(0.9222), np.float32(0.8002), np.float32(0.8529)] 
2026-09-11 15:58:18.235114: Epoch time: 48.73 s 
2026-09-11 15:58:19.259244:  
2026-09-11 15:58:19.295010: Epoch 281 
2026-09-11 15:58:19.304206: Current learning rate: 0.00743 
2026-09-11 15:59:08.020984: train_loss -0.8509 
2026-09-11 15:59:08.033812: val_loss -0.7999 
2026-09-11 15:59:08.036583: Pseudo dice [np.float32(0.9132), np.float32(0.8113), np.float32(0.8191)] 
2026-09-11 15:59:08.039259: Epoch time: 48.76 s 
2026-09-11 15:59:09.145808:  
2026-09-11 15:59:09.167898: Epoch 282 
2026-09-11 15:59:09.170563: Current learning rate: 0.00742 
2026-09-11 15:59:57.933239: train_loss -0.8441 
2026-09-11 15:59:57.946438: val_loss -0.8336 
2026-09-11 15:59:57.950193: Pseudo dice [np.float32(0.93), np.float32(0.8658), np.float32(0.8773)] 
2026-09-11 15:59:57.953544: Epoch time: 48.79 s 
2026-09-11 15:59:59.099408:  
2026-09-11 15:59:59.122685: Epoch 283 
2026-09-11 15:59:59.125343: Current learning rate: 0.00741 
2026-09-11 16:00:47.653151: train_loss -0.8585 
2026-09-11 16:00:47.662073: val_loss -0.8124 
2026-09-11 16:00:47.665108: Pseudo dice [np.float32(0.9304), np.float32(0.8288), np.float32(0.8625)] 
2026-09-11 16:00:47.667895: Epoch time: 48.56 s 
2026-09-11 16:00:48.698483:  
2026-09-11 16:00:48.721317: Epoch 284 
2026-09-11 16:00:48.723751: Current learning rate: 0.0074 
2026-09-11 16:01:37.596534: train_loss -0.8495 
2026-09-11 16:01:37.606234: val_loss -0.83 
2026-09-11 16:01:37.609711: Pseudo dice [np.float32(0.9319), np.float32(0.865), np.float32(0.8631)] 
2026-09-11 16:01:37.613293: Epoch time: 48.9 s 
2026-09-11 16:01:38.683472:  
2026-09-11 16:01:38.691554: Epoch 285 
2026-09-11 16:01:38.695182: Current learning rate: 0.00739 
2026-09-11 16:02:27.191215: train_loss -0.8562 
2026-09-11 16:02:27.199703: val_loss -0.8057 
2026-09-11 16:02:27.202901: Pseudo dice [np.float32(0.9255), np.float32(0.8558), np.float32(0.8548)] 
2026-09-11 16:02:27.206848: Epoch time: 48.51 s 
2026-09-11 16:02:28.265945:  
2026-09-11 16:02:28.275481: Epoch 286 
2026-09-11 16:02:28.278204: Current learning rate: 0.00738 
2026-09-11 16:03:16.927875: train_loss -0.8602 
2026-09-11 16:03:16.937707: val_loss -0.8125 
2026-09-11 16:03:16.940710: Pseudo dice [np.float32(0.9337), np.float32(0.8534), np.float32(0.8491)] 
2026-09-11 16:03:16.944010: Epoch time: 48.66 s 
2026-09-11 16:03:17.977875:  
2026-09-11 16:03:17.990931: Epoch 287 
2026-09-11 16:03:17.993600: Current learning rate: 0.00738 
2026-09-11 16:04:06.401901: train_loss -0.86 
2026-09-11 16:04:06.410838: val_loss -0.7844 
2026-09-11 16:04:06.413821: Pseudo dice [np.float32(0.9207), np.float32(0.8506), np.float32(0.8316)] 
2026-09-11 16:04:06.417217: Epoch time: 48.42 s 
2026-09-11 16:04:07.470325:  
2026-09-11 16:04:07.485238: Epoch 288 
2026-09-11 16:04:07.488287: Current learning rate: 0.00737 
2026-09-11 16:04:55.887784: train_loss -0.8571 
2026-09-11 16:04:55.895457: val_loss -0.8416 
2026-09-11 16:04:55.898883: Pseudo dice [np.float32(0.9252), np.float32(0.8519), np.float32(0.8605)] 
2026-09-11 16:04:55.902515: Epoch time: 48.42 s 
2026-09-11 16:04:56.913918:  
2026-09-11 16:04:56.927251: Epoch 289 
2026-09-11 16:04:56.929749: Current learning rate: 0.00736 
2026-09-11 16:05:46.056208: train_loss -0.8605 
2026-09-11 16:05:46.066599: val_loss -0.8419 
2026-09-11 16:05:46.071126: Pseudo dice [np.float32(0.9335), np.float32(0.8828), np.float32(0.8928)] 
2026-09-11 16:05:46.075360: Epoch time: 49.14 s 
2026-09-11 16:05:47.883414:  
2026-09-11 16:05:47.887632: Epoch 290 
2026-09-11 16:05:47.892516: Current learning rate: 0.00735 
2026-09-11 16:06:36.544397: train_loss -0.8528 
2026-09-11 16:06:36.552398: val_loss -0.8079 
2026-09-11 16:06:36.555423: Pseudo dice [np.float32(0.9262), np.float32(0.8506), np.float32(0.8293)] 
2026-09-11 16:06:36.558339: Epoch time: 48.66 s 
2026-09-11 16:06:37.618376:  
2026-09-11 16:06:37.633914: Epoch 291 
2026-09-11 16:06:37.636612: Current learning rate: 0.00734 
2026-09-11 16:07:26.721405: train_loss -0.8584 
2026-09-11 16:07:26.729474: val_loss -0.8313 
2026-09-11 16:07:26.732772: Pseudo dice [np.float32(0.9214), np.float32(0.8638), np.float32(0.8754)] 
2026-09-11 16:07:26.736085: Epoch time: 49.1 s 
2026-09-11 16:07:27.852852:  
2026-09-11 16:07:27.862683: Epoch 292 
2026-09-11 16:07:27.865854: Current learning rate: 0.00733 
2026-09-11 16:08:16.264428: train_loss -0.8596 
2026-09-11 16:08:16.273248: val_loss -0.8253 
2026-09-11 16:08:16.276396: Pseudo dice [np.float32(0.9304), np.float32(0.8747), np.float32(0.8606)] 
2026-09-11 16:08:16.280392: Epoch time: 48.41 s 
2026-09-11 16:08:17.351311:  
2026-09-11 16:08:17.359759: Epoch 293 
2026-09-11 16:08:17.362758: Current learning rate: 0.00732 
2026-09-11 16:09:05.913454: train_loss -0.8591 
2026-09-11 16:09:05.921794: val_loss -0.8233 
2026-09-11 16:09:05.925722: Pseudo dice [np.float32(0.9346), np.float32(0.8756), np.float32(0.8577)] 
2026-09-11 16:09:05.928687: Epoch time: 48.56 s 
2026-09-11 16:09:06.980837:  
2026-09-11 16:09:06.991928: Epoch 294 
2026-09-11 16:09:06.994771: Current learning rate: 0.00731 
2026-09-11 16:09:56.045283: train_loss -0.8611 
2026-09-11 16:09:56.053832: val_loss -0.8185 
2026-09-11 16:09:56.057096: Pseudo dice [np.float32(0.9344), np.float32(0.8523), np.float32(0.8746)] 
2026-09-11 16:09:56.060200: Epoch time: 49.07 s 
2026-09-11 16:09:57.095814:  
2026-09-11 16:09:57.103479: Epoch 295 
2026-09-11 16:09:57.106926: Current learning rate: 0.0073 
2026-09-11 16:10:46.200283: train_loss -0.8629 
2026-09-11 16:10:46.209807: val_loss -0.8116 
2026-09-11 16:10:46.213228: Pseudo dice [np.float32(0.9247), np.float32(0.8382), np.float32(0.8285)] 
2026-09-11 16:10:46.217883: Epoch time: 49.11 s 
2026-09-11 16:10:47.311475:  
2026-09-11 16:10:47.321351: Epoch 296 
2026-09-11 16:10:47.325998: Current learning rate: 0.00729 
2026-09-11 16:11:36.198088: train_loss -0.8638 
2026-09-11 16:11:36.221527: val_loss -0.7963 
2026-09-11 16:11:36.230249: Pseudo dice [np.float32(0.9309), np.float32(0.8463), np.float32(0.8739)] 
2026-09-11 16:11:36.239332: Epoch time: 48.89 s 
2026-09-11 16:11:37.340747:  
2026-09-11 16:11:37.381635: Epoch 297 
2026-09-11 16:11:37.391906: Current learning rate: 0.00728 
2026-09-11 16:12:26.094363: train_loss -0.8621 
2026-09-11 16:12:26.118559: val_loss -0.8098 
2026-09-11 16:12:26.129073: Pseudo dice [np.float32(0.9249), np.float32(0.8441), np.float32(0.8303)] 
2026-09-11 16:12:26.140190: Epoch time: 48.75 s 
2026-09-11 16:12:27.178895:  
2026-09-11 16:12:27.216711: Epoch 298 
2026-09-11 16:12:27.226021: Current learning rate: 0.00727 
2026-09-11 16:13:16.307365: train_loss -0.8612 
2026-09-11 16:13:16.315719: val_loss -0.8328 
2026-09-11 16:13:16.318665: Pseudo dice [np.float32(0.918), np.float32(0.8537), np.float32(0.8495)] 
2026-09-11 16:13:16.322287: Epoch time: 49.13 s 
2026-09-11 16:13:17.392202:  
2026-09-11 16:13:17.404040: Epoch 299 
2026-09-11 16:13:17.407062: Current learning rate: 0.00726 
2026-09-11 16:14:05.916734: train_loss -0.8569 
2026-09-11 16:14:05.964437: val_loss -0.7855 
2026-09-11 16:14:05.978035: Pseudo dice [np.float32(0.9159), np.float32(0.8295), np.float32(0.8726)] 
2026-09-11 16:14:05.991931: Epoch time: 48.53 s 
2026-09-11 16:14:09.539484:  
2026-09-11 16:14:09.543006: Epoch 300 
2026-09-11 16:14:09.547090: Current learning rate: 0.00725 
2026-09-11 16:14:58.209978: train_loss -0.8545 
2026-09-11 16:14:58.230838: val_loss -0.8067 
2026-09-11 16:14:58.239576: Pseudo dice [np.float32(0.9263), np.float32(0.8401), np.float32(0.8495)] 
2026-09-11 16:14:58.248200: Epoch time: 48.67 s 
2026-09-11 16:14:59.351900:  
2026-09-11 16:14:59.365035: Epoch 301 
2026-09-11 16:14:59.368540: Current learning rate: 0.00724 
2026-09-11 16:15:47.712342: train_loss -0.8503 
2026-09-11 16:15:47.727140: val_loss -0.7943 
2026-09-11 16:15:47.733997: Pseudo dice [np.float32(0.9162), np.float32(0.8045), np.float32(0.8263)] 
2026-09-11 16:15:47.741040: Epoch time: 48.36 s 
2026-09-11 16:15:48.743429:  
2026-09-11 16:15:48.763523: Epoch 302 
2026-09-11 16:15:48.767039: Current learning rate: 0.00724 
2026-09-11 16:16:37.058096: train_loss -0.8468 
2026-09-11 16:16:37.066043: val_loss -0.8117 
2026-09-11 16:16:37.068716: Pseudo dice [np.float32(0.9199), np.float32(0.8402), np.float32(0.8557)] 
2026-09-11 16:16:37.071869: Epoch time: 48.32 s 
2026-09-11 16:16:38.120103:  
2026-09-11 16:16:38.129601: Epoch 303 
2026-09-11 16:16:38.132527: Current learning rate: 0.00723 
2026-09-11 16:17:26.723000: train_loss -0.8508 
2026-09-11 16:17:26.732382: val_loss -0.8187 
2026-09-11 16:17:26.735425: Pseudo dice [np.float32(0.927), np.float32(0.8378), np.float32(0.8423)] 
2026-09-11 16:17:26.738898: Epoch time: 48.6 s 
2026-09-11 16:17:27.772790:  
2026-09-11 16:17:27.785815: Epoch 304 
2026-09-11 16:17:27.812621: Current learning rate: 0.00722 
2026-09-11 16:18:16.615082: train_loss -0.8528 
2026-09-11 16:18:16.623875: val_loss -0.8013 
2026-09-11 16:18:16.628563: Pseudo dice [np.float32(0.9158), np.float32(0.8178), np.float32(0.8136)] 
2026-09-11 16:18:16.631519: Epoch time: 48.84 s 
2026-09-11 16:18:17.646159:  
2026-09-11 16:18:17.659874: Epoch 305 
2026-09-11 16:18:17.662954: Current learning rate: 0.00721 
2026-09-11 16:19:06.032957: train_loss -0.8667 
2026-09-11 16:19:06.041599: val_loss -0.8286 
2026-09-11 16:19:06.044918: Pseudo dice [np.float32(0.9328), np.float32(0.8639), np.float32(0.8621)] 
2026-09-11 16:19:06.048574: Epoch time: 48.39 s 
2026-09-11 16:19:07.077013:  
2026-09-11 16:19:07.087803: Epoch 306 
2026-09-11 16:19:07.091352: Current learning rate: 0.0072 
2026-09-11 16:19:55.427335: train_loss -0.8652 
2026-09-11 16:19:55.438164: val_loss -0.8003 
2026-09-11 16:19:55.442958: Pseudo dice [np.float32(0.9301), np.float32(0.8264), np.float32(0.845)] 
2026-09-11 16:19:55.446834: Epoch time: 48.35 s 
2026-09-11 16:19:56.496203:  
2026-09-11 16:19:56.507767: Epoch 307 
2026-09-11 16:19:56.511647: Current learning rate: 0.00719 
2026-09-11 16:20:44.952164: train_loss -0.8618 
2026-09-11 16:20:44.974671: val_loss -0.8237 
2026-09-11 16:20:44.977641: Pseudo dice [np.float32(0.9242), np.float32(0.8427), np.float32(0.8663)] 
2026-09-11 16:20:44.980762: Epoch time: 48.46 s 
2026-09-11 16:20:46.001858:  
2026-09-11 16:20:46.014787: Epoch 308 
2026-09-11 16:20:46.017896: Current learning rate: 0.00718 
2026-09-11 16:21:34.486567: train_loss -0.8595 
2026-09-11 16:21:34.509346: val_loss -0.839 
2026-09-11 16:21:34.518571: Pseudo dice [np.float32(0.93), np.float32(0.8454), np.float32(0.8615)] 
2026-09-11 16:21:34.528060: Epoch time: 48.49 s 
2026-09-11 16:21:35.559458:  
2026-09-11 16:21:35.574953: Epoch 309 
2026-09-11 16:21:35.582601: Current learning rate: 0.00717 
2026-09-11 16:22:24.159626: train_loss -0.8622 
2026-09-11 16:22:24.168094: val_loss -0.8068 
2026-09-11 16:22:24.171491: Pseudo dice [np.float32(0.9246), np.float32(0.8406), np.float32(0.8537)] 
2026-09-11 16:22:24.174287: Epoch time: 48.6 s 
2026-09-11 16:22:25.944956:  
2026-09-11 16:22:25.953302: Epoch 310 
2026-09-11 16:22:25.961815: Current learning rate: 0.00716 
2026-09-11 16:23:14.742015: train_loss -0.8736 
2026-09-11 16:23:14.777071: val_loss -0.7844 
2026-09-11 16:23:14.792518: Pseudo dice [np.float32(0.9272), np.float32(0.8241), np.float32(0.8585)] 
2026-09-11 16:23:14.804137: Epoch time: 48.8 s 
2026-09-11 16:23:15.852962:  
2026-09-11 16:23:15.875386: Epoch 311 
2026-09-11 16:23:15.884863: Current learning rate: 0.00715 
2026-09-11 16:24:04.533105: train_loss -0.8588 
2026-09-11 16:24:04.541782: val_loss -0.7891 
2026-09-11 16:24:04.544797: Pseudo dice [np.float32(0.9282), np.float32(0.8283), np.float32(0.8426)] 
2026-09-11 16:24:04.548954: Epoch time: 48.68 s 
2026-09-11 16:24:05.599483:  
2026-09-11 16:24:05.612191: Epoch 312 
2026-09-11 16:24:05.615156: Current learning rate: 0.00714 
2026-09-11 16:24:54.145958: train_loss -0.8686 
2026-09-11 16:24:54.154866: val_loss -0.8065 
2026-09-11 16:24:54.158088: Pseudo dice [np.float32(0.9206), np.float32(0.8274), np.float32(0.8486)] 
2026-09-11 16:24:54.161195: Epoch time: 48.55 s 
2026-09-11 16:24:55.227198:  
2026-09-11 16:24:55.241282: Epoch 313 
2026-09-11 16:24:55.244123: Current learning rate: 0.00713 
2026-09-11 16:25:43.540837: train_loss -0.8685 
2026-09-11 16:25:43.567113: val_loss -0.7874 
2026-09-11 16:25:43.578717: Pseudo dice [np.float32(0.9332), np.float32(0.8113), np.float32(0.8513)] 
2026-09-11 16:25:43.588898: Epoch time: 48.31 s 
2026-09-11 16:25:44.620940:  
2026-09-11 16:25:44.660881: Epoch 314 
2026-09-11 16:25:44.671371: Current learning rate: 0.00712 
2026-09-11 16:26:33.252014: train_loss -0.87 
2026-09-11 16:26:33.263470: val_loss -0.8308 
2026-09-11 16:26:33.266528: Pseudo dice [np.float32(0.932), np.float32(0.8582), np.float32(0.8682)] 
2026-09-11 16:26:33.269766: Epoch time: 48.63 s 
2026-09-11 16:26:34.325178:  
2026-09-11 16:26:34.341303: Epoch 315 
2026-09-11 16:26:34.344108: Current learning rate: 0.00711 
2026-09-11 16:27:22.641568: train_loss -0.8727 
2026-09-11 16:27:22.673732: val_loss -0.8153 
2026-09-11 16:27:22.686635: Pseudo dice [np.float32(0.93), np.float32(0.841), np.float32(0.8575)] 
2026-09-11 16:27:22.696390: Epoch time: 48.32 s 
2026-09-11 16:27:23.727192:  
2026-09-11 16:27:23.761766: Epoch 316 
2026-09-11 16:27:23.770759: Current learning rate: 0.0071 
2026-09-11 16:28:12.910893: train_loss -0.8716 
2026-09-11 16:28:12.919330: val_loss -0.7933 
2026-09-11 16:28:12.923130: Pseudo dice [np.float32(0.9361), np.float32(0.8056), np.float32(0.8678)] 
2026-09-11 16:28:12.926986: Epoch time: 49.18 s 
2026-09-11 16:28:14.033271:  
2026-09-11 16:28:14.040669: Epoch 317 
2026-09-11 16:28:14.043490: Current learning rate: 0.0071 
2026-09-11 16:29:02.944852: train_loss -0.8613 
2026-09-11 16:29:02.953107: val_loss -0.7881 
2026-09-11 16:29:02.955749: Pseudo dice [np.float32(0.9322), np.float32(0.828), np.float32(0.8377)] 
2026-09-11 16:29:02.958768: Epoch time: 48.91 s 
2026-09-11 16:29:04.116088:  
2026-09-11 16:29:04.130507: Epoch 318 
2026-09-11 16:29:04.133278: Current learning rate: 0.00709 
2026-09-11 16:29:52.769741: train_loss -0.8641 
2026-09-11 16:29:52.777846: val_loss -0.7973 
2026-09-11 16:29:52.780893: Pseudo dice [np.float32(0.9212), np.float32(0.8192), np.float32(0.8346)] 
2026-09-11 16:29:52.786140: Epoch time: 48.65 s 
2026-09-11 16:29:53.823405:  
2026-09-11 16:29:53.835515: Epoch 319 
2026-09-11 16:29:53.838706: Current learning rate: 0.00708 
2026-09-11 16:30:42.786743: train_loss -0.8653 
2026-09-11 16:30:42.807126: val_loss -0.8234 
2026-09-11 16:30:42.815715: Pseudo dice [np.float32(0.9279), np.float32(0.8665), np.float32(0.8735)] 
2026-09-11 16:30:42.824103: Epoch time: 48.96 s 
2026-09-11 16:30:43.910496:  
2026-09-11 16:30:43.936914: Epoch 320 
2026-09-11 16:30:43.954577: Current learning rate: 0.00707 
2026-09-11 16:31:32.547738: train_loss -0.8719 
2026-09-11 16:31:32.559615: val_loss -0.8433 
2026-09-11 16:31:32.562784: Pseudo dice [np.float32(0.9351), np.float32(0.8807), np.float32(0.8776)] 
2026-09-11 16:31:32.566126: Epoch time: 48.64 s 
2026-09-11 16:31:33.628371:  
2026-09-11 16:31:33.649992: Epoch 321 
2026-09-11 16:31:33.652809: Current learning rate: 0.00706 
2026-09-11 16:32:22.518190: train_loss -0.8702 
2026-09-11 16:32:22.527864: val_loss -0.7971 
2026-09-11 16:32:22.531122: Pseudo dice [np.float32(0.9268), np.float32(0.847), np.float32(0.8566)] 
2026-09-11 16:32:22.536534: Epoch time: 48.89 s 
2026-09-11 16:32:23.621970:  
2026-09-11 16:32:23.631873: Epoch 322 
2026-09-11 16:32:23.635387: Current learning rate: 0.00705 
2026-09-11 16:33:12.350422: train_loss -0.8636 
2026-09-11 16:33:12.358527: val_loss -0.8142 
2026-09-11 16:33:12.361849: Pseudo dice [np.float32(0.9254), np.float32(0.8384), np.float32(0.8519)] 
2026-09-11 16:33:12.365743: Epoch time: 48.73 s 
2026-09-11 16:33:13.439856:  
2026-09-11 16:33:13.453218: Epoch 323 
2026-09-11 16:33:13.456366: Current learning rate: 0.00704 
2026-09-11 16:34:03.042238: train_loss -0.8726 
2026-09-11 16:34:03.051373: val_loss -0.8125 
2026-09-11 16:34:03.055147: Pseudo dice [np.float32(0.9272), np.float32(0.8585), np.float32(0.8696)] 
2026-09-11 16:34:03.058783: Epoch time: 49.6 s 
2026-09-11 16:34:04.178657:  
2026-09-11 16:34:04.191228: Epoch 324 
2026-09-11 16:34:04.194970: Current learning rate: 0.00703 
2026-09-11 16:34:52.885574: train_loss -0.8661 
2026-09-11 16:34:52.894464: val_loss -0.8118 
2026-09-11 16:34:52.897777: Pseudo dice [np.float32(0.9238), np.float32(0.8611), np.float32(0.8584)] 
2026-09-11 16:34:52.901220: Epoch time: 48.71 s 
2026-09-11 16:34:53.936456:  
2026-09-11 16:34:53.948052: Epoch 325 
2026-09-11 16:34:53.951669: Current learning rate: 0.00702 
2026-09-11 16:35:42.367564: train_loss -0.8684 
2026-09-11 16:35:42.375785: val_loss -0.7976 
2026-09-11 16:35:42.379186: Pseudo dice [np.float32(0.9238), np.float32(0.8396), np.float32(0.8552)] 
2026-09-11 16:35:42.383085: Epoch time: 48.43 s 
2026-09-11 16:35:43.401556:  
2026-09-11 16:35:43.415489: Epoch 326 
2026-09-11 16:35:43.418228: Current learning rate: 0.00701 
2026-09-11 16:36:32.007730: train_loss -0.8708 
2026-09-11 16:36:32.016108: val_loss -0.8106 
2026-09-11 16:36:32.019153: Pseudo dice [np.float32(0.9314), np.float32(0.8583), np.float32(0.8325)] 
2026-09-11 16:36:32.022281: Epoch time: 48.61 s 
2026-09-11 16:36:33.070012:  
2026-09-11 16:36:33.083108: Epoch 327 
2026-09-11 16:36:33.085634: Current learning rate: 0.007 
2026-09-11 16:37:21.567956: train_loss -0.8689 
2026-09-11 16:37:21.575586: val_loss -0.8094 
2026-09-11 16:37:21.579547: Pseudo dice [np.float32(0.927), np.float32(0.8355), np.float32(0.8494)] 
2026-09-11 16:37:21.582989: Epoch time: 48.5 s 
2026-09-11 16:37:22.625436:  
2026-09-11 16:37:22.639565: Epoch 328 
2026-09-11 16:37:22.642339: Current learning rate: 0.00699 
2026-09-11 16:38:10.981900: train_loss -0.8704 
2026-09-11 16:38:10.990943: val_loss -0.8005 
2026-09-11 16:38:10.993678: Pseudo dice [np.float32(0.9266), np.float32(0.8225), np.float32(0.8541)] 
2026-09-11 16:38:10.997372: Epoch time: 48.36 s 
2026-09-11 16:38:12.097479:  
2026-09-11 16:38:12.106656: Epoch 329 
2026-09-11 16:38:12.109100: Current learning rate: 0.00698 
2026-09-11 16:39:00.590844: train_loss -0.874 
2026-09-11 16:39:00.599230: val_loss -0.8162 
2026-09-11 16:39:00.602199: Pseudo dice [np.float32(0.9273), np.float32(0.8238), np.float32(0.8215)] 
2026-09-11 16:39:00.605875: Epoch time: 48.5 s 
2026-09-11 16:39:02.572324:  
2026-09-11 16:39:02.575934: Epoch 330 
2026-09-11 16:39:02.578800: Current learning rate: 0.00697 
2026-09-11 16:39:51.036599: train_loss -0.8707 
2026-09-11 16:39:51.044097: val_loss -0.8361 
2026-09-11 16:39:51.047475: Pseudo dice [np.float32(0.9343), np.float32(0.8664), np.float32(0.8748)] 
2026-09-11 16:39:51.050505: Epoch time: 48.47 s 
2026-09-11 16:39:52.085007:  
2026-09-11 16:39:52.096724: Epoch 331 
2026-09-11 16:39:52.099900: Current learning rate: 0.00696 
2026-09-11 16:40:40.466798: train_loss -0.8649 
2026-09-11 16:40:40.475403: val_loss -0.7967 
2026-09-11 16:40:40.478467: Pseudo dice [np.float32(0.9308), np.float32(0.8268), np.float32(0.8161)] 
2026-09-11 16:40:40.481462: Epoch time: 48.38 s 
2026-09-11 16:40:41.534138:  
2026-09-11 16:40:41.549110: Epoch 332 
2026-09-11 16:40:41.551242: Current learning rate: 0.00696 
2026-09-11 16:41:29.840793: train_loss -0.8684 
2026-09-11 16:41:29.856966: val_loss -0.8003 
2026-09-11 16:41:29.864338: Pseudo dice [np.float32(0.9303), np.float32(0.847), np.float32(0.8548)] 
2026-09-11 16:41:29.868123: Epoch time: 48.31 s 
2026-09-11 16:41:30.894583:  
2026-09-11 16:41:30.906877: Epoch 333 
2026-09-11 16:41:30.911926: Current learning rate: 0.00695 
2026-09-11 16:42:19.565515: train_loss -0.8725 
2026-09-11 16:42:19.589281: val_loss -0.8117 
2026-09-11 16:42:19.597284: Pseudo dice [np.float32(0.9291), np.float32(0.8259), np.float32(0.8598)] 
2026-09-11 16:42:19.621220: Epoch time: 48.67 s 
2026-09-11 16:42:20.682674:  
2026-09-11 16:42:20.713432: Epoch 334 
2026-09-11 16:42:20.723007: Current learning rate: 0.00694 
2026-09-11 16:43:09.116619: train_loss -0.8737 
2026-09-11 16:43:09.125764: val_loss -0.8058 
2026-09-11 16:43:09.129581: Pseudo dice [np.float32(0.9355), np.float32(0.8433), np.float32(0.8507)] 
2026-09-11 16:43:09.132901: Epoch time: 48.43 s 
2026-09-11 16:43:10.161377:  
2026-09-11 16:43:10.170754: Epoch 335 
2026-09-11 16:43:10.173881: Current learning rate: 0.00693 
2026-09-11 16:43:59.054497: train_loss -0.8562 
2026-09-11 16:43:59.063956: val_loss -0.7982 
2026-09-11 16:43:59.067292: Pseudo dice [np.float32(0.93), np.float32(0.8321), np.float32(0.862)] 
2026-09-11 16:43:59.070928: Epoch time: 48.89 s 
2026-09-11 16:44:00.198377:  
2026-09-11 16:44:00.207190: Epoch 336 
2026-09-11 16:44:00.210074: Current learning rate: 0.00692 
2026-09-11 16:44:49.126049: train_loss -0.86 
2026-09-11 16:44:49.135336: val_loss -0.8082 
2026-09-11 16:44:49.138992: Pseudo dice [np.float32(0.9265), np.float32(0.8437), np.float32(0.8404)] 
2026-09-11 16:44:49.143990: Epoch time: 48.93 s 
2026-09-11 16:44:50.270043:  
2026-09-11 16:44:50.283951: Epoch 337 
2026-09-11 16:44:50.287284: Current learning rate: 0.00691 
2026-09-11 16:45:38.701093: train_loss -0.8668 
2026-09-11 16:45:38.709766: val_loss -0.7916 
2026-09-11 16:45:38.712839: Pseudo dice [np.float32(0.9292), np.float32(0.8478), np.float32(0.838)] 
2026-09-11 16:45:38.715921: Epoch time: 48.43 s 
2026-09-11 16:45:39.814469:  
2026-09-11 16:45:39.825006: Epoch 338 
2026-09-11 16:45:39.828210: Current learning rate: 0.0069 
2026-09-11 16:46:28.119630: train_loss -0.8687 
2026-09-11 16:46:28.149182: val_loss -0.8199 
2026-09-11 16:46:28.162467: Pseudo dice [np.float32(0.9273), np.float32(0.8664), np.float32(0.8321)] 
2026-09-11 16:46:28.175524: Epoch time: 48.31 s 
2026-09-11 16:46:29.248967:  
2026-09-11 16:46:29.290245: Epoch 339 
2026-09-11 16:46:29.301132: Current learning rate: 0.00689 
2026-09-11 16:47:18.340704: train_loss -0.8696 
2026-09-11 16:47:18.354792: val_loss -0.8163 
2026-09-11 16:47:18.358139: Pseudo dice [np.float32(0.9331), np.float32(0.8472), np.float32(0.8482)] 
2026-09-11 16:47:18.361301: Epoch time: 49.09 s 
2026-09-11 16:47:19.492945:  
2026-09-11 16:47:19.506438: Epoch 340 
2026-09-11 16:47:19.509310: Current learning rate: 0.00688 
2026-09-11 16:48:08.055727: train_loss -0.8735 
2026-09-11 16:48:08.072363: val_loss -0.8071 
2026-09-11 16:48:08.079170: Pseudo dice [np.float32(0.9287), np.float32(0.842), np.float32(0.8444)] 
2026-09-11 16:48:08.086439: Epoch time: 48.56 s 
2026-09-11 16:48:09.141980:  
2026-09-11 16:48:09.171088: Epoch 341 
2026-09-11 16:48:09.178416: Current learning rate: 0.00687 
2026-09-11 16:48:57.618441: train_loss -0.8583 
2026-09-11 16:48:57.637819: val_loss -0.807 
2026-09-11 16:48:57.644831: Pseudo dice [np.float32(0.9229), np.float32(0.8293), np.float32(0.8646)] 
2026-09-11 16:48:57.665176: Epoch time: 48.48 s 
2026-09-11 16:48:58.734627:  
2026-09-11 16:48:58.761292: Epoch 342 
2026-09-11 16:48:58.778098: Current learning rate: 0.00686 
2026-09-11 16:49:47.493553: train_loss -0.8435 
2026-09-11 16:49:47.511097: val_loss -0.766 
2026-09-11 16:49:47.517930: Pseudo dice [np.float32(0.9214), np.float32(0.8153), np.float32(0.8391)] 
2026-09-11 16:49:47.528802: Epoch time: 48.76 s 
2026-09-11 16:49:48.652379:  
2026-09-11 16:49:48.680722: Epoch 343 
2026-09-11 16:49:48.688729: Current learning rate: 0.00685 
2026-09-11 16:50:37.078170: train_loss -0.8492 
2026-09-11 16:50:37.092181: val_loss -0.8033 
2026-09-11 16:50:37.098367: Pseudo dice [np.float32(0.9324), np.float32(0.8408), np.float32(0.8604)] 
2026-09-11 16:50:37.102649: Epoch time: 48.43 s 
2026-09-11 16:50:38.138584:  
2026-09-11 16:50:38.156296: Epoch 344 
2026-09-11 16:50:38.163340: Current learning rate: 0.00684 
2026-09-11 16:51:27.028638: train_loss -0.8467 
2026-09-11 16:51:27.048324: val_loss -0.8038 
2026-09-11 16:51:27.055705: Pseudo dice [np.float32(0.9262), np.float32(0.8427), np.float32(0.8577)] 
2026-09-11 16:51:27.063899: Epoch time: 48.89 s 
2026-09-11 16:51:28.202674:  
2026-09-11 16:51:28.221551: Epoch 345 
2026-09-11 16:51:28.228453: Current learning rate: 0.00683 
2026-09-11 16:52:16.795020: train_loss -0.8454 
2026-09-11 16:52:16.808529: val_loss -0.7841 
2026-09-11 16:52:16.816953: Pseudo dice [np.float32(0.9261), np.float32(0.8056), np.float32(0.8531)] 
2026-09-11 16:52:16.820611: Epoch time: 48.59 s 
2026-09-11 16:52:17.910082:  
2026-09-11 16:52:17.932871: Epoch 346 
2026-09-11 16:52:17.935551: Current learning rate: 0.00682 
2026-09-11 16:53:06.716856: train_loss -0.8552 
2026-09-11 16:53:06.731869: val_loss -0.8429 
2026-09-11 16:53:06.734822: Pseudo dice [np.float32(0.9315), np.float32(0.8671), np.float32(0.891)] 
2026-09-11 16:53:06.737941: Epoch time: 48.81 s 
2026-09-11 16:53:07.781018:  
2026-09-11 16:53:07.802471: Epoch 347 
2026-09-11 16:53:07.804612: Current learning rate: 0.00681 
2026-09-11 16:53:56.488094: train_loss -0.8497 
2026-09-11 16:53:56.496830: val_loss -0.815 
2026-09-11 16:53:56.501253: Pseudo dice [np.float32(0.8929), np.float32(0.8514), np.float32(0.8553)] 
2026-09-11 16:53:56.504782: Epoch time: 48.71 s 
2026-09-11 16:53:57.606780:  
2026-09-11 16:53:57.640883: Epoch 348 
2026-09-11 16:53:57.643853: Current learning rate: 0.0068 
2026-09-11 16:54:46.748974: train_loss -0.8425 
2026-09-11 16:54:46.784496: val_loss -0.8093 
2026-09-11 16:54:46.798303: Pseudo dice [np.float32(0.9295), np.float32(0.8435), np.float32(0.8408)] 
2026-09-11 16:54:46.811043: Epoch time: 49.14 s 
2026-09-11 16:54:47.905091:  
2026-09-11 16:54:47.930877: Epoch 349 
2026-09-11 16:54:47.942133: Current learning rate: 0.0068 
2026-09-11 16:55:37.172542: train_loss -0.862 
2026-09-11 16:55:37.182992: val_loss -0.8339 
2026-09-11 16:55:37.186522: Pseudo dice [np.float32(0.9344), np.float32(0.8847), np.float32(0.869)] 
2026-09-11 16:55:37.190424: Epoch time: 49.27 s 
2026-09-11 16:55:41.766668:  
2026-09-11 16:55:41.769821: Epoch 350 
2026-09-11 16:55:41.772373: Current learning rate: 0.00679 
2026-09-11 16:56:30.218721: train_loss -0.8531 
2026-09-11 16:56:30.227140: val_loss -0.7878 
2026-09-11 16:56:30.230253: Pseudo dice [np.float32(0.9218), np.float32(0.8121), np.float32(0.8524)] 
2026-09-11 16:56:30.233333: Epoch time: 48.46 s 
2026-09-11 16:56:31.333012:  
2026-09-11 16:56:31.346754: Epoch 351 
2026-09-11 16:56:31.349851: Current learning rate: 0.00678 
2026-09-11 16:57:19.809979: train_loss -0.8567 
2026-09-11 16:57:19.818830: val_loss -0.8257 
2026-09-11 16:57:19.821960: Pseudo dice [np.float32(0.9277), np.float32(0.8727), np.float32(0.848)] 
2026-09-11 16:57:19.825276: Epoch time: 48.48 s 
2026-09-11 16:57:20.953888:  
2026-09-11 16:57:20.961142: Epoch 352 
2026-09-11 16:57:20.965657: Current learning rate: 0.00677 
2026-09-11 16:58:09.435716: train_loss -0.8733 
2026-09-11 16:58:09.445367: val_loss -0.7946 
2026-09-11 16:58:09.449960: Pseudo dice [np.float32(0.9312), np.float32(0.8343), np.float32(0.8769)] 
2026-09-11 16:58:09.453675: Epoch time: 48.48 s 
2026-09-11 16:58:10.564952:  
2026-09-11 16:58:10.574617: Epoch 353 
2026-09-11 16:58:10.578481: Current learning rate: 0.00676 
2026-09-11 16:58:58.951319: train_loss -0.8687 
2026-09-11 16:58:58.959458: val_loss -0.7983 
2026-09-11 16:58:58.962202: Pseudo dice [np.float32(0.9305), np.float32(0.8478), np.float32(0.8472)] 
2026-09-11 16:58:58.965021: Epoch time: 48.39 s 
2026-09-11 16:59:00.037022:  
2026-09-11 16:59:00.061712: Epoch 354 
2026-09-11 16:59:00.064471: Current learning rate: 0.00675 
2026-09-11 16:59:48.821153: train_loss -0.8738 
2026-09-11 16:59:48.836523: val_loss -0.8313 
2026-09-11 16:59:48.839427: Pseudo dice [np.float32(0.9286), np.float32(0.8709), np.float32(0.8523)] 
2026-09-11 16:59:48.842361: Epoch time: 48.78 s 
2026-09-11 16:59:49.995153:  
2026-09-11 16:59:50.011417: Epoch 355 
2026-09-11 16:59:50.014530: Current learning rate: 0.00674 
2026-09-11 17:00:38.449291: train_loss -0.8711 
2026-09-11 17:00:38.463553: val_loss -0.811 
2026-09-11 17:00:38.466550: Pseudo dice [np.float32(0.9299), np.float32(0.834), np.float32(0.8374)] 
2026-09-11 17:00:38.469637: Epoch time: 48.46 s 
2026-09-11 17:00:39.504381:  
2026-09-11 17:00:39.530075: Epoch 356 
2026-09-11 17:00:39.532810: Current learning rate: 0.00673 
2026-09-11 17:01:28.465733: train_loss -0.8671 
2026-09-11 17:01:28.474077: val_loss -0.8053 
2026-09-11 17:01:28.477520: Pseudo dice [np.float32(0.9305), np.float32(0.8541), np.float32(0.8578)] 
2026-09-11 17:01:28.481771: Epoch time: 48.96 s 
2026-09-11 17:01:29.555743:  
2026-09-11 17:01:29.569980: Epoch 357 
2026-09-11 17:01:29.572900: Current learning rate: 0.00672 
2026-09-11 17:02:18.033525: train_loss -0.8646 
2026-09-11 17:02:18.059289: val_loss -0.8218 
2026-09-11 17:02:18.070364: Pseudo dice [np.float32(0.9232), np.float32(0.8351), np.float32(0.8487)] 
2026-09-11 17:02:18.081357: Epoch time: 48.48 s 
2026-09-11 17:02:19.153836:  
2026-09-11 17:02:19.194838: Epoch 358 
2026-09-11 17:02:19.204832: Current learning rate: 0.00671 
2026-09-11 17:03:07.680587: train_loss -0.8672 
2026-09-11 17:03:07.692284: val_loss -0.8083 
2026-09-11 17:03:07.695706: Pseudo dice [np.float32(0.9277), np.float32(0.8395), np.float32(0.8591)] 
2026-09-11 17:03:07.700401: Epoch time: 48.53 s 
2026-09-11 17:03:08.808661:  
2026-09-11 17:03:08.823135: Epoch 359 
2026-09-11 17:03:08.827623: Current learning rate: 0.0067 
2026-09-11 17:03:58.132709: train_loss -0.8708 
2026-09-11 17:03:58.142294: val_loss -0.8136 
2026-09-11 17:03:58.145308: Pseudo dice [np.float32(0.9249), np.float32(0.8374), np.float32(0.877)] 
2026-09-11 17:03:58.148703: Epoch time: 49.33 s 
2026-09-11 17:03:59.222241:  
2026-09-11 17:03:59.236254: Epoch 360 
2026-09-11 17:03:59.244644: Current learning rate: 0.00669 
2026-09-11 17:04:47.735593: train_loss -0.8758 
2026-09-11 17:04:47.743840: val_loss -0.7935 
2026-09-11 17:04:47.746920: Pseudo dice [np.float32(0.9262), np.float32(0.8349), np.float32(0.8552)] 
2026-09-11 17:04:47.750314: Epoch time: 48.51 s 
2026-09-11 17:04:48.802036:  
2026-09-11 17:04:48.809891: Epoch 361 
2026-09-11 17:04:48.813485: Current learning rate: 0.00668 
2026-09-11 17:05:37.212466: train_loss -0.8706 
2026-09-11 17:05:37.220545: val_loss -0.8212 
2026-09-11 17:05:37.223273: Pseudo dice [np.float32(0.927), np.float32(0.8455), np.float32(0.8535)] 
2026-09-11 17:05:37.226651: Epoch time: 48.41 s 
2026-09-11 17:05:38.283752:  
2026-09-11 17:05:38.293773: Epoch 362 
2026-09-11 17:05:38.296577: Current learning rate: 0.00667 
2026-09-11 17:06:26.831246: train_loss -0.8626 
2026-09-11 17:06:26.841856: val_loss -0.8007 
2026-09-11 17:06:26.847112: Pseudo dice [np.float32(0.9268), np.float32(0.8355), np.float32(0.8362)] 
2026-09-11 17:06:26.851083: Epoch time: 48.55 s 
2026-09-11 17:06:27.926698:  
2026-09-11 17:06:27.936102: Epoch 363 
2026-09-11 17:06:27.941637: Current learning rate: 0.00666 
2026-09-11 17:07:16.441730: train_loss -0.8572 
2026-09-11 17:07:16.465628: val_loss -0.7873 
2026-09-11 17:07:16.475647: Pseudo dice [np.float32(0.9057), np.float32(0.8076), np.float32(0.8447)] 
2026-09-11 17:07:16.487303: Epoch time: 48.52 s 
2026-09-11 17:07:17.557139:  
2026-09-11 17:07:17.570509: Epoch 364 
2026-09-11 17:07:17.577172: Current learning rate: 0.00665 
2026-09-11 17:08:05.902265: train_loss -0.849 
2026-09-11 17:08:05.923507: val_loss -0.8169 
2026-09-11 17:08:05.931868: Pseudo dice [np.float32(0.9241), np.float32(0.8503), np.float32(0.8642)] 
2026-09-11 17:08:05.940798: Epoch time: 48.35 s 
2026-09-11 17:08:06.962389:  
2026-09-11 17:08:06.996602: Epoch 365 
2026-09-11 17:08:07.006883: Current learning rate: 0.00665 
2026-09-11 17:08:55.423555: train_loss -0.852 
2026-09-11 17:08:55.433728: val_loss -0.7896 
2026-09-11 17:08:55.437323: Pseudo dice [np.float32(0.9083), np.float32(0.8098), np.float32(0.8291)] 
2026-09-11 17:08:55.441317: Epoch time: 48.46 s 
2026-09-11 17:08:56.520348:  
2026-09-11 17:08:56.530434: Epoch 366 
2026-09-11 17:08:56.533751: Current learning rate: 0.00664 
2026-09-11 17:09:44.907941: train_loss -0.8461 
2026-09-11 17:09:44.933109: val_loss -0.8274 
2026-09-11 17:09:44.943466: Pseudo dice [np.float32(0.9235), np.float32(0.8568), np.float32(0.8697)] 
2026-09-11 17:09:44.954685: Epoch time: 48.39 s 
2026-09-11 17:09:46.024965:  
2026-09-11 17:09:46.061250: Epoch 367 
2026-09-11 17:09:46.069640: Current learning rate: 0.00663 
2026-09-11 17:10:35.297776: train_loss -0.8585 
2026-09-11 17:10:35.307503: val_loss -0.8071 
2026-09-11 17:10:35.311134: Pseudo dice [np.float32(0.9255), np.float32(0.8609), np.float32(0.8587)] 
2026-09-11 17:10:35.314704: Epoch time: 49.27 s 
2026-09-11 17:10:36.551342:  
2026-09-11 17:10:36.565201: Epoch 368 
2026-09-11 17:10:36.567982: Current learning rate: 0.00662 
2026-09-11 17:11:25.250530: train_loss -0.8529 
2026-09-11 17:11:25.259222: val_loss -0.8036 
2026-09-11 17:11:25.262351: Pseudo dice [np.float32(0.9275), np.float32(0.8427), np.float32(0.8686)] 
2026-09-11 17:11:25.265755: Epoch time: 48.7 s 
2026-09-11 17:11:27.091678:  
2026-09-11 17:11:27.099564: Epoch 369 
2026-09-11 17:11:27.102261: Current learning rate: 0.00661 
2026-09-11 17:12:15.509977: train_loss -0.8589 
2026-09-11 17:12:15.518151: val_loss -0.8315 
2026-09-11 17:12:15.521338: Pseudo dice [np.float32(0.9263), np.float32(0.8502), np.float32(0.8603)] 
2026-09-11 17:12:15.524878: Epoch time: 48.42 s 
2026-09-11 17:12:16.572995:  
2026-09-11 17:12:16.581847: Epoch 370 
2026-09-11 17:12:16.584954: Current learning rate: 0.0066 
2026-09-11 17:13:05.024748: train_loss -0.8546 
2026-09-11 17:13:05.051485: val_loss -0.8155 
2026-09-11 17:13:05.061881: Pseudo dice [np.float32(0.934), np.float32(0.8564), np.float32(0.8706)] 
2026-09-11 17:13:05.072477: Epoch time: 48.45 s 
2026-09-11 17:13:06.140594:  
2026-09-11 17:13:06.172008: Epoch 371 
2026-09-11 17:13:06.180331: Current learning rate: 0.00659 
2026-09-11 17:13:54.860095: train_loss -0.865 
2026-09-11 17:13:54.871029: val_loss -0.8294 
2026-09-11 17:13:54.874966: Pseudo dice [np.float32(0.9275), np.float32(0.8428), np.float32(0.8569)] 
2026-09-11 17:13:54.878297: Epoch time: 48.72 s 
2026-09-11 17:13:55.941088:  
2026-09-11 17:13:55.953927: Epoch 372 
2026-09-11 17:13:55.956908: Current learning rate: 0.00658 
2026-09-11 17:14:44.426240: train_loss -0.8604 
2026-09-11 17:14:44.434788: val_loss -0.8363 
2026-09-11 17:14:44.438136: Pseudo dice [np.float32(0.9321), np.float32(0.8761), np.float32(0.8478)] 
2026-09-11 17:14:44.441703: Epoch time: 48.49 s 
2026-09-11 17:14:45.517532:  
2026-09-11 17:14:45.531529: Epoch 373 
2026-09-11 17:14:45.534594: Current learning rate: 0.00657 
2026-09-11 17:15:34.384640: train_loss -0.8691 
2026-09-11 17:15:34.394236: val_loss -0.8176 
2026-09-11 17:15:34.397823: Pseudo dice [np.float32(0.9259), np.float32(0.838), np.float32(0.8503)] 
2026-09-11 17:15:34.401691: Epoch time: 48.87 s 
2026-09-11 17:15:35.571561:  
2026-09-11 17:15:35.584118: Epoch 374 
2026-09-11 17:15:35.587669: Current learning rate: 0.00656 
2026-09-11 17:16:24.015953: train_loss -0.8651 
2026-09-11 17:16:24.036006: val_loss -0.8077 
2026-09-11 17:16:24.045980: Pseudo dice [np.float32(0.9308), np.float32(0.8582), np.float32(0.8843)] 
2026-09-11 17:16:24.055149: Epoch time: 48.45 s 
2026-09-11 17:16:25.190189:  
2026-09-11 17:16:25.242331: Epoch 375 
2026-09-11 17:16:25.255086: Current learning rate: 0.00655 
2026-09-11 17:17:13.626038: train_loss -0.8721 
2026-09-11 17:17:13.635201: val_loss -0.8121 
2026-09-11 17:17:13.638407: Pseudo dice [np.float32(0.9349), np.float32(0.8466), np.float32(0.8664)] 
2026-09-11 17:17:13.641562: Epoch time: 48.44 s 
2026-09-11 17:17:14.791639:  
2026-09-11 17:17:14.799577: Epoch 376 
2026-09-11 17:17:14.802679: Current learning rate: 0.00654 
2026-09-11 17:18:03.374758: train_loss -0.8712 
2026-09-11 17:18:03.386005: val_loss -0.8177 
2026-09-11 17:18:03.389867: Pseudo dice [np.float32(0.9321), np.float32(0.8447), np.float32(0.8602)] 
2026-09-11 17:18:03.393145: Epoch time: 48.59 s 
2026-09-11 17:18:04.489082:  
2026-09-11 17:18:04.499879: Epoch 377 
2026-09-11 17:18:04.502780: Current learning rate: 0.00653 
2026-09-11 17:18:52.946807: train_loss -0.8725 
2026-09-11 17:18:52.955038: val_loss -0.8191 
2026-09-11 17:18:52.957962: Pseudo dice [np.float32(0.9177), np.float32(0.8283), np.float32(0.838)] 
2026-09-11 17:18:52.961538: Epoch time: 48.46 s 
2026-09-11 17:18:54.013032:  
2026-09-11 17:18:54.023380: Epoch 378 
2026-09-11 17:18:54.026576: Current learning rate: 0.00652 
2026-09-11 17:19:42.392911: train_loss -0.8647 
2026-09-11 17:19:42.401034: val_loss -0.8173 
2026-09-11 17:19:42.404396: Pseudo dice [np.float32(0.9316), np.float32(0.855), np.float32(0.865)] 
2026-09-11 17:19:42.407796: Epoch time: 48.38 s 
2026-09-11 17:19:43.454496:  
2026-09-11 17:19:43.466371: Epoch 379 
2026-09-11 17:19:43.469422: Current learning rate: 0.00651 
2026-09-11 17:20:32.132981: train_loss -0.8686 
2026-09-11 17:20:32.142797: val_loss -0.8132 
2026-09-11 17:20:32.145892: Pseudo dice [np.float32(0.9322), np.float32(0.8328), np.float32(0.8736)] 
2026-09-11 17:20:32.149117: Epoch time: 48.68 s 
2026-09-11 17:20:33.176352:  
2026-09-11 17:20:33.188900: Epoch 380 
2026-09-11 17:20:33.190829: Current learning rate: 0.0065 
2026-09-11 17:21:21.811152: train_loss -0.8751 
2026-09-11 17:21:21.819709: val_loss -0.7942 
2026-09-11 17:21:21.823843: Pseudo dice [np.float32(0.9248), np.float32(0.812), np.float32(0.8542)] 
2026-09-11 17:21:21.827309: Epoch time: 48.64 s 
2026-09-11 17:21:22.907414:  
2026-09-11 17:21:22.920708: Epoch 381 
2026-09-11 17:21:22.923915: Current learning rate: 0.00649 
2026-09-11 17:22:11.349969: train_loss -0.8723 
2026-09-11 17:22:11.358034: val_loss -0.8165 
2026-09-11 17:22:11.361062: Pseudo dice [np.float32(0.9291), np.float32(0.868), np.float32(0.8694)] 
2026-09-11 17:22:11.364312: Epoch time: 48.44 s 
2026-09-11 17:22:12.425026:  
2026-09-11 17:22:12.439460: Epoch 382 
2026-09-11 17:22:12.443233: Current learning rate: 0.00648 
2026-09-11 17:23:01.434776: train_loss -0.8702 
2026-09-11 17:23:01.456404: val_loss -0.8205 
2026-09-11 17:23:01.464737: Pseudo dice [np.float32(0.9289), np.float32(0.8472), np.float32(0.847)] 
2026-09-11 17:23:01.473949: Epoch time: 49.01 s 
2026-09-11 17:23:02.542360:  
2026-09-11 17:23:02.563607: Epoch 383 
2026-09-11 17:23:02.572084: Current learning rate: 0.00648 
2026-09-11 17:23:50.999928: train_loss -0.8692 
2026-09-11 17:23:51.008500: val_loss -0.7998 
2026-09-11 17:23:51.015754: Pseudo dice [np.float32(0.9289), np.float32(0.8497), np.float32(0.8442)] 
2026-09-11 17:23:51.019031: Epoch time: 48.46 s 
2026-09-11 17:23:52.133840:  
2026-09-11 17:23:52.148858: Epoch 384 
2026-09-11 17:23:52.152179: Current learning rate: 0.00647 
2026-09-11 17:24:40.557048: train_loss -0.8625 
2026-09-11 17:24:40.566279: val_loss -0.8379 
2026-09-11 17:24:40.569529: Pseudo dice [np.float32(0.9232), np.float32(0.8637), np.float32(0.872)] 
2026-09-11 17:24:40.573439: Epoch time: 48.42 s 
2026-09-11 17:24:41.666856:  
2026-09-11 17:24:41.681822: Epoch 385 
2026-09-11 17:24:41.685393: Current learning rate: 0.00646 
2026-09-11 17:25:30.446007: train_loss -0.8657 
2026-09-11 17:25:30.480222: val_loss -0.8322 
2026-09-11 17:25:30.494438: Pseudo dice [np.float32(0.9387), np.float32(0.8473), np.float32(0.8728)] 
2026-09-11 17:25:30.508839: Epoch time: 48.78 s 
2026-09-11 17:25:31.630096:  
2026-09-11 17:25:31.665782: Epoch 386 
2026-09-11 17:25:31.674316: Current learning rate: 0.00645 
2026-09-11 17:26:20.060027: train_loss -0.8685 
2026-09-11 17:26:20.068165: val_loss -0.8228 
2026-09-11 17:26:20.071181: Pseudo dice [np.float32(0.933), np.float32(0.8597), np.float32(0.8597)] 
2026-09-11 17:26:20.074183: Epoch time: 48.43 s 
2026-09-11 17:26:21.130942:  
2026-09-11 17:26:21.151647: Epoch 387 
2026-09-11 17:26:21.156791: Current learning rate: 0.00644 
2026-09-11 17:27:09.682288: train_loss -0.8668 
2026-09-11 17:27:09.690599: val_loss -0.8145 
2026-09-11 17:27:09.693222: Pseudo dice [np.float32(0.9238), np.float32(0.8465), np.float32(0.8587)] 
2026-09-11 17:27:09.696374: Epoch time: 48.55 s 
2026-09-11 17:27:10.763865:  
2026-09-11 17:27:10.771031: Epoch 388 
2026-09-11 17:27:10.773912: Current learning rate: 0.00643 
2026-09-11 17:27:59.840424: train_loss -0.8518 
2026-09-11 17:27:59.850469: val_loss -0.7866 
2026-09-11 17:27:59.853500: Pseudo dice [np.float32(0.9185), np.float32(0.8263), np.float32(0.8697)] 
2026-09-11 17:27:59.856707: Epoch time: 49.08 s 
2026-09-11 17:28:01.720602:  
2026-09-11 17:28:01.728379: Epoch 389 
2026-09-11 17:28:01.731724: Current learning rate: 0.00642 
2026-09-11 17:28:50.230201: train_loss -0.8438 
2026-09-11 17:28:50.239195: val_loss -0.809 
2026-09-11 17:28:50.242002: Pseudo dice [np.float32(0.9199), np.float32(0.8414), np.float32(0.8691)] 
2026-09-11 17:28:50.245278: Epoch time: 48.51 s 
2026-09-11 17:28:51.358886:  
2026-09-11 17:28:51.373002: Epoch 390 
2026-09-11 17:28:51.375939: Current learning rate: 0.00641 
2026-09-11 17:29:39.767271: train_loss -0.8457 
2026-09-11 17:29:39.788886: val_loss -0.7765 
2026-09-11 17:29:39.797405: Pseudo dice [np.float32(0.9244), np.float32(0.8281), np.float32(0.8551)] 
2026-09-11 17:29:39.802102: Epoch time: 48.41 s 
2026-09-11 17:29:40.951974:  
2026-09-11 17:29:40.988369: Epoch 391 
2026-09-11 17:29:40.999316: Current learning rate: 0.0064 
2026-09-11 17:30:30.108403: train_loss -0.8584 
2026-09-11 17:30:30.118049: val_loss -0.8009 
2026-09-11 17:30:30.122289: Pseudo dice [np.float32(0.9145), np.float32(0.8331), np.float32(0.853)] 
2026-09-11 17:30:30.126028: Epoch time: 49.16 s 
2026-09-11 17:30:31.299625:  
2026-09-11 17:30:31.314063: Epoch 392 
2026-09-11 17:30:31.317296: Current learning rate: 0.00639 
2026-09-11 17:31:19.668716: train_loss -0.858 
2026-09-11 17:31:19.681419: val_loss -0.8001 
2026-09-11 17:31:19.684606: Pseudo dice [np.float32(0.9278), np.float32(0.8446), np.float32(0.8408)] 
2026-09-11 17:31:19.687847: Epoch time: 48.37 s 
2026-09-11 17:31:20.795097:  
2026-09-11 17:31:20.806195: Epoch 393 
2026-09-11 17:31:20.809705: Current learning rate: 0.00638 
2026-09-11 17:32:09.875929: train_loss -0.8664 
2026-09-11 17:32:09.884011: val_loss -0.8063 
2026-09-11 17:32:09.886987: Pseudo dice [np.float32(0.9199), np.float32(0.8345), np.float32(0.868)] 
2026-09-11 17:32:09.890337: Epoch time: 49.08 s 
2026-09-11 17:32:11.017694:  
2026-09-11 17:32:11.030462: Epoch 394 
2026-09-11 17:32:11.033637: Current learning rate: 0.00637 
2026-09-11 17:33:00.322833: train_loss -0.847 
2026-09-11 17:33:00.336595: val_loss -0.8018 
2026-09-11 17:33:00.340202: Pseudo dice [np.float32(0.9309), np.float32(0.854), np.float32(0.8463)] 
2026-09-11 17:33:00.343439: Epoch time: 49.31 s 
2026-09-11 17:33:01.516355:  
2026-09-11 17:33:01.541634: Epoch 395 
2026-09-11 17:33:01.543891: Current learning rate: 0.00636 
2026-09-11 17:33:50.105685: train_loss -0.856 
2026-09-11 17:33:50.114257: val_loss -0.8092 
2026-09-11 17:33:50.117598: Pseudo dice [np.float32(0.9304), np.float32(0.8121), np.float32(0.8702)] 
2026-09-11 17:33:50.120627: Epoch time: 48.59 s 
2026-09-11 17:33:51.187767:  
2026-09-11 17:33:51.201407: Epoch 396 
2026-09-11 17:33:51.206611: Current learning rate: 0.00635 
2026-09-11 17:34:39.712744: train_loss -0.8542 
2026-09-11 17:34:39.725668: val_loss -0.801 
2026-09-11 17:34:39.729104: Pseudo dice [np.float32(0.9247), np.float32(0.8325), np.float32(0.8649)] 
2026-09-11 17:34:39.732666: Epoch time: 48.53 s 
2026-09-11 17:34:40.818886:  
2026-09-11 17:34:40.831640: Epoch 397 
2026-09-11 17:34:40.835070: Current learning rate: 0.00634 
2026-09-11 17:35:29.353978: train_loss -0.8602 
2026-09-11 17:35:29.362216: val_loss -0.8104 
2026-09-11 17:35:29.365926: Pseudo dice [np.float32(0.9311), np.float32(0.8652), np.float32(0.872)] 
2026-09-11 17:35:29.368960: Epoch time: 48.54 s 
2026-09-11 17:35:30.412773:  
2026-09-11 17:35:30.426963: Epoch 398 
2026-09-11 17:35:30.429733: Current learning rate: 0.00633 
2026-09-11 17:36:18.822719: train_loss -0.8588 
2026-09-11 17:36:18.831638: val_loss -0.785 
2026-09-11 17:36:18.835103: Pseudo dice [np.float32(0.9249), np.float32(0.8045), np.float32(0.8095)] 
2026-09-11 17:36:18.838245: Epoch time: 48.41 s 
2026-09-11 17:36:19.879464:  
2026-09-11 17:36:19.886170: Epoch 399 
2026-09-11 17:36:19.889132: Current learning rate: 0.00632 
2026-09-11 17:37:08.581456: train_loss -0.8622 
2026-09-11 17:37:08.589737: val_loss -0.794 
2026-09-11 17:37:08.592841: Pseudo dice [np.float32(0.9262), np.float32(0.8301), np.float32(0.8533)] 
2026-09-11 17:37:08.596172: Epoch time: 48.7 s 
2026-09-11 17:37:12.315968:  
2026-09-11 17:37:12.319335: Epoch 400 
2026-09-11 17:37:12.322280: Current learning rate: 0.00631 
2026-09-11 17:38:00.730932: train_loss -0.8619 
2026-09-11 17:38:00.749019: val_loss -0.83 
2026-09-11 17:38:00.752246: Pseudo dice [np.float32(0.9304), np.float32(0.8841), np.float32(0.8845)] 
2026-09-11 17:38:00.755452: Epoch time: 48.42 s 
2026-09-11 17:38:01.811911:  
2026-09-11 17:38:01.823712: Epoch 401 
2026-09-11 17:38:01.827147: Current learning rate: 0.0063 
2026-09-11 17:38:50.125198: train_loss -0.8713 
2026-09-11 17:38:50.136279: val_loss -0.8187 
2026-09-11 17:38:50.139520: Pseudo dice [np.float32(0.9351), np.float32(0.8484), np.float32(0.8546)] 
2026-09-11 17:38:50.142722: Epoch time: 48.31 s 
2026-09-11 17:38:51.213254:  
2026-09-11 17:38:51.226819: Epoch 402 
2026-09-11 17:38:51.230170: Current learning rate: 0.0063 
2026-09-11 17:39:39.636058: train_loss -0.8716 
2026-09-11 17:39:39.647031: val_loss -0.7597 
2026-09-11 17:39:39.650382: Pseudo dice [np.float32(0.9207), np.float32(0.7912), np.float32(0.7877)] 
2026-09-11 17:39:39.654642: Epoch time: 48.42 s 
2026-09-11 17:39:40.688173:  
2026-09-11 17:39:40.701931: Epoch 403 
2026-09-11 17:39:40.704921: Current learning rate: 0.00629 
2026-09-11 17:40:28.996028: train_loss -0.8595 
2026-09-11 17:40:29.009103: val_loss -0.7948 
2026-09-11 17:40:29.011897: Pseudo dice [np.float32(0.9179), np.float32(0.8273), np.float32(0.842)] 
2026-09-11 17:40:29.014862: Epoch time: 48.31 s 
2026-09-11 17:40:30.059861:  
2026-09-11 17:40:30.084861: Epoch 404 
2026-09-11 17:40:30.087369: Current learning rate: 0.00628 
2026-09-11 17:41:18.988661: train_loss -0.8657 
2026-09-11 17:41:19.011900: val_loss -0.8145 
2026-09-11 17:41:19.025454: Pseudo dice [np.float32(0.929), np.float32(0.8281), np.float32(0.8147)] 
2026-09-11 17:41:19.076901: Epoch time: 48.93 s 
2026-09-11 17:41:20.218648:  
2026-09-11 17:41:20.240442: Epoch 405 
2026-09-11 17:41:20.249743: Current learning rate: 0.00627 
2026-09-11 17:42:09.518654: train_loss -0.8664 
2026-09-11 17:42:09.623468: val_loss -0.8204 
2026-09-11 17:42:09.633224: Pseudo dice [np.float32(0.937), np.float32(0.8809), np.float32(0.8479)] 
2026-09-11 17:42:09.642988: Epoch time: 49.3 s 
2026-09-11 17:42:10.803616:  
2026-09-11 17:42:10.817531: Epoch 406 
2026-09-11 17:42:10.820564: Current learning rate: 0.00626 
2026-09-11 17:42:59.287055: train_loss -0.8673 
2026-09-11 17:42:59.295293: val_loss -0.8045 
2026-09-11 17:42:59.297894: Pseudo dice [np.float32(0.9273), np.float32(0.8588), np.float32(0.8401)] 
2026-09-11 17:42:59.301039: Epoch time: 48.48 s 
2026-09-11 17:43:00.357382:  
2026-09-11 17:43:00.370306: Epoch 407 
2026-09-11 17:43:00.373288: Current learning rate: 0.00625 
2026-09-11 17:43:49.203340: train_loss -0.8665 
2026-09-11 17:43:49.211636: val_loss -0.8052 
2026-09-11 17:43:49.214857: Pseudo dice [np.float32(0.9238), np.float32(0.8024), np.float32(0.8307)] 
2026-09-11 17:43:49.217829: Epoch time: 48.85 s 
2026-09-11 17:43:51.079965:  
2026-09-11 17:43:51.089621: Epoch 408 
2026-09-11 17:43:51.092463: Current learning rate: 0.00624 
2026-09-11 17:44:39.693755: train_loss -0.8735 
2026-09-11 17:44:39.702111: val_loss -0.7926 
2026-09-11 17:44:39.705834: Pseudo dice [np.float32(0.9186), np.float32(0.787), np.float32(0.804)] 
2026-09-11 17:44:39.708554: Epoch time: 48.61 s 
2026-09-11 17:44:40.777437:  
2026-09-11 17:44:40.789494: Epoch 409 
2026-09-11 17:44:40.792578: Current learning rate: 0.00623 
2026-09-11 17:45:29.665962: train_loss -0.8644 
2026-09-11 17:45:29.675232: val_loss -0.8273 
2026-09-11 17:45:29.678365: Pseudo dice [np.float32(0.9294), np.float32(0.8665), np.float32(0.8625)] 
2026-09-11 17:45:29.681855: Epoch time: 48.89 s 
2026-09-11 17:45:30.748852:  
2026-09-11 17:45:30.757364: Epoch 410 
2026-09-11 17:45:30.759899: Current learning rate: 0.00622 
2026-09-11 17:46:19.103403: train_loss -0.8709 
2026-09-11 17:46:19.112112: val_loss -0.8265 
2026-09-11 17:46:19.116556: Pseudo dice [np.float32(0.9265), np.float32(0.8525), np.float32(0.8254)] 
2026-09-11 17:46:19.119892: Epoch time: 48.36 s 
2026-09-11 17:46:20.151397:  
2026-09-11 17:46:20.161469: Epoch 411 
2026-09-11 17:46:20.164905: Current learning rate: 0.00621 
2026-09-11 17:47:08.720442: train_loss -0.8716 
2026-09-11 17:47:08.744229: val_loss -0.8452 
2026-09-11 17:47:08.752393: Pseudo dice [np.float32(0.9231), np.float32(0.8787), np.float32(0.8699)] 
2026-09-11 17:47:08.762763: Epoch time: 48.57 s 
2026-09-11 17:47:09.835157:  
2026-09-11 17:47:09.852810: Epoch 412 
2026-09-11 17:47:09.862149: Current learning rate: 0.0062 
2026-09-11 17:47:58.137816: train_loss -0.8725 
2026-09-11 17:47:58.148868: val_loss -0.8189 
2026-09-11 17:47:58.152328: Pseudo dice [np.float32(0.9327), np.float32(0.8524), np.float32(0.8653)] 
2026-09-11 17:47:58.155542: Epoch time: 48.3 s 
2026-09-11 17:47:59.223077:  
2026-09-11 17:47:59.236564: Epoch 413 
2026-09-11 17:47:59.239531: Current learning rate: 0.00619 
2026-09-11 17:48:47.544003: train_loss -0.8738 
2026-09-11 17:48:47.551984: val_loss -0.8421 
2026-09-11 17:48:47.554984: Pseudo dice [np.float32(0.931), np.float32(0.8705), np.float32(0.8537)] 
2026-09-11 17:48:47.558091: Epoch time: 48.32 s 
2026-09-11 17:48:48.569560:  
2026-09-11 17:48:48.577380: Epoch 414 
2026-09-11 17:48:48.579975: Current learning rate: 0.00618 
2026-09-11 17:49:37.264854: train_loss -0.8729 
2026-09-11 17:49:37.289937: val_loss -0.8444 
2026-09-11 17:49:37.300152: Pseudo dice [np.float32(0.9312), np.float32(0.8778), np.float32(0.8657)] 
2026-09-11 17:49:37.310712: Epoch time: 48.7 s 
2026-09-11 17:49:38.326662:  
2026-09-11 17:49:38.340325: Epoch 415 
2026-09-11 17:49:38.343433: Current learning rate: 0.00617 
2026-09-11 17:50:26.700559: train_loss -0.8736 
2026-09-11 17:50:26.709156: val_loss -0.812 
2026-09-11 17:50:26.712620: Pseudo dice [np.float32(0.9339), np.float32(0.8456), np.float32(0.8804)] 
2026-09-11 17:50:26.716222: Epoch time: 48.37 s 
2026-09-11 17:50:27.770455:  
2026-09-11 17:50:27.783437: Epoch 416 
2026-09-11 17:50:27.786605: Current learning rate: 0.00616 
2026-09-11 17:51:16.121322: train_loss -0.8768 
2026-09-11 17:51:16.134624: val_loss -0.7919 
2026-09-11 17:51:16.139529: Pseudo dice [np.float32(0.93), np.float32(0.8221), np.float32(0.8651)] 
2026-09-11 17:51:16.145212: Epoch time: 48.35 s 
2026-09-11 17:51:17.159880:  
2026-09-11 17:51:17.174292: Epoch 417 
2026-09-11 17:51:17.177712: Current learning rate: 0.00615 
2026-09-11 17:52:05.795288: train_loss -0.8739 
2026-09-11 17:52:05.829319: val_loss -0.8281 
2026-09-11 17:52:05.843591: Pseudo dice [np.float32(0.9285), np.float32(0.8392), np.float32(0.8707)] 
2026-09-11 17:52:05.858079: Epoch time: 48.64 s 
2026-09-11 17:52:06.998529:  
2026-09-11 17:52:07.041826: Epoch 418 
2026-09-11 17:52:07.054191: Current learning rate: 0.00614 
2026-09-11 17:52:55.380079: train_loss -0.8717 
2026-09-11 17:52:55.389652: val_loss -0.8189 
2026-09-11 17:52:55.392383: Pseudo dice [np.float32(0.9284), np.float32(0.8563), np.float32(0.8333)] 
2026-09-11 17:52:55.395513: Epoch time: 48.38 s 
2026-09-11 17:52:56.431941:  
2026-09-11 17:52:56.443766: Epoch 419 
2026-09-11 17:52:56.446568: Current learning rate: 0.00613 
2026-09-11 17:53:45.192236: train_loss -0.8634 
2026-09-11 17:53:45.200373: val_loss -0.7829 
2026-09-11 17:53:45.203784: Pseudo dice [np.float32(0.929), np.float32(0.8122), np.float32(0.8476)] 
2026-09-11 17:53:45.207358: Epoch time: 48.76 s 
2026-09-11 17:53:46.273672:  
2026-09-11 17:53:46.282979: Epoch 420 
2026-09-11 17:53:46.286085: Current learning rate: 0.00612 
2026-09-11 17:54:34.908528: train_loss -0.8664 
2026-09-11 17:54:34.919042: val_loss -0.8042 
2026-09-11 17:54:34.922093: Pseudo dice [np.float32(0.9366), np.float32(0.8504), np.float32(0.8652)] 
2026-09-11 17:54:34.925399: Epoch time: 48.64 s 
2026-09-11 17:54:35.947336:  
2026-09-11 17:54:35.959468: Epoch 421 
2026-09-11 17:54:35.962152: Current learning rate: 0.00612 
2026-09-11 17:55:24.367941: train_loss -0.8468 
2026-09-11 17:55:24.375641: val_loss -0.8224 
2026-09-11 17:55:24.378348: Pseudo dice [np.float32(0.9274), np.float32(0.8555), np.float32(0.8569)] 
2026-09-11 17:55:24.381186: Epoch time: 48.42 s 
2026-09-11 17:55:25.417754:  
2026-09-11 17:55:25.427108: Epoch 422 
2026-09-11 17:55:25.430083: Current learning rate: 0.00611 
2026-09-11 17:56:13.826135: train_loss -0.8678 
2026-09-11 17:56:13.838757: val_loss -0.7869 
2026-09-11 17:56:13.844615: Pseudo dice [np.float32(0.9191), np.float32(0.7999), np.float32(0.8275)] 
2026-09-11 17:56:13.850831: Epoch time: 48.41 s 
2026-09-11 17:56:14.899296:  
2026-09-11 17:56:14.923327: Epoch 423 
2026-09-11 17:56:14.935010: Current learning rate: 0.0061 
2026-09-11 17:57:03.359444: train_loss -0.8637 
2026-09-11 17:57:03.379964: val_loss -0.831 
2026-09-11 17:57:03.389621: Pseudo dice [np.float32(0.9372), np.float32(0.8648), np.float32(0.8612)] 
2026-09-11 17:57:03.399831: Epoch time: 48.46 s 
2026-09-11 17:57:04.457673:  
2026-09-11 17:57:04.492584: Epoch 424 
2026-09-11 17:57:04.501611: Current learning rate: 0.00609 
2026-09-11 17:57:52.996977: train_loss -0.8685 
2026-09-11 17:57:53.005774: val_loss -0.8136 
2026-09-11 17:57:53.008635: Pseudo dice [np.float32(0.9264), np.float32(0.836), np.float32(0.8325)] 
2026-09-11 17:57:53.011568: Epoch time: 48.54 s 
2026-09-11 17:57:54.047119:  
2026-09-11 17:57:54.060055: Epoch 425 
2026-09-11 17:57:54.063053: Current learning rate: 0.00608 
2026-09-11 17:58:42.358889: train_loss -0.871 
2026-09-11 17:58:42.376951: val_loss -0.8139 
2026-09-11 17:58:42.383886: Pseudo dice [np.float32(0.9308), np.float32(0.8446), np.float32(0.8603)] 
2026-09-11 17:58:42.391507: Epoch time: 48.31 s 
2026-09-11 17:58:43.521834:  
2026-09-11 17:58:43.539865: Epoch 426 
2026-09-11 17:58:43.548443: Current learning rate: 0.00607 
2026-09-11 17:59:32.420184: train_loss -0.8709 
2026-09-11 17:59:32.431100: val_loss -0.8144 
2026-09-11 17:59:32.435708: Pseudo dice [np.float32(0.9332), np.float32(0.8492), np.float32(0.8656)] 
2026-09-11 17:59:32.439458: Epoch time: 48.9 s 
2026-09-11 17:59:33.519151:  
2026-09-11 17:59:33.531800: Epoch 427 
2026-09-11 17:59:33.535975: Current learning rate: 0.00606 
2026-09-11 18:00:22.973967: train_loss -0.8784 
2026-09-11 18:00:22.988362: val_loss -0.8139 
2026-09-11 18:00:22.995122: Pseudo dice [np.float32(0.9292), np.float32(0.8484), np.float32(0.8438)] 
2026-09-11 18:00:23.001109: Epoch time: 49.46 s 
2026-09-11 18:00:24.796051:  
2026-09-11 18:00:24.801608: Epoch 428 
2026-09-11 18:00:24.808216: Current learning rate: 0.00605 
2026-09-11 18:01:13.308733: train_loss -0.8674 
2026-09-11 18:01:13.325658: val_loss -0.7876 
2026-09-11 18:01:13.332548: Pseudo dice [np.float32(0.927), np.float32(0.8107), np.float32(0.8181)] 
2026-09-11 18:01:13.339353: Epoch time: 48.51 s 
2026-09-11 18:01:14.387848:  
2026-09-11 18:01:14.414816: Epoch 429 
2026-09-11 18:01:14.421540: Current learning rate: 0.00604 
2026-09-11 18:02:02.971433: train_loss -0.8675 
2026-09-11 18:02:02.991363: val_loss -0.8086 
2026-09-11 18:02:02.995157: Pseudo dice [np.float32(0.9256), np.float32(0.8025), np.float32(0.8349)] 
2026-09-11 18:02:02.999119: Epoch time: 48.58 s 
2026-09-11 18:02:04.038268:  
2026-09-11 18:02:04.052913: Epoch 430 
2026-09-11 18:02:04.055028: Current learning rate: 0.00603 
2026-09-11 18:02:52.552342: train_loss -0.8739 
2026-09-11 18:02:52.575315: val_loss -0.7984 
2026-09-11 18:02:52.583114: Pseudo dice [np.float32(0.9293), np.float32(0.8416), np.float32(0.8478)] 
2026-09-11 18:02:52.591315: Epoch time: 48.51 s 
2026-09-11 18:02:53.676755:  
2026-09-11 18:02:53.716700: Epoch 431 
2026-09-11 18:02:53.727007: Current learning rate: 0.00602 
2026-09-11 18:03:42.544921: train_loss -0.8731 
2026-09-11 18:03:42.561813: val_loss -0.8068 
2026-09-11 18:03:42.568645: Pseudo dice [np.float32(0.9306), np.float32(0.8366), np.float32(0.8396)] 
2026-09-11 18:03:42.575891: Epoch time: 48.87 s 
2026-09-11 18:03:43.635316:  
2026-09-11 18:03:43.666029: Epoch 432 
2026-09-11 18:03:43.672596: Current learning rate: 0.00601 
2026-09-11 18:04:32.244085: train_loss -0.8685 
2026-09-11 18:04:32.259092: val_loss -0.7867 
2026-09-11 18:04:32.264777: Pseudo dice [np.float32(0.9297), np.float32(0.8238), np.float32(0.8636)] 
2026-09-11 18:04:32.270099: Epoch time: 48.61 s 
2026-09-11 18:04:33.347364:  
2026-09-11 18:04:33.376481: Epoch 433 
2026-09-11 18:04:33.382809: Current learning rate: 0.006 
2026-09-11 18:05:21.732650: train_loss -0.8685 
2026-09-11 18:05:21.745785: val_loss -0.833 
2026-09-11 18:05:21.748587: Pseudo dice [np.float32(0.9314), np.float32(0.8653), np.float32(0.8645)] 
2026-09-11 18:05:21.752651: Epoch time: 48.39 s 
2026-09-11 18:05:22.801701:  
2026-09-11 18:05:22.817904: Epoch 434 
2026-09-11 18:05:22.823595: Current learning rate: 0.00599 
2026-09-11 18:06:11.176335: train_loss -0.8797 
2026-09-11 18:06:11.201101: val_loss -0.8098 
2026-09-11 18:06:11.214747: Pseudo dice [np.float32(0.9288), np.float32(0.8278), np.float32(0.8619)] 
2026-09-11 18:06:11.226079: Epoch time: 48.38 s 
2026-09-11 18:06:12.299014:  
2026-09-11 18:06:12.313775: Epoch 435 
2026-09-11 18:06:12.316551: Current learning rate: 0.00598 
2026-09-11 18:07:00.903883: train_loss -0.876 
2026-09-11 18:07:00.914409: val_loss -0.8533 
2026-09-11 18:07:00.917443: Pseudo dice [np.float32(0.9322), np.float32(0.8907), np.float32(0.8801)] 
2026-09-11 18:07:00.920601: Epoch time: 48.61 s 
2026-09-11 18:07:01.982993:  
2026-09-11 18:07:01.997182: Epoch 436 
2026-09-11 18:07:02.000596: Current learning rate: 0.00597 
2026-09-11 18:07:50.790972: train_loss -0.8776 
2026-09-11 18:07:50.804203: val_loss -0.7968 
2026-09-11 18:07:50.806831: Pseudo dice [np.float32(0.9326), np.float32(0.8553), np.float32(0.8509)] 
2026-09-11 18:07:50.810091: Epoch time: 48.81 s 
2026-09-11 18:07:51.910100:  
2026-09-11 18:07:51.923137: Epoch 437 
2026-09-11 18:07:51.925389: Current learning rate: 0.00596 
2026-09-11 18:08:40.939513: train_loss -0.8807 
2026-09-11 18:08:40.950270: val_loss -0.8229 
2026-09-11 18:08:40.953864: Pseudo dice [np.float32(0.9333), np.float32(0.8551), np.float32(0.8664)] 
2026-09-11 18:08:40.957535: Epoch time: 49.03 s 
2026-09-11 18:08:42.189661:  
2026-09-11 18:08:42.201815: Epoch 438 
2026-09-11 18:08:42.204610: Current learning rate: 0.00595 
2026-09-11 18:09:30.599882: train_loss -0.8828 
2026-09-11 18:09:30.622267: val_loss -0.802 
2026-09-11 18:09:30.631675: Pseudo dice [np.float32(0.9332), np.float32(0.858), np.float32(0.8678)] 
2026-09-11 18:09:30.642658: Epoch time: 48.41 s 
2026-09-11 18:09:31.703391:  
2026-09-11 18:09:31.713651: Epoch 439 
2026-09-11 18:09:31.716299: Current learning rate: 0.00594 
2026-09-11 18:10:20.408083: train_loss -0.8783 
2026-09-11 18:10:20.428717: val_loss -0.7768 
2026-09-11 18:10:20.436692: Pseudo dice [np.float32(0.9298), np.float32(0.838), np.float32(0.8543)] 
2026-09-11 18:10:20.445696: Epoch time: 48.71 s 
2026-09-11 18:10:21.549151:  
2026-09-11 18:10:21.600260: Epoch 440 
2026-09-11 18:10:21.612291: Current learning rate: 0.00593 
2026-09-11 18:11:10.724600: train_loss -0.8737 
2026-09-11 18:11:10.732669: val_loss -0.8306 
2026-09-11 18:11:10.736098: Pseudo dice [np.float32(0.9322), np.float32(0.8584), np.float32(0.8584)] 
2026-09-11 18:11:10.740371: Epoch time: 49.18 s 
2026-09-11 18:11:11.856476:  
2026-09-11 18:11:11.871448: Epoch 441 
2026-09-11 18:11:11.874975: Current learning rate: 0.00592 
2026-09-11 18:12:00.289195: train_loss -0.8748 
2026-09-11 18:12:00.297526: val_loss -0.8168 
2026-09-11 18:12:00.300640: Pseudo dice [np.float32(0.9272), np.float32(0.8461), np.float32(0.863)] 
2026-09-11 18:12:00.304105: Epoch time: 48.43 s 
2026-09-11 18:12:01.390972:  
2026-09-11 18:12:01.412136: Epoch 442 
2026-09-11 18:12:01.421452: Current learning rate: 0.00592 
2026-09-11 18:12:49.929562: train_loss -0.8776 
2026-09-11 18:12:49.938575: val_loss -0.7967 
2026-09-11 18:12:49.942463: Pseudo dice [np.float32(0.9297), np.float32(0.8336), np.float32(0.8552)] 
2026-09-11 18:12:49.945431: Epoch time: 48.54 s 
2026-09-11 18:12:50.972113:  
2026-09-11 18:12:50.980205: Epoch 443 
2026-09-11 18:12:50.983436: Current learning rate: 0.00591 
2026-09-11 18:13:39.570992: train_loss -0.8797 
2026-09-11 18:13:39.582752: val_loss -0.8128 
2026-09-11 18:13:39.585886: Pseudo dice [np.float32(0.9321), np.float32(0.8613), np.float32(0.8563)] 
2026-09-11 18:13:39.589526: Epoch time: 48.6 s 
2026-09-11 18:13:40.652323:  
2026-09-11 18:13:40.665097: Epoch 444 
2026-09-11 18:13:40.667786: Current learning rate: 0.0059 
2026-09-11 18:14:29.397216: train_loss -0.8712 
2026-09-11 18:14:29.414033: val_loss -0.8437 
2026-09-11 18:14:29.421310: Pseudo dice [np.float32(0.9331), np.float32(0.8733), np.float32(0.8663)] 
2026-09-11 18:14:29.428692: Epoch time: 48.75 s 
2026-09-11 18:14:30.531857:  
2026-09-11 18:14:30.556268: Epoch 445 
2026-09-11 18:14:30.565507: Current learning rate: 0.00589 
2026-09-11 18:15:19.156294: train_loss -0.8742 
2026-09-11 18:15:19.164938: val_loss -0.8005 
2026-09-11 18:15:19.168306: Pseudo dice [np.float32(0.9223), np.float32(0.8112), np.float32(0.8547)] 
2026-09-11 18:15:19.171687: Epoch time: 48.63 s 
2026-09-11 18:15:20.218130:  
2026-09-11 18:15:20.249847: Epoch 446 
2026-09-11 18:15:20.258226: Current learning rate: 0.00588 
2026-09-11 18:16:08.721018: train_loss -0.8747 
2026-09-11 18:16:08.729920: val_loss -0.8133 
2026-09-11 18:16:08.734287: Pseudo dice [np.float32(0.9267), np.float32(0.8493), np.float32(0.853)] 
2026-09-11 18:16:08.737758: Epoch time: 48.5 s 
2026-09-11 18:16:09.769084:  
2026-09-11 18:16:09.780111: Epoch 447 
2026-09-11 18:16:09.784111: Current learning rate: 0.00587 
2026-09-11 18:16:58.108447: train_loss -0.8751 
2026-09-11 18:16:58.116862: val_loss -0.8076 
2026-09-11 18:16:58.120630: Pseudo dice [np.float32(0.9337), np.float32(0.8605), np.float32(0.8746)] 
2026-09-11 18:16:58.124336: Epoch time: 48.34 s 
2026-09-11 18:16:59.175085:  
2026-09-11 18:16:59.183952: Epoch 448 
2026-09-11 18:16:59.187861: Current learning rate: 0.00586 
2026-09-11 18:17:49.085525: train_loss -0.8729 
2026-09-11 18:17:49.094286: val_loss -0.8146 
2026-09-11 18:17:49.097027: Pseudo dice [np.float32(0.9291), np.float32(0.8341), np.float32(0.8558)] 
2026-09-11 18:17:49.099823: Epoch time: 49.91 s 
2026-09-11 18:17:50.121732:  
2026-09-11 18:17:50.135461: Epoch 449 
2026-09-11 18:17:50.138801: Current learning rate: 0.00585 
2026-09-11 18:18:38.694939: train_loss -0.8592 
2026-09-11 18:18:38.708463: val_loss -0.8389 
2026-09-11 18:18:38.711194: Pseudo dice [np.float32(0.9386), np.float32(0.8795), np.float32(0.8847)] 
2026-09-11 18:18:38.714282: Epoch time: 48.57 s 
2026-09-11 18:18:42.305271:  
2026-09-11 18:18:42.308370: Epoch 450 
2026-09-11 18:18:42.311613: Current learning rate: 0.00584 
2026-09-11 18:19:30.681100: train_loss -0.8703 
2026-09-11 18:19:30.691353: val_loss -0.8261 
2026-09-11 18:19:30.694602: Pseudo dice [np.float32(0.9311), np.float32(0.8603), np.float32(0.8617)] 
2026-09-11 18:19:30.699662: Epoch time: 48.38 s 
2026-09-11 18:19:31.741937:  
2026-09-11 18:19:31.757524: Epoch 451 
2026-09-11 18:19:31.761162: Current learning rate: 0.00583 
2026-09-11 18:20:20.819847: train_loss -0.8669 
2026-09-11 18:20:20.829531: val_loss -0.7897 
2026-09-11 18:20:20.832890: Pseudo dice [np.float32(0.9217), np.float32(0.8314), np.float32(0.8354)] 
2026-09-11 18:20:20.835545: Epoch time: 49.08 s 
2026-09-11 18:20:21.930106:  
2026-09-11 18:20:21.942922: Epoch 452 
2026-09-11 18:20:21.946402: Current learning rate: 0.00582 
2026-09-11 18:21:10.646804: train_loss -0.8727 
2026-09-11 18:21:10.654616: val_loss -0.8011 
2026-09-11 18:21:10.657915: Pseudo dice [np.float32(0.9276), np.float32(0.8549), np.float32(0.8363)] 
2026-09-11 18:21:10.660974: Epoch time: 48.72 s 
2026-09-11 18:21:11.730114:  
2026-09-11 18:21:11.741050: Epoch 453 
2026-09-11 18:21:11.745854: Current learning rate: 0.00581 
2026-09-11 18:22:00.308645: train_loss -0.8618 
2026-09-11 18:22:00.317912: val_loss -0.8157 
2026-09-11 18:22:00.320868: Pseudo dice [np.float32(0.9295), np.float32(0.8435), np.float32(0.8595)] 
2026-09-11 18:22:00.323991: Epoch time: 48.58 s 
2026-09-11 18:22:01.351104:  
2026-09-11 18:22:01.364331: Epoch 454 
2026-09-11 18:22:01.367859: Current learning rate: 0.0058 
2026-09-11 18:22:50.069386: train_loss -0.8646 
2026-09-11 18:22:50.079256: val_loss -0.8253 
2026-09-11 18:22:50.084104: Pseudo dice [np.float32(0.9316), np.float32(0.8392), np.float32(0.8637)] 
2026-09-11 18:22:50.088451: Epoch time: 48.72 s 
2026-09-11 18:22:51.165606:  
2026-09-11 18:22:51.184051: Epoch 455 
2026-09-11 18:22:51.187954: Current learning rate: 0.00579 
2026-09-11 18:23:39.768941: train_loss -0.8746 
2026-09-11 18:23:39.792109: val_loss -0.8036 
2026-09-11 18:23:39.801852: Pseudo dice [np.float32(0.9292), np.float32(0.8308), np.float32(0.8507)] 
2026-09-11 18:23:39.811731: Epoch time: 48.6 s 
2026-09-11 18:23:40.949863:  
2026-09-11 18:23:40.980157: Epoch 456 
2026-09-11 18:23:40.993503: Current learning rate: 0.00578 
2026-09-11 18:24:29.405979: train_loss -0.8791 
2026-09-11 18:24:29.413923: val_loss -0.8115 
2026-09-11 18:24:29.416720: Pseudo dice [np.float32(0.9234), np.float32(0.8469), np.float32(0.8363)] 
2026-09-11 18:24:29.419963: Epoch time: 48.46 s 
2026-09-11 18:24:30.474450:  
2026-09-11 18:24:30.482053: Epoch 457 
2026-09-11 18:24:30.484426: Current learning rate: 0.00577 
2026-09-11 18:25:18.820704: train_loss -0.8793 
2026-09-11 18:25:18.832912: val_loss -0.8238 
2026-09-11 18:25:18.836329: Pseudo dice [np.float32(0.9333), np.float32(0.84), np.float32(0.8639)] 
2026-09-11 18:25:18.839799: Epoch time: 48.35 s 
2026-09-11 18:25:19.898920:  
2026-09-11 18:25:19.910860: Epoch 458 
2026-09-11 18:25:19.914696: Current learning rate: 0.00576 
2026-09-11 18:26:08.655569: train_loss -0.877 
2026-09-11 18:26:08.668945: val_loss -0.8374 
2026-09-11 18:26:08.671656: Pseudo dice [np.float32(0.9285), np.float32(0.8613), np.float32(0.8677)] 
2026-09-11 18:26:08.674585: Epoch time: 48.76 s 
2026-09-11 18:26:09.728146:  
2026-09-11 18:26:09.749353: Epoch 459 
2026-09-11 18:26:09.751660: Current learning rate: 0.00575 
2026-09-11 18:26:58.254302: train_loss -0.8769 
2026-09-11 18:26:58.263460: val_loss -0.8036 
2026-09-11 18:26:58.266944: Pseudo dice [np.float32(0.9291), np.float32(0.8313), np.float32(0.8588)] 
2026-09-11 18:26:58.271561: Epoch time: 48.53 s 
2026-09-11 18:26:59.320146:  
2026-09-11 18:26:59.332908: Epoch 460 
2026-09-11 18:26:59.335668: Current learning rate: 0.00574 
2026-09-11 18:27:47.724260: train_loss -0.8735 
2026-09-11 18:27:47.736310: val_loss -0.8037 
2026-09-11 18:27:47.739195: Pseudo dice [np.float32(0.9326), np.float32(0.8629), np.float32(0.8765)] 
2026-09-11 18:27:47.741973: Epoch time: 48.4 s 
2026-09-11 18:27:48.762084:  
2026-09-11 18:27:48.785207: Epoch 461 
2026-09-11 18:27:48.788342: Current learning rate: 0.00573 
2026-09-11 18:28:37.424981: train_loss -0.8786 
2026-09-11 18:28:37.435019: val_loss -0.8275 
2026-09-11 18:28:37.437906: Pseudo dice [np.float32(0.9302), np.float32(0.859), np.float32(0.851)] 
2026-09-11 18:28:37.440620: Epoch time: 48.66 s 
2026-09-11 18:28:38.452399:  
2026-09-11 18:28:38.464246: Epoch 462 
2026-09-11 18:28:38.467431: Current learning rate: 0.00572 
2026-09-11 18:29:26.839346: train_loss -0.8812 
2026-09-11 18:29:26.848387: val_loss -0.8267 
2026-09-11 18:29:26.851754: Pseudo dice [np.float32(0.9297), np.float32(0.8533), np.float32(0.8423)] 
2026-09-11 18:29:26.854722: Epoch time: 48.39 s 
2026-09-11 18:29:27.888657:  
2026-09-11 18:29:27.901242: Epoch 463 
2026-09-11 18:29:27.903712: Current learning rate: 0.00571 
2026-09-11 18:30:16.425171: train_loss -0.8785 
2026-09-11 18:30:16.432701: val_loss -0.8157 
2026-09-11 18:30:16.435478: Pseudo dice [np.float32(0.9312), np.float32(0.8534), np.float32(0.8559)] 
2026-09-11 18:30:16.438626: Epoch time: 48.54 s 
2026-09-11 18:30:17.503735:  
2026-09-11 18:30:17.516721: Epoch 464 
2026-09-11 18:30:17.519732: Current learning rate: 0.0057 
2026-09-11 18:31:05.831205: train_loss -0.8766 
2026-09-11 18:31:05.839909: val_loss -0.8383 
2026-09-11 18:31:05.842657: Pseudo dice [np.float32(0.9346), np.float32(0.8693), np.float32(0.8824)] 
2026-09-11 18:31:05.845785: Epoch time: 48.33 s 
2026-09-11 18:31:06.885981:  
2026-09-11 18:31:06.893926: Epoch 465 
2026-09-11 18:31:06.897083: Current learning rate: 0.0057 
2026-09-11 18:31:55.318531: train_loss -0.8724 
2026-09-11 18:31:55.327004: val_loss -0.8464 
2026-09-11 18:31:55.330034: Pseudo dice [np.float32(0.9273), np.float32(0.8583), np.float32(0.8508)] 
2026-09-11 18:31:55.333475: Epoch time: 48.43 s 
2026-09-11 18:31:56.385422:  
2026-09-11 18:31:56.398005: Epoch 466 
2026-09-11 18:31:56.401213: Current learning rate: 0.00569 
2026-09-11 18:32:44.823176: train_loss -0.876 
2026-09-11 18:32:44.831061: val_loss -0.8291 
2026-09-11 18:32:44.833889: Pseudo dice [np.float32(0.927), np.float32(0.8539), np.float32(0.8328)] 
2026-09-11 18:32:44.836839: Epoch time: 48.44 s 
2026-09-11 18:32:45.881114:  
2026-09-11 18:32:45.904268: Epoch 467 
2026-09-11 18:32:45.907707: Current learning rate: 0.00568 
2026-09-11 18:33:34.402816: train_loss -0.8708 
2026-09-11 18:33:34.411431: val_loss -0.793 
2026-09-11 18:33:34.414862: Pseudo dice [np.float32(0.9304), np.float32(0.835), np.float32(0.8333)] 
2026-09-11 18:33:34.418792: Epoch time: 48.52 s 
2026-09-11 18:33:35.496779:  
2026-09-11 18:33:35.513381: Epoch 468 
2026-09-11 18:33:35.517171: Current learning rate: 0.00567 
2026-09-11 18:34:23.889566: train_loss -0.8636 
2026-09-11 18:34:23.897762: val_loss -0.8256 
2026-09-11 18:34:23.900476: Pseudo dice [np.float32(0.9284), np.float32(0.8508), np.float32(0.8486)] 
2026-09-11 18:34:23.903616: Epoch time: 48.39 s 
2026-09-11 18:34:24.932100:  
2026-09-11 18:34:24.949756: Epoch 469 
2026-09-11 18:34:24.956701: Current learning rate: 0.00566 
2026-09-11 18:35:13.676919: train_loss -0.8723 
2026-09-11 18:35:13.699986: val_loss -0.8121 
2026-09-11 18:35:13.709201: Pseudo dice [np.float32(0.927), np.float32(0.8278), np.float32(0.8548)] 
2026-09-11 18:35:13.719518: Epoch time: 48.75 s 
2026-09-11 18:35:15.535609:  
2026-09-11 18:35:15.546436: Epoch 470 
2026-09-11 18:35:15.556518: Current learning rate: 0.00565 
2026-09-11 18:36:04.013947: train_loss -0.8726 
2026-09-11 18:36:04.022115: val_loss -0.8348 
2026-09-11 18:36:04.025274: Pseudo dice [np.float32(0.935), np.float32(0.856), np.float32(0.8606)] 
2026-09-11 18:36:04.028578: Epoch time: 48.48 s 
2026-09-11 18:36:05.106009:  
2026-09-11 18:36:05.112836: Epoch 471 
2026-09-11 18:36:05.114870: Current learning rate: 0.00564 
2026-09-11 18:36:53.857144: train_loss -0.8666 
2026-09-11 18:36:53.865228: val_loss -0.8006 
2026-09-11 18:36:53.868087: Pseudo dice [np.float32(0.9277), np.float32(0.8287), np.float32(0.837)] 
2026-09-11 18:36:53.871261: Epoch time: 48.75 s 
2026-09-11 18:36:54.971655:  
2026-09-11 18:36:54.982589: Epoch 472 
2026-09-11 18:36:54.985282: Current learning rate: 0.00563 
2026-09-11 18:37:43.171065: train_loss -0.8723 
2026-09-11 18:37:43.179091: val_loss -0.8007 
2026-09-11 18:37:43.182205: Pseudo dice [np.float32(0.9284), np.float32(0.8628), np.float32(0.8562)] 
2026-09-11 18:37:43.185267: Epoch time: 48.2 s 
2026-09-11 18:37:44.204473:  
2026-09-11 18:37:44.217166: Epoch 473 
2026-09-11 18:37:44.219813: Current learning rate: 0.00562 
2026-09-11 18:38:32.787265: train_loss -0.8741 
2026-09-11 18:38:32.795774: val_loss -0.813 
2026-09-11 18:38:32.798499: Pseudo dice [np.float32(0.9299), np.float32(0.845), np.float32(0.8605)] 
2026-09-11 18:38:32.801368: Epoch time: 48.58 s 
2026-09-11 18:38:33.833121:  
2026-09-11 18:38:33.844688: Epoch 474 
2026-09-11 18:38:33.846925: Current learning rate: 0.00561 
2026-09-11 18:39:22.130735: train_loss -0.8753 
2026-09-11 18:39:22.138728: val_loss -0.828 
2026-09-11 18:39:22.141359: Pseudo dice [np.float32(0.9331), np.float32(0.8693), np.float32(0.8591)] 
2026-09-11 18:39:22.144532: Epoch time: 48.3 s 
2026-09-11 18:39:23.224378:  
2026-09-11 18:39:23.236857: Epoch 475 
2026-09-11 18:39:23.239519: Current learning rate: 0.0056 
2026-09-11 18:40:11.469229: train_loss -0.8744 
2026-09-11 18:40:11.476866: val_loss -0.8143 
2026-09-11 18:40:11.479584: Pseudo dice [np.float32(0.9239), np.float32(0.8421), np.float32(0.859)] 
2026-09-11 18:40:11.482679: Epoch time: 48.25 s 
2026-09-11 18:40:12.491685:  
2026-09-11 18:40:12.504605: Epoch 476 
2026-09-11 18:40:12.507410: Current learning rate: 0.00559 
2026-09-11 18:41:00.980752: train_loss -0.8787 
2026-09-11 18:41:00.989371: val_loss -0.8073 
2026-09-11 18:41:00.992154: Pseudo dice [np.float32(0.9391), np.float32(0.8544), np.float32(0.8607)] 
2026-09-11 18:41:00.994979: Epoch time: 48.49 s 
2026-09-11 18:41:02.082762:  
2026-09-11 18:41:02.094753: Epoch 477 
2026-09-11 18:41:02.097621: Current learning rate: 0.00558 
2026-09-11 18:41:50.594569: train_loss -0.8778 
2026-09-11 18:41:50.603960: val_loss -0.821 
2026-09-11 18:41:50.607108: Pseudo dice [np.float32(0.9312), np.float32(0.8581), np.float32(0.8643)] 
2026-09-11 18:41:50.610204: Epoch time: 48.51 s 
2026-09-11 18:41:51.636743:  
2026-09-11 18:41:51.649880: Epoch 478 
2026-09-11 18:41:51.652626: Current learning rate: 0.00557 
2026-09-11 18:42:40.021330: train_loss -0.8744 
2026-09-11 18:42:40.029514: val_loss -0.8027 
2026-09-11 18:42:40.032373: Pseudo dice [np.float32(0.9333), np.float32(0.8537), np.float32(0.8412)] 
2026-09-11 18:42:40.035511: Epoch time: 48.39 s 
2026-09-11 18:42:41.070187:  
2026-09-11 18:42:41.080861: Epoch 479 
2026-09-11 18:42:41.083112: Current learning rate: 0.00556 
2026-09-11 18:43:29.400921: train_loss -0.8829 
2026-09-11 18:43:29.408370: val_loss -0.7895 
2026-09-11 18:43:29.411181: Pseudo dice [np.float32(0.9271), np.float32(0.8167), np.float32(0.8373)] 
2026-09-11 18:43:29.414320: Epoch time: 48.33 s 
2026-09-11 18:43:30.439871:  
2026-09-11 18:43:30.450913: Epoch 480 
2026-09-11 18:43:30.455050: Current learning rate: 0.00555 
2026-09-11 18:44:18.785133: train_loss -0.8666 
2026-09-11 18:44:18.792664: val_loss -0.8053 
2026-09-11 18:44:18.795539: Pseudo dice [np.float32(0.9275), np.float32(0.8365), np.float32(0.8441)] 
2026-09-11 18:44:18.798704: Epoch time: 48.35 s 
2026-09-11 18:44:19.861982:  
2026-09-11 18:44:19.869997: Epoch 481 
2026-09-11 18:44:19.872681: Current learning rate: 0.00554 
2026-09-11 18:45:08.180295: train_loss -0.8746 
2026-09-11 18:45:08.187593: val_loss -0.8331 
2026-09-11 18:45:08.190258: Pseudo dice [np.float32(0.9328), np.float32(0.8691), np.float32(0.8663)] 
2026-09-11 18:45:08.193221: Epoch time: 48.32 s 
2026-09-11 18:45:09.210827:  
2026-09-11 18:45:09.222183: Epoch 482 
2026-09-11 18:45:09.224956: Current learning rate: 0.00553 
2026-09-11 18:45:57.802286: train_loss -0.8758 
2026-09-11 18:45:57.810355: val_loss -0.857 
2026-09-11 18:45:57.813386: Pseudo dice [np.float32(0.9363), np.float32(0.8874), np.float32(0.8581)] 
2026-09-11 18:45:57.816721: Epoch time: 48.59 s 
2026-09-11 18:45:58.943957:  
2026-09-11 18:45:58.955415: Epoch 483 
2026-09-11 18:45:58.958490: Current learning rate: 0.00552 
2026-09-11 18:46:48.024893: train_loss -0.8809 
2026-09-11 18:46:48.034094: val_loss -0.7892 
2026-09-11 18:46:48.037377: Pseudo dice [np.float32(0.9224), np.float32(0.8131), np.float32(0.8287)] 
2026-09-11 18:46:48.042456: Epoch time: 49.08 s 
2026-09-11 18:46:49.220555:  
2026-09-11 18:46:49.232415: Epoch 484 
2026-09-11 18:46:49.235004: Current learning rate: 0.00551 
2026-09-11 18:47:37.628335: train_loss -0.8776 
2026-09-11 18:47:37.636013: val_loss -0.811 
2026-09-11 18:47:37.638914: Pseudo dice [np.float32(0.9318), np.float32(0.827), np.float32(0.8378)] 
2026-09-11 18:47:37.641913: Epoch time: 48.41 s 
2026-09-11 18:47:38.646592:  
2026-09-11 18:47:38.658314: Epoch 485 
2026-09-11 18:47:38.661251: Current learning rate: 0.0055 
2026-09-11 18:48:27.026428: train_loss -0.8798 
2026-09-11 18:48:27.034486: val_loss -0.8213 
2026-09-11 18:48:27.037340: Pseudo dice [np.float32(0.929), np.float32(0.8434), np.float32(0.8284)] 
2026-09-11 18:48:27.040566: Epoch time: 48.38 s 
2026-09-11 18:48:28.063294:  
2026-09-11 18:48:28.076200: Epoch 486 
2026-09-11 18:48:28.079030: Current learning rate: 0.00549 
2026-09-11 18:49:16.433154: train_loss -0.8682 
2026-09-11 18:49:16.441053: val_loss -0.8046 
2026-09-11 18:49:16.443671: Pseudo dice [np.float32(0.9287), np.float32(0.8442), np.float32(0.8506)] 
2026-09-11 18:49:16.446394: Epoch time: 48.37 s 
2026-09-11 18:49:17.456495:  
2026-09-11 18:49:17.469854: Epoch 487 
2026-09-11 18:49:17.472611: Current learning rate: 0.00548 
2026-09-11 18:50:06.580331: train_loss -0.8702 
2026-09-11 18:50:06.590299: val_loss -0.825 
2026-09-11 18:50:06.594692: Pseudo dice [np.float32(0.9325), np.float32(0.8483), np.float32(0.8585)] 
2026-09-11 18:50:06.599031: Epoch time: 49.12 s 
2026-09-11 18:50:07.661157:  
2026-09-11 18:50:07.676624: Epoch 488 
2026-09-11 18:50:07.680612: Current learning rate: 0.00547 
2026-09-11 18:50:55.966600: train_loss -0.865 
2026-09-11 18:50:55.974260: val_loss -0.8484 
2026-09-11 18:50:55.977025: Pseudo dice [np.float32(0.9376), np.float32(0.8791), np.float32(0.883)] 
2026-09-11 18:50:55.980023: Epoch time: 48.31 s 
2026-09-11 18:50:56.991685:  
2026-09-11 18:50:57.003514: Epoch 489 
2026-09-11 18:50:57.006175: Current learning rate: 0.00546 
2026-09-11 18:51:45.462294: train_loss -0.8692 
2026-09-11 18:51:45.471457: val_loss -0.8114 
2026-09-11 18:51:45.474366: Pseudo dice [np.float32(0.9279), np.float32(0.8481), np.float32(0.8642)] 
2026-09-11 18:51:45.477525: Epoch time: 48.47 s 
2026-09-11 18:51:46.499243:  
2026-09-11 18:51:46.513975: Epoch 490 
2026-09-11 18:51:46.516785: Current learning rate: 0.00546 
2026-09-11 18:52:34.795844: train_loss -0.8719 
2026-09-11 18:52:34.803810: val_loss -0.8347 
2026-09-11 18:52:34.806480: Pseudo dice [np.float32(0.9327), np.float32(0.8594), np.float32(0.8536)] 
2026-09-11 18:52:34.810356: Epoch time: 48.3 s 
2026-09-11 18:52:36.849165:  
2026-09-11 18:52:36.852386: Epoch 491 
2026-09-11 18:52:36.856445: Current learning rate: 0.00545 
2026-09-11 18:53:25.671162: train_loss -0.8772 
2026-09-11 18:53:25.679072: val_loss -0.8025 
2026-09-11 18:53:25.681949: Pseudo dice [np.float32(0.9231), np.float32(0.8536), np.float32(0.8488)] 
2026-09-11 18:53:25.685002: Epoch time: 48.82 s 
2026-09-11 18:53:26.718587:  
2026-09-11 18:53:26.730564: Epoch 492 
2026-09-11 18:53:26.733474: Current learning rate: 0.00544 
2026-09-11 18:54:15.150264: train_loss -0.8756 
2026-09-11 18:54:15.157478: val_loss -0.7843 
2026-09-11 18:54:15.160173: Pseudo dice [np.float32(0.9317), np.float32(0.8092), np.float32(0.846)] 
2026-09-11 18:54:15.162813: Epoch time: 48.43 s 
2026-09-11 18:54:16.206910:  
2026-09-11 18:54:16.214268: Epoch 493 
2026-09-11 18:54:16.217145: Current learning rate: 0.00543 
2026-09-11 18:55:05.199106: train_loss -0.8675 
2026-09-11 18:55:05.207428: val_loss -0.8287 
2026-09-11 18:55:05.210409: Pseudo dice [np.float32(0.9286), np.float32(0.8632), np.float32(0.8849)] 
2026-09-11 18:55:05.213777: Epoch time: 48.99 s 
2026-09-11 18:55:06.291367:  
2026-09-11 18:55:06.304512: Epoch 494 
2026-09-11 18:55:06.307429: Current learning rate: 0.00542 
2026-09-11 18:55:54.817106: train_loss -0.8777 
2026-09-11 18:55:54.824589: val_loss -0.7904 
2026-09-11 18:55:54.827400: Pseudo dice [np.float32(0.9293), np.float32(0.8279), np.float32(0.8485)] 
2026-09-11 18:55:54.830195: Epoch time: 48.53 s 
2026-09-11 18:55:55.864248:  
2026-09-11 18:55:55.875689: Epoch 495 
2026-09-11 18:55:55.878376: Current learning rate: 0.00541 
2026-09-11 18:56:44.781679: train_loss -0.8798 
2026-09-11 18:56:44.789584: val_loss -0.7611 
2026-09-11 18:56:44.792679: Pseudo dice [np.float32(0.9294), np.float32(0.8125), np.float32(0.8504)] 
2026-09-11 18:56:44.796081: Epoch time: 48.92 s 
2026-09-11 18:56:45.876523:  
2026-09-11 18:56:45.883576: Epoch 496 
2026-09-11 18:56:45.886135: Current learning rate: 0.0054 
2026-09-11 18:57:34.465672: train_loss -0.8838 
2026-09-11 18:57:34.473356: val_loss -0.828 
2026-09-11 18:57:34.476140: Pseudo dice [np.float32(0.9314), np.float32(0.8543), np.float32(0.8607)] 
2026-09-11 18:57:34.478949: Epoch time: 48.59 s 
2026-09-11 18:57:35.555437:  
2026-09-11 18:57:35.567281: Epoch 497 
2026-09-11 18:57:35.570347: Current learning rate: 0.00539 
2026-09-11 18:58:24.433992: train_loss -0.8818 
2026-09-11 18:58:24.441983: val_loss -0.7892 
2026-09-11 18:58:24.444818: Pseudo dice [np.float32(0.9269), np.float32(0.8334), np.float32(0.8314)] 
2026-09-11 18:58:24.447815: Epoch time: 48.88 s 
2026-09-11 18:58:25.551272:  
2026-09-11 18:58:25.563737: Epoch 498 
2026-09-11 18:58:25.566405: Current learning rate: 0.00538 
2026-09-11 18:59:13.970504: train_loss -0.8807 
2026-09-11 18:59:13.978435: val_loss -0.8481 
2026-09-11 18:59:13.981340: Pseudo dice [np.float32(0.9317), np.float32(0.8764), np.float32(0.855)] 
2026-09-11 18:59:13.984618: Epoch time: 48.42 s 
2026-09-11 18:59:15.010491:  
2026-09-11 18:59:15.022438: Epoch 499 
2026-09-11 18:59:15.025199: Current learning rate: 0.00537 
2026-09-11 19:00:03.596145: train_loss -0.8753 
2026-09-11 19:00:03.603291: val_loss -0.8109 
2026-09-11 19:00:03.606173: Pseudo dice [np.float32(0.9352), np.float32(0.8668), np.float32(0.8551)] 
2026-09-11 19:00:03.609337: Epoch time: 48.59 s 
2026-09-11 19:00:07.172654:  
2026-09-11 19:00:07.175818: Epoch 500 
2026-09-11 19:00:07.179073: Current learning rate: 0.00536 
2026-09-11 19:00:55.654138: train_loss -0.8746 
2026-09-11 19:00:55.665772: val_loss -0.8077 
2026-09-11 19:00:55.668431: Pseudo dice [np.float32(0.9285), np.float32(0.8383), np.float32(0.8455)] 
2026-09-11 19:00:55.671399: Epoch time: 48.48 s 
2026-09-11 19:00:56.786837:  
2026-09-11 19:00:56.793477: Epoch 501 
2026-09-11 19:00:56.796137: Current learning rate: 0.00535 
2026-09-11 19:01:45.233263: train_loss -0.8798 
2026-09-11 19:01:45.240947: val_loss -0.7845 
2026-09-11 19:01:45.243492: Pseudo dice [np.float32(0.9306), np.float32(0.8031), np.float32(0.8298)] 
2026-09-11 19:01:45.246461: Epoch time: 48.45 s 
2026-09-11 19:01:46.264768:  
2026-09-11 19:01:46.276576: Epoch 502 
2026-09-11 19:01:46.279604: Current learning rate: 0.00534 
2026-09-11 19:02:34.826977: train_loss -0.8772 
2026-09-11 19:02:34.834692: val_loss -0.8082 
2026-09-11 19:02:34.837667: Pseudo dice [np.float32(0.9271), np.float32(0.8526), np.float32(0.8709)] 
2026-09-11 19:02:34.840760: Epoch time: 48.56 s 
2026-09-11 19:02:35.890425:  
2026-09-11 19:02:35.902096: Epoch 503 
2026-09-11 19:02:35.905097: Current learning rate: 0.00533 
2026-09-11 19:03:24.535625: train_loss -0.8779 
2026-09-11 19:03:24.542950: val_loss -0.8235 
2026-09-11 19:03:24.546165: Pseudo dice [np.float32(0.9311), np.float32(0.8676), np.float32(0.8735)] 
2026-09-11 19:03:24.549397: Epoch time: 48.65 s 
2026-09-11 19:03:25.615723:  
2026-09-11 19:03:25.626664: Epoch 504 
2026-09-11 19:03:25.629671: Current learning rate: 0.00532 
2026-09-11 19:04:14.350298: train_loss -0.8804 
2026-09-11 19:04:14.358413: val_loss -0.839 
2026-09-11 19:04:14.361231: Pseudo dice [np.float32(0.9392), np.float32(0.8805), np.float32(0.8696)] 
2026-09-11 19:04:14.364076: Epoch time: 48.74 s 
2026-09-11 19:04:15.391112:  
2026-09-11 19:04:15.403329: Epoch 505 
2026-09-11 19:04:15.405549: Current learning rate: 0.00531 
2026-09-11 19:05:03.736494: train_loss -0.8798 
2026-09-11 19:05:03.744063: val_loss -0.8198 
2026-09-11 19:05:03.746687: Pseudo dice [np.float32(0.925), np.float32(0.8397), np.float32(0.8385)] 
2026-09-11 19:05:03.749314: Epoch time: 48.35 s 
2026-09-11 19:05:04.752654:  
2026-09-11 19:05:04.763561: Epoch 506 
2026-09-11 19:05:04.766363: Current learning rate: 0.0053 
2026-09-11 19:05:53.175068: train_loss -0.8764 
2026-09-11 19:05:53.186319: val_loss -0.7534 
2026-09-11 19:05:53.191714: Pseudo dice [np.float32(0.9268), np.float32(0.8024), np.float32(0.8363)] 
2026-09-11 19:05:53.195920: Epoch time: 48.42 s 
2026-09-11 19:05:54.263855:  
2026-09-11 19:05:54.276218: Epoch 507 
2026-09-11 19:05:54.278634: Current learning rate: 0.00529 
2026-09-11 19:06:42.557410: train_loss -0.8774 
2026-09-11 19:06:42.565018: val_loss -0.8313 
2026-09-11 19:06:42.567734: Pseudo dice [np.float32(0.9191), np.float32(0.8502), np.float32(0.8279)] 
2026-09-11 19:06:42.570893: Epoch time: 48.29 s 
2026-09-11 19:06:43.606402:  
2026-09-11 19:06:43.615080: Epoch 508 
2026-09-11 19:06:43.617992: Current learning rate: 0.00528 
2026-09-11 19:07:31.884467: train_loss -0.8607 
2026-09-11 19:07:31.891820: val_loss -0.8138 
2026-09-11 19:07:31.894572: Pseudo dice [np.float32(0.9319), np.float32(0.8366), np.float32(0.8536)] 
2026-09-11 19:07:31.897516: Epoch time: 48.28 s 
2026-09-11 19:07:32.907771:  
2026-09-11 19:07:32.918353: Epoch 509 
2026-09-11 19:07:32.920887: Current learning rate: 0.00527 
2026-09-11 19:08:21.779242: train_loss -0.8708 
2026-09-11 19:08:21.787740: val_loss -0.8162 
2026-09-11 19:08:21.790524: Pseudo dice [np.float32(0.9282), np.float32(0.8402), np.float32(0.8355)] 
2026-09-11 19:08:21.793791: Epoch time: 48.87 s 
2026-09-11 19:08:22.939056:  
2026-09-11 19:08:22.945343: Epoch 510 
2026-09-11 19:08:22.948050: Current learning rate: 0.00526 
2026-09-11 19:09:11.536708: train_loss -0.8803 
2026-09-11 19:09:11.546199: val_loss -0.8127 
2026-09-11 19:09:11.550120: Pseudo dice [np.float32(0.9253), np.float32(0.8288), np.float32(0.8529)] 
2026-09-11 19:09:11.553565: Epoch time: 48.6 s 
2026-09-11 19:09:12.574125:  
2026-09-11 19:09:12.586472: Epoch 511 
2026-09-11 19:09:12.589356: Current learning rate: 0.00525 
2026-09-11 19:10:02.517069: train_loss -0.882 
2026-09-11 19:10:02.525756: val_loss -0.8312 
2026-09-11 19:10:02.529483: Pseudo dice [np.float32(0.9302), np.float32(0.8516), np.float32(0.8517)] 
2026-09-11 19:10:02.532393: Epoch time: 49.94 s 
2026-09-11 19:10:03.606590:  
2026-09-11 19:10:03.614080: Epoch 512 
2026-09-11 19:10:03.616583: Current learning rate: 0.00524 
2026-09-11 19:10:52.034266: train_loss -0.8817 
2026-09-11 19:10:52.043612: val_loss -0.8474 
2026-09-11 19:10:52.047283: Pseudo dice [np.float32(0.9381), np.float32(0.8799), np.float32(0.8673)] 
2026-09-11 19:10:52.051239: Epoch time: 48.43 s 
2026-09-11 19:10:53.145698:  
2026-09-11 19:10:53.161605: Epoch 513 
2026-09-11 19:10:53.165015: Current learning rate: 0.00523 
2026-09-11 19:11:41.710345: train_loss -0.8814 
2026-09-11 19:11:41.718823: val_loss -0.8311 
2026-09-11 19:11:41.722143: Pseudo dice [np.float32(0.9341), np.float32(0.8607), np.float32(0.8683)] 
2026-09-11 19:11:41.725435: Epoch time: 48.57 s 
2026-09-11 19:11:42.819382:  
2026-09-11 19:11:42.830979: Epoch 514 
2026-09-11 19:11:42.833903: Current learning rate: 0.00522 
2026-09-11 19:12:31.217384: train_loss -0.8774 
2026-09-11 19:12:31.228295: val_loss -0.8359 
2026-09-11 19:12:31.232707: Pseudo dice [np.float32(0.9309), np.float32(0.8428), np.float32(0.8462)] 
2026-09-11 19:12:31.237296: Epoch time: 48.4 s 
2026-09-11 19:12:32.277320:  
2026-09-11 19:12:32.292618: Epoch 515 
2026-09-11 19:12:32.296889: Current learning rate: 0.00521 
2026-09-11 19:13:21.385851: train_loss -0.8708 
2026-09-11 19:13:21.392982: val_loss -0.8019 
2026-09-11 19:13:21.395890: Pseudo dice [np.float32(0.9296), np.float32(0.845), np.float32(0.8505)] 
2026-09-11 19:13:21.399102: Epoch time: 49.11 s 
2026-09-11 19:13:22.419365:  
2026-09-11 19:13:22.430928: Epoch 516 
2026-09-11 19:13:22.433456: Current learning rate: 0.0052 
2026-09-11 19:14:10.810041: train_loss -0.8667 
2026-09-11 19:14:10.819323: val_loss -0.8094 
2026-09-11 19:14:10.823513: Pseudo dice [np.float32(0.9284), np.float32(0.8333), np.float32(0.8602)] 
2026-09-11 19:14:10.828329: Epoch time: 48.39 s 
2026-09-11 19:14:11.860671:  
2026-09-11 19:14:11.873318: Epoch 517 
2026-09-11 19:14:11.876089: Current learning rate: 0.00519 
2026-09-11 19:15:00.317643: train_loss -0.8815 
2026-09-11 19:15:00.328028: val_loss -0.8082 
2026-09-11 19:15:00.330738: Pseudo dice [np.float32(0.9256), np.float32(0.8372), np.float32(0.8701)] 
2026-09-11 19:15:00.334840: Epoch time: 48.46 s 
2026-09-11 19:15:01.363336:  
2026-09-11 19:15:01.375568: Epoch 518 
2026-09-11 19:15:01.380304: Current learning rate: 0.00518 
2026-09-11 19:15:49.807061: train_loss -0.8755 
2026-09-11 19:15:49.821113: val_loss -0.7997 
2026-09-11 19:15:49.824397: Pseudo dice [np.float32(0.9271), np.float32(0.837), np.float32(0.8467)] 
2026-09-11 19:15:49.827698: Epoch time: 48.44 s 
2026-09-11 19:15:50.915223:  
2026-09-11 19:15:50.930302: Epoch 519 
2026-09-11 19:15:50.933229: Current learning rate: 0.00518 
2026-09-11 19:16:39.406274: train_loss -0.8743 
2026-09-11 19:16:39.414227: val_loss -0.8138 
2026-09-11 19:16:39.416825: Pseudo dice [np.float32(0.9282), np.float32(0.8351), np.float32(0.8602)] 
2026-09-11 19:16:39.419973: Epoch time: 48.49 s 
2026-09-11 19:16:40.430807:  
2026-09-11 19:16:40.443071: Epoch 520 
2026-09-11 19:16:40.445961: Current learning rate: 0.00517 
2026-09-11 19:17:29.130743: train_loss -0.8725 
2026-09-11 19:17:29.138453: val_loss -0.8126 
2026-09-11 19:17:29.141313: Pseudo dice [np.float32(0.9247), np.float32(0.8446), np.float32(0.8612)] 
2026-09-11 19:17:29.144341: Epoch time: 48.7 s 
2026-09-11 19:17:30.152097:  
2026-09-11 19:17:30.164608: Epoch 521 
2026-09-11 19:17:30.167315: Current learning rate: 0.00516 
2026-09-11 19:18:18.585020: train_loss -0.864 
2026-09-11 19:18:18.594674: val_loss -0.8182 
2026-09-11 19:18:18.598544: Pseudo dice [np.float32(0.9282), np.float32(0.843), np.float32(0.8532)] 
2026-09-11 19:18:18.601512: Epoch time: 48.43 s 
2026-09-11 19:18:19.663683:  
2026-09-11 19:18:19.671790: Epoch 522 
2026-09-11 19:18:19.674777: Current learning rate: 0.00515 
2026-09-11 19:19:07.980024: train_loss -0.8682 
2026-09-11 19:19:07.987334: val_loss -0.832 
2026-09-11 19:19:07.990020: Pseudo dice [np.float32(0.9273), np.float32(0.876), np.float32(0.8509)] 
2026-09-11 19:19:07.993044: Epoch time: 48.32 s 
2026-09-11 19:19:09.018535:  
2026-09-11 19:19:09.031028: Epoch 523 
2026-09-11 19:19:09.033569: Current learning rate: 0.00514 
2026-09-11 19:19:57.435683: train_loss -0.8699 
2026-09-11 19:19:57.443712: val_loss -0.7982 
2026-09-11 19:19:57.446620: Pseudo dice [np.float32(0.9296), np.float32(0.8322), np.float32(0.8339)] 
2026-09-11 19:19:57.449392: Epoch time: 48.42 s 
2026-09-11 19:19:58.493021:  
2026-09-11 19:19:58.501350: Epoch 524 
2026-09-11 19:19:58.503977: Current learning rate: 0.00513 
2026-09-11 19:20:46.931386: train_loss -0.8845 
2026-09-11 19:20:46.939042: val_loss -0.8367 
2026-09-11 19:20:46.942008: Pseudo dice [np.float32(0.9348), np.float32(0.8744), np.float32(0.86)] 
2026-09-11 19:20:46.944980: Epoch time: 48.44 s 
2026-09-11 19:20:47.997402:  
2026-09-11 19:20:48.003528: Epoch 525 
2026-09-11 19:20:48.006330: Current learning rate: 0.00512 
2026-09-11 19:21:36.961593: train_loss -0.8759 
2026-09-11 19:21:36.969037: val_loss -0.8057 
2026-09-11 19:21:36.971289: Pseudo dice [np.float32(0.9231), np.float32(0.8246), np.float32(0.8464)] 
2026-09-11 19:21:36.974451: Epoch time: 48.97 s 
2026-09-11 19:21:38.033529:  
2026-09-11 19:21:38.042528: Epoch 526 
2026-09-11 19:21:38.045216: Current learning rate: 0.00511 
2026-09-11 19:22:26.679806: train_loss -0.8831 
2026-09-11 19:22:26.702109: val_loss -0.832 
2026-09-11 19:22:26.711648: Pseudo dice [np.float32(0.9284), np.float32(0.8565), np.float32(0.8722)] 
2026-09-11 19:22:26.721634: Epoch time: 48.65 s 
2026-09-11 19:22:27.759693:  
2026-09-11 19:22:27.785206: Epoch 527 
2026-09-11 19:22:27.794513: Current learning rate: 0.0051 
2026-09-11 19:23:16.653427: train_loss -0.8744 
2026-09-11 19:23:16.660840: val_loss -0.8274 
2026-09-11 19:23:16.663338: Pseudo dice [np.float32(0.9342), np.float32(0.8713), np.float32(0.8602)] 
2026-09-11 19:23:16.666728: Epoch time: 48.89 s 
2026-09-11 19:23:17.720220:  
2026-09-11 19:23:17.731589: Epoch 528 
2026-09-11 19:23:17.734761: Current learning rate: 0.00509 
2026-09-11 19:24:06.729262: train_loss -0.878 
2026-09-11 19:24:06.739100: val_loss -0.8186 
2026-09-11 19:24:06.742684: Pseudo dice [np.float32(0.9326), np.float32(0.8417), np.float32(0.852)] 
2026-09-11 19:24:06.747344: Epoch time: 49.01 s 
2026-09-11 19:24:07.890956:  
2026-09-11 19:24:07.905412: Epoch 529 
2026-09-11 19:24:07.908008: Current learning rate: 0.00508 
2026-09-11 19:24:56.394026: train_loss -0.8818 
2026-09-11 19:24:56.402446: val_loss -0.8007 
2026-09-11 19:24:56.405579: Pseudo dice [np.float32(0.9296), np.float32(0.851), np.float32(0.8477)] 
2026-09-11 19:24:56.408410: Epoch time: 48.5 s 
2026-09-11 19:24:57.440612:  
2026-09-11 19:24:57.449715: Epoch 530 
2026-09-11 19:24:57.452334: Current learning rate: 0.00507 
2026-09-11 19:25:46.072251: train_loss -0.8691 
2026-09-11 19:25:46.080171: val_loss -0.8413 
2026-09-11 19:25:46.082953: Pseudo dice [np.float32(0.9297), np.float32(0.8927), np.float32(0.8714)] 
2026-09-11 19:25:46.086413: Epoch time: 48.63 s 
2026-09-11 19:25:47.118797:  
2026-09-11 19:25:47.127345: Epoch 531 
2026-09-11 19:25:47.130453: Current learning rate: 0.00506 
2026-09-11 19:26:36.275606: train_loss -0.8746 
2026-09-11 19:26:36.302112: val_loss -0.8113 
2026-09-11 19:26:36.314455: Pseudo dice [np.float32(0.9266), np.float32(0.8222), np.float32(0.8583)] 
2026-09-11 19:26:36.329248: Epoch time: 49.16 s 
2026-09-11 19:26:38.355187:  
2026-09-11 19:26:38.376405: Epoch 532 
2026-09-11 19:26:38.384832: Current learning rate: 0.00505 
2026-09-11 19:27:27.634444: train_loss -0.8732 
2026-09-11 19:27:27.657634: val_loss -0.8204 
2026-09-11 19:27:27.663435: Pseudo dice [np.float32(0.9251), np.float32(0.8598), np.float32(0.8299)] 
2026-09-11 19:27:27.670101: Epoch time: 49.28 s 
2026-09-11 19:27:28.848774:  
2026-09-11 19:27:28.860573: Epoch 533 
2026-09-11 19:27:28.863359: Current learning rate: 0.00504 
2026-09-11 19:28:17.438339: train_loss -0.8764 
2026-09-11 19:28:17.446898: val_loss -0.8242 
2026-09-11 19:28:17.449885: Pseudo dice [np.float32(0.9363), np.float32(0.8654), np.float32(0.8706)] 
2026-09-11 19:28:17.453223: Epoch time: 48.59 s 
2026-09-11 19:28:18.526550:  
2026-09-11 19:28:18.537256: Epoch 534 
2026-09-11 19:28:18.539868: Current learning rate: 0.00503 
2026-09-11 19:29:06.803374: train_loss -0.8817 
2026-09-11 19:29:06.815692: val_loss -0.795 
2026-09-11 19:29:06.818638: Pseudo dice [np.float32(0.9327), np.float32(0.8616), np.float32(0.8595)] 
2026-09-11 19:29:06.822258: Epoch time: 48.28 s 
2026-09-11 19:29:07.865091:  
2026-09-11 19:29:07.878988: Epoch 535 
2026-09-11 19:29:07.881827: Current learning rate: 0.00502 
2026-09-11 19:29:56.353177: train_loss -0.8758 
2026-09-11 19:29:56.364181: val_loss -0.8119 
2026-09-11 19:29:56.367183: Pseudo dice [np.float32(0.9329), np.float32(0.8492), np.float32(0.8478)] 
2026-09-11 19:29:56.371885: Epoch time: 48.49 s 
2026-09-11 19:29:57.443936:  
2026-09-11 19:29:57.459018: Epoch 536 
2026-09-11 19:29:57.462440: Current learning rate: 0.00501 
2026-09-11 19:30:45.778262: train_loss -0.863 
2026-09-11 19:30:45.809817: val_loss -0.8136 
2026-09-11 19:30:45.822660: Pseudo dice [np.float32(0.9276), np.float32(0.8452), np.float32(0.852)] 
2026-09-11 19:30:45.835796: Epoch time: 48.34 s 
2026-09-11 19:30:46.882207:  
2026-09-11 19:30:46.925955: Epoch 537 
2026-09-11 19:30:46.937100: Current learning rate: 0.005 
2026-09-11 19:31:35.723308: train_loss -0.8747 
2026-09-11 19:31:35.732729: val_loss -0.8102 
2026-09-11 19:31:35.736126: Pseudo dice [np.float32(0.9288), np.float32(0.8388), np.float32(0.8498)] 
2026-09-11 19:31:35.739300: Epoch time: 48.84 s 
2026-09-11 19:31:36.777345:  
2026-09-11 19:31:36.790215: Epoch 538 
2026-09-11 19:31:36.792854: Current learning rate: 0.00499 
2026-09-11 19:32:25.609095: train_loss -0.8685 
2026-09-11 19:32:25.617402: val_loss -0.8437 
2026-09-11 19:32:25.620369: Pseudo dice [np.float32(0.9294), np.float32(0.8764), np.float32(0.8474)] 
2026-09-11 19:32:25.623721: Epoch time: 48.83 s 
2026-09-11 19:32:26.644739:  
2026-09-11 19:32:26.660978: Epoch 539 
2026-09-11 19:32:26.663691: Current learning rate: 0.00498 
2026-09-11 19:33:15.476575: train_loss -0.8708 
2026-09-11 19:33:15.486485: val_loss -0.8234 
2026-09-11 19:33:15.489001: Pseudo dice [np.float32(0.9304), np.float32(0.8547), np.float32(0.8553)] 
2026-09-11 19:33:15.492293: Epoch time: 48.83 s 
2026-09-11 19:33:16.566584:  
2026-09-11 19:33:16.574329: Epoch 540 
2026-09-11 19:33:16.577393: Current learning rate: 0.00497 
2026-09-11 19:34:05.312256: train_loss -0.8713 
2026-09-11 19:34:05.320089: val_loss -0.8157 
2026-09-11 19:34:05.322601: Pseudo dice [np.float32(0.932), np.float32(0.8578), np.float32(0.8479)] 
2026-09-11 19:34:05.325683: Epoch time: 48.75 s 
2026-09-11 19:34:06.349111:  
2026-09-11 19:34:06.367163: Epoch 541 
2026-09-11 19:34:06.370257: Current learning rate: 0.00496 
2026-09-11 19:34:55.630650: train_loss -0.8727 
2026-09-11 19:34:55.640216: val_loss -0.821 
2026-09-11 19:34:55.644399: Pseudo dice [np.float32(0.9331), np.float32(0.8526), np.float32(0.868)] 
2026-09-11 19:34:55.648458: Epoch time: 49.28 s 
2026-09-11 19:34:56.775000:  
2026-09-11 19:34:56.797739: Epoch 542 
2026-09-11 19:34:56.807959: Current learning rate: 0.00495 
2026-09-11 19:35:45.223214: train_loss -0.876 
2026-09-11 19:35:45.235829: val_loss -0.8395 
2026-09-11 19:35:45.239081: Pseudo dice [np.float32(0.9255), np.float32(0.8527), np.float32(0.851)] 
2026-09-11 19:35:45.242553: Epoch time: 48.45 s 
2026-09-11 19:35:46.279761:  
2026-09-11 19:35:46.292603: Epoch 543 
2026-09-11 19:35:46.295154: Current learning rate: 0.00494 
2026-09-11 19:36:34.535517: train_loss -0.8762 
2026-09-11 19:36:34.543586: val_loss -0.7759 
2026-09-11 19:36:34.546528: Pseudo dice [np.float32(0.9303), np.float32(0.8188), np.float32(0.8519)] 
2026-09-11 19:36:34.549994: Epoch time: 48.26 s 
2026-09-11 19:36:35.594498:  
2026-09-11 19:36:35.603194: Epoch 544 
2026-09-11 19:36:35.606156: Current learning rate: 0.00493 
2026-09-11 19:37:24.264512: train_loss -0.8813 
2026-09-11 19:37:24.273103: val_loss -0.7906 
2026-09-11 19:37:24.276209: Pseudo dice [np.float32(0.9293), np.float32(0.8345), np.float32(0.8268)] 
2026-09-11 19:37:24.279847: Epoch time: 48.67 s 
2026-09-11 19:37:25.316238:  
2026-09-11 19:37:25.324630: Epoch 545 
2026-09-11 19:37:25.327932: Current learning rate: 0.00492 
2026-09-11 19:38:13.832673: train_loss -0.8746 
2026-09-11 19:38:13.842147: val_loss -0.8127 
2026-09-11 19:38:13.845434: Pseudo dice [np.float32(0.9248), np.float32(0.8436), np.float32(0.8561)] 
2026-09-11 19:38:13.848096: Epoch time: 48.52 s 
2026-09-11 19:38:14.891918:  
2026-09-11 19:38:14.904455: Epoch 546 
2026-09-11 19:38:14.909820: Current learning rate: 0.00491 
2026-09-11 19:39:03.727276: train_loss -0.8702 
2026-09-11 19:39:03.739994: val_loss -0.8016 
2026-09-11 19:39:03.742843: Pseudo dice [np.float32(0.9244), np.float32(0.8424), np.float32(0.8475)] 
2026-09-11 19:39:03.745738: Epoch time: 48.84 s 
2026-09-11 19:39:04.779824:  
2026-09-11 19:39:04.801858: Epoch 547 
2026-09-11 19:39:04.804290: Current learning rate: 0.0049 
2026-09-11 19:39:53.508447: train_loss -0.8783 
2026-09-11 19:39:53.517068: val_loss -0.8389 
2026-09-11 19:39:53.520021: Pseudo dice [np.float32(0.9304), np.float32(0.8747), np.float32(0.8546)] 
2026-09-11 19:39:53.523451: Epoch time: 48.73 s 
2026-09-11 19:39:54.576763:  
2026-09-11 19:39:54.590462: Epoch 548 
2026-09-11 19:39:54.593702: Current learning rate: 0.00489 
2026-09-11 19:40:43.107608: train_loss -0.8918 
2026-09-11 19:40:43.119374: val_loss -0.8069 
2026-09-11 19:40:43.122786: Pseudo dice [np.float32(0.9338), np.float32(0.8405), np.float32(0.8249)] 
2026-09-11 19:40:43.126471: Epoch time: 48.53 s 
2026-09-11 19:40:44.165009:  
2026-09-11 19:40:44.178236: Epoch 549 
2026-09-11 19:40:44.180840: Current learning rate: 0.00488 
2026-09-11 19:41:32.828980: train_loss -0.8804 
2026-09-11 19:41:32.837054: val_loss -0.7817 
2026-09-11 19:41:32.840140: Pseudo dice [np.float32(0.9237), np.float32(0.7963), np.float32(0.8281)] 
2026-09-11 19:41:32.843518: Epoch time: 48.66 s 
2026-09-11 19:41:36.450421:  
2026-09-11 19:41:36.453813: Epoch 550 
2026-09-11 19:41:36.456988: Current learning rate: 0.00487 
2026-09-11 19:42:24.858154: train_loss -0.8727 
2026-09-11 19:42:24.866869: val_loss -0.8245 
2026-09-11 19:42:24.869655: Pseudo dice [np.float32(0.9311), np.float32(0.8676), np.float32(0.8663)] 
2026-09-11 19:42:24.874450: Epoch time: 48.41 s 
2026-09-11 19:42:25.908677:  
2026-09-11 19:42:25.915071: Epoch 551 
2026-09-11 19:42:25.917854: Current learning rate: 0.00486 
2026-09-11 19:43:14.300635: train_loss -0.8832 
2026-09-11 19:43:14.315597: val_loss -0.8308 
2026-09-11 19:43:14.318480: Pseudo dice [np.float32(0.9336), np.float32(0.8654), np.float32(0.8761)] 
2026-09-11 19:43:14.321351: Epoch time: 48.39 s 
2026-09-11 19:43:16.114066:  
2026-09-11 19:43:16.117344: Epoch 552 
2026-09-11 19:43:16.120055: Current learning rate: 0.00485 
2026-09-11 19:44:04.451404: train_loss -0.8797 
2026-09-11 19:44:04.460263: val_loss -0.8043 
2026-09-11 19:44:04.463680: Pseudo dice [np.float32(0.9298), np.float32(0.8418), np.float32(0.8488)] 
2026-09-11 19:44:04.467528: Epoch time: 48.34 s 
2026-09-11 19:44:05.508316:  
2026-09-11 19:44:05.515341: Epoch 553 
2026-09-11 19:44:05.517994: Current learning rate: 0.00484 
2026-09-11 19:44:53.769200: train_loss -0.883 
2026-09-11 19:44:53.785853: val_loss -0.8232 
2026-09-11 19:44:53.792655: Pseudo dice [np.float32(0.9281), np.float32(0.8434), np.float32(0.8436)] 
2026-09-11 19:44:53.799658: Epoch time: 48.26 s 
2026-09-11 19:44:54.822808:  
2026-09-11 19:44:54.853952: Epoch 554 
2026-09-11 19:44:54.862472: Current learning rate: 0.00484 
2026-09-11 19:45:43.047310: train_loss -0.8745 
2026-09-11 19:45:43.054624: val_loss -0.8259 
2026-09-11 19:45:43.057080: Pseudo dice [np.float32(0.9299), np.float32(0.8389), np.float32(0.8602)] 
2026-09-11 19:45:43.060085: Epoch time: 48.23 s 
2026-09-11 19:45:44.092864:  
2026-09-11 19:45:44.105017: Epoch 555 
2026-09-11 19:45:44.107886: Current learning rate: 0.00483 
2026-09-11 19:46:32.318337: train_loss -0.886 
2026-09-11 19:46:32.326540: val_loss -0.8206 
2026-09-11 19:46:32.329257: Pseudo dice [np.float32(0.932), np.float32(0.8569), np.float32(0.8611)] 
2026-09-11 19:46:32.332743: Epoch time: 48.23 s 
2026-09-11 19:46:33.366305:  
2026-09-11 19:46:33.381197: Epoch 556 
2026-09-11 19:46:33.384602: Current learning rate: 0.00482 
2026-09-11 19:47:22.102128: train_loss -0.8749 
2026-09-11 19:47:22.112794: val_loss -0.8155 
2026-09-11 19:47:22.116726: Pseudo dice [np.float32(0.9328), np.float32(0.8469), np.float32(0.8615)] 
2026-09-11 19:47:22.120399: Epoch time: 48.74 s 
2026-09-11 19:47:23.193954:  
2026-09-11 19:47:23.208497: Epoch 557 
2026-09-11 19:47:23.211919: Current learning rate: 0.00481 
2026-09-11 19:48:11.583654: train_loss -0.8779 
2026-09-11 19:48:11.604453: val_loss -0.7874 
2026-09-11 19:48:11.613969: Pseudo dice [np.float32(0.9282), np.float32(0.8231), np.float32(0.8589)] 
2026-09-11 19:48:11.623868: Epoch time: 48.39 s 
2026-09-11 19:48:12.659380:  
2026-09-11 19:48:12.685369: Epoch 558 
2026-09-11 19:48:12.690968: Current learning rate: 0.0048 
2026-09-11 19:49:01.486356: train_loss -0.8792 
2026-09-11 19:49:01.512519: val_loss -0.8273 
2026-09-11 19:49:01.523806: Pseudo dice [np.float32(0.9271), np.float32(0.8537), np.float32(0.84)] 
2026-09-11 19:49:01.536591: Epoch time: 48.83 s 
2026-09-11 19:49:02.622305:  
2026-09-11 19:49:02.647140: Epoch 559 
2026-09-11 19:49:02.655846: Current learning rate: 0.00479 
2026-09-11 19:49:51.433364: train_loss -0.8804 
2026-09-11 19:49:51.441838: val_loss -0.8173 
2026-09-11 19:49:51.445306: Pseudo dice [np.float32(0.9287), np.float32(0.869), np.float32(0.8732)] 
2026-09-11 19:49:51.448339: Epoch time: 48.81 s 
2026-09-11 19:49:52.498243:  
2026-09-11 19:49:52.511455: Epoch 560 
2026-09-11 19:49:52.514266: Current learning rate: 0.00478 
2026-09-11 19:50:40.916706: train_loss -0.8801 
2026-09-11 19:50:40.924674: val_loss -0.8341 
2026-09-11 19:50:40.928515: Pseudo dice [np.float32(0.9271), np.float32(0.8679), np.float32(0.8618)] 
2026-09-11 19:50:40.932350: Epoch time: 48.42 s 
2026-09-11 19:50:41.946965:  
2026-09-11 19:50:41.956804: Epoch 561 
2026-09-11 19:50:41.960721: Current learning rate: 0.00477 
2026-09-11 19:51:30.323763: train_loss -0.8841 
2026-09-11 19:51:30.334059: val_loss -0.7856 
2026-09-11 19:51:30.337664: Pseudo dice [np.float32(0.93), np.float32(0.8262), np.float32(0.8668)] 
2026-09-11 19:51:30.341137: Epoch time: 48.38 s 
2026-09-11 19:51:31.405339:  
2026-09-11 19:51:31.414123: Epoch 562 
2026-09-11 19:51:31.417504: Current learning rate: 0.00476 
2026-09-11 19:52:19.767237: train_loss -0.8807 
2026-09-11 19:52:19.775155: val_loss -0.8223 
2026-09-11 19:52:19.778225: Pseudo dice [np.float32(0.9345), np.float32(0.8644), np.float32(0.8717)] 
2026-09-11 19:52:19.782063: Epoch time: 48.36 s 
2026-09-11 19:52:20.804569:  
2026-09-11 19:52:20.819653: Epoch 563 
2026-09-11 19:52:20.824802: Current learning rate: 0.00475 
2026-09-11 19:53:09.322930: train_loss -0.8808 
2026-09-11 19:53:09.336257: val_loss -0.8042 
2026-09-11 19:53:09.338902: Pseudo dice [np.float32(0.9314), np.float32(0.8375), np.float32(0.8438)] 
2026-09-11 19:53:09.342016: Epoch time: 48.52 s 
2026-09-11 19:53:10.373990:  
2026-09-11 19:53:10.398511: Epoch 564 
2026-09-11 19:53:10.401047: Current learning rate: 0.00474 
2026-09-11 19:53:59.389941: train_loss -0.8885 
2026-09-11 19:53:59.410949: val_loss -0.816 
2026-09-11 19:53:59.418704: Pseudo dice [np.float32(0.9297), np.float32(0.8412), np.float32(0.8518)] 
2026-09-11 19:53:59.427107: Epoch time: 49.02 s 
2026-09-11 19:54:00.545696:  
2026-09-11 19:54:00.558119: Epoch 565 
2026-09-11 19:54:00.561049: Current learning rate: 0.00473 
2026-09-11 19:54:48.941746: train_loss -0.8716 
2026-09-11 19:54:48.967002: val_loss -0.8007 
2026-09-11 19:54:48.977957: Pseudo dice [np.float32(0.9321), np.float32(0.8598), np.float32(0.8596)] 
2026-09-11 19:54:48.989019: Epoch time: 48.4 s 
2026-09-11 19:54:50.063241:  
2026-09-11 19:54:50.086909: Epoch 566 
2026-09-11 19:54:50.094990: Current learning rate: 0.00472 
2026-09-11 19:55:38.497766: train_loss -0.8769 
2026-09-11 19:55:38.506357: val_loss -0.8384 
2026-09-11 19:55:38.510011: Pseudo dice [np.float32(0.9311), np.float32(0.8613), np.float32(0.8581)] 
2026-09-11 19:55:38.513798: Epoch time: 48.44 s 
2026-09-11 19:55:39.558752:  
2026-09-11 19:55:39.571816: Epoch 567 
2026-09-11 19:55:39.574776: Current learning rate: 0.00471 
2026-09-11 19:56:28.077573: train_loss -0.875 
2026-09-11 19:56:28.091767: val_loss -0.8117 
2026-09-11 19:56:28.094746: Pseudo dice [np.float32(0.9325), np.float32(0.853), np.float32(0.8648)] 
2026-09-11 19:56:28.097934: Epoch time: 48.52 s 
2026-09-11 19:56:29.132247:  
2026-09-11 19:56:29.145385: Epoch 568 
2026-09-11 19:56:29.147964: Current learning rate: 0.0047 
2026-09-11 19:57:17.701378: train_loss -0.8795 
2026-09-11 19:57:17.709246: val_loss -0.7868 
2026-09-11 19:57:17.712243: Pseudo dice [np.float32(0.9269), np.float32(0.8239), np.float32(0.8492)] 
2026-09-11 19:57:17.715128: Epoch time: 48.57 s 
2026-09-11 19:57:18.743732:  
2026-09-11 19:57:18.750255: Epoch 569 
2026-09-11 19:57:18.753414: Current learning rate: 0.00469 
2026-09-11 19:58:07.116467: train_loss -0.8802 
2026-09-11 19:58:07.124644: val_loss -0.8391 
2026-09-11 19:58:07.127511: Pseudo dice [np.float32(0.9304), np.float32(0.8445), np.float32(0.8537)] 
2026-09-11 19:58:07.130473: Epoch time: 48.37 s 
2026-09-11 19:58:08.154750:  
2026-09-11 19:58:08.165861: Epoch 570 
2026-09-11 19:58:08.168304: Current learning rate: 0.00468 
2026-09-11 19:58:56.514359: train_loss -0.8714 
2026-09-11 19:58:56.523296: val_loss -0.7974 
2026-09-11 19:58:56.526149: Pseudo dice [np.float32(0.9212), np.float32(0.8473), np.float32(0.8328)] 
2026-09-11 19:58:56.529977: Epoch time: 48.36 s 
2026-09-11 19:58:57.539603:  
2026-09-11 19:58:57.554375: Epoch 571 
2026-09-11 19:58:57.558406: Current learning rate: 0.00467 
2026-09-11 19:59:46.140079: train_loss -0.8673 
2026-09-11 19:59:46.147524: val_loss -0.8094 
2026-09-11 19:59:46.150572: Pseudo dice [np.float32(0.9248), np.float32(0.842), np.float32(0.8461)] 
2026-09-11 19:59:46.153585: Epoch time: 48.6 s 
2026-09-11 19:59:47.222586:  
2026-09-11 19:59:47.235624: Epoch 572 
2026-09-11 19:59:47.238405: Current learning rate: 0.00466 
2026-09-11 20:00:35.723624: train_loss -0.8711 
2026-09-11 20:00:35.732201: val_loss -0.8122 
2026-09-11 20:00:35.735301: Pseudo dice [np.float32(0.9273), np.float32(0.8615), np.float32(0.8568)] 
2026-09-11 20:00:35.738590: Epoch time: 48.5 s 
2026-09-11 20:00:37.588418:  
2026-09-11 20:00:37.593038: Epoch 573 
2026-09-11 20:00:37.597867: Current learning rate: 0.00465 
2026-09-11 20:01:26.661643: train_loss -0.8769 
2026-09-11 20:01:26.669611: val_loss -0.8336 
2026-09-11 20:01:26.672515: Pseudo dice [np.float32(0.9304), np.float32(0.8721), np.float32(0.8653)] 
2026-09-11 20:01:26.674989: Epoch time: 49.08 s 
2026-09-11 20:01:27.769118:  
2026-09-11 20:01:27.775574: Epoch 574 
2026-09-11 20:01:27.778432: Current learning rate: 0.00464 
2026-09-11 20:02:16.271554: train_loss -0.8743 
2026-09-11 20:02:16.280388: val_loss -0.8203 
2026-09-11 20:02:16.283933: Pseudo dice [np.float32(0.9316), np.float32(0.8639), np.float32(0.8339)] 
2026-09-11 20:02:16.287360: Epoch time: 48.5 s 
2026-09-11 20:02:17.371434:  
2026-09-11 20:02:17.384641: Epoch 575 
2026-09-11 20:02:17.387503: Current learning rate: 0.00463 
2026-09-11 20:03:06.590530: train_loss -0.8652 
2026-09-11 20:03:06.603749: val_loss -0.8262 
2026-09-11 20:03:06.606549: Pseudo dice [np.float32(0.9291), np.float32(0.8594), np.float32(0.8896)] 
2026-09-11 20:03:06.609687: Epoch time: 49.22 s 
2026-09-11 20:03:07.847544:  
2026-09-11 20:03:07.866265: Epoch 576 
2026-09-11 20:03:07.869571: Current learning rate: 0.00462 
2026-09-11 20:03:56.173221: train_loss -0.8845 
2026-09-11 20:03:56.183105: val_loss -0.8322 
2026-09-11 20:03:56.186538: Pseudo dice [np.float32(0.933), np.float32(0.8665), np.float32(0.8563)] 
2026-09-11 20:03:56.190306: Epoch time: 48.33 s 
2026-09-11 20:03:57.221562:  
2026-09-11 20:03:57.236963: Epoch 577 
2026-09-11 20:03:57.240325: Current learning rate: 0.00461 
2026-09-11 20:04:45.526616: train_loss -0.8792 
2026-09-11 20:04:45.534771: val_loss -0.8087 
2026-09-11 20:04:45.537907: Pseudo dice [np.float32(0.9262), np.float32(0.8367), np.float32(0.8418)] 
2026-09-11 20:04:45.541301: Epoch time: 48.31 s 
2026-09-11 20:04:46.570711:  
2026-09-11 20:04:46.583771: Epoch 578 
2026-09-11 20:04:46.586686: Current learning rate: 0.0046 
2026-09-11 20:05:35.010876: train_loss -0.8861 
2026-09-11 20:05:35.019628: val_loss -0.8042 
2026-09-11 20:05:35.022892: Pseudo dice [np.float32(0.9276), np.float32(0.8396), np.float32(0.8405)] 
2026-09-11 20:05:35.026808: Epoch time: 48.44 s 
2026-09-11 20:05:36.098204:  
2026-09-11 20:05:36.111904: Epoch 579 
2026-09-11 20:05:36.114813: Current learning rate: 0.00459 
2026-09-11 20:06:24.645169: train_loss -0.8787 
2026-09-11 20:06:24.659848: val_loss -0.7917 
2026-09-11 20:06:24.662605: Pseudo dice [np.float32(0.9215), np.float32(0.7968), np.float32(0.8561)] 
2026-09-11 20:06:24.665487: Epoch time: 48.55 s 
2026-09-11 20:06:25.706787:  
2026-09-11 20:06:25.728342: Epoch 580 
2026-09-11 20:06:25.730971: Current learning rate: 0.00458 
2026-09-11 20:07:14.213834: train_loss -0.8706 
2026-09-11 20:07:14.237220: val_loss -0.782 
2026-09-11 20:07:14.247298: Pseudo dice [np.float32(0.9189), np.float32(0.807), np.float32(0.8195)] 
2026-09-11 20:07:14.257430: Epoch time: 48.51 s 
2026-09-11 20:07:15.293673:  
2026-09-11 20:07:15.309650: Epoch 581 
2026-09-11 20:07:15.315942: Current learning rate: 0.00457 
2026-09-11 20:08:03.733300: train_loss -0.8704 
2026-09-11 20:08:03.742486: val_loss -0.8228 
2026-09-11 20:08:03.745908: Pseudo dice [np.float32(0.9246), np.float32(0.8596), np.float32(0.8671)] 
2026-09-11 20:08:03.749967: Epoch time: 48.44 s 
2026-09-11 20:08:04.808923:  
2026-09-11 20:08:04.822190: Epoch 582 
2026-09-11 20:08:04.825054: Current learning rate: 0.00456 
2026-09-11 20:08:53.114446: train_loss -0.8738 
2026-09-11 20:08:53.123679: val_loss -0.8211 
2026-09-11 20:08:53.126465: Pseudo dice [np.float32(0.937), np.float32(0.8382), np.float32(0.8481)] 
2026-09-11 20:08:53.129660: Epoch time: 48.31 s 
2026-09-11 20:08:54.184183:  
2026-09-11 20:08:54.208091: Epoch 583 
2026-09-11 20:08:54.211076: Current learning rate: 0.00455 
2026-09-11 20:09:42.696598: train_loss -0.8777 
2026-09-11 20:09:42.707402: val_loss -0.8033 
2026-09-11 20:09:42.710739: Pseudo dice [np.float32(0.9287), np.float32(0.8456), np.float32(0.8373)] 
2026-09-11 20:09:42.714374: Epoch time: 48.52 s 
2026-09-11 20:09:43.822666:  
2026-09-11 20:09:43.830009: Epoch 584 
2026-09-11 20:09:43.832953: Current learning rate: 0.00454 
2026-09-11 20:10:32.417833: train_loss -0.8653 
2026-09-11 20:10:32.426402: val_loss -0.8424 
2026-09-11 20:10:32.429779: Pseudo dice [np.float32(0.9406), np.float32(0.8754), np.float32(0.8717)] 
2026-09-11 20:10:32.433095: Epoch time: 48.6 s 
2026-09-11 20:10:33.473818:  
2026-09-11 20:10:33.486638: Epoch 585 
2026-09-11 20:10:33.489866: Current learning rate: 0.00453 
2026-09-11 20:11:21.681144: train_loss -0.8769 
2026-09-11 20:11:21.690117: val_loss -0.8184 
2026-09-11 20:11:21.692795: Pseudo dice [np.float32(0.9312), np.float32(0.8399), np.float32(0.8451)] 
2026-09-11 20:11:21.695373: Epoch time: 48.21 s 
2026-09-11 20:11:22.739289:  
2026-09-11 20:11:22.747183: Epoch 586 
2026-09-11 20:11:22.754159: Current learning rate: 0.00452 
2026-09-11 20:12:11.261457: train_loss -0.8839 
2026-09-11 20:12:11.269686: val_loss -0.7924 
2026-09-11 20:12:11.272789: Pseudo dice [np.float32(0.9266), np.float32(0.8241), np.float32(0.8328)] 
2026-09-11 20:12:11.275806: Epoch time: 48.52 s 
2026-09-11 20:12:12.420019:  
2026-09-11 20:12:12.432804: Epoch 587 
2026-09-11 20:12:12.435290: Current learning rate: 0.00451 
2026-09-11 20:13:00.801662: train_loss -0.8852 
2026-09-11 20:13:00.809462: val_loss -0.8007 
2026-09-11 20:13:00.812291: Pseudo dice [np.float32(0.9267), np.float32(0.8186), np.float32(0.8553)] 
2026-09-11 20:13:00.815519: Epoch time: 48.38 s 
2026-09-11 20:13:01.863205:  
2026-09-11 20:13:01.876146: Epoch 588 
2026-09-11 20:13:01.878988: Current learning rate: 0.0045 
2026-09-11 20:13:50.302860: train_loss -0.8824 
2026-09-11 20:13:50.311103: val_loss -0.7834 
2026-09-11 20:13:50.313976: Pseudo dice [np.float32(0.9352), np.float32(0.8313), np.float32(0.877)] 
2026-09-11 20:13:50.317201: Epoch time: 48.44 s 
2026-09-11 20:13:51.347839:  
2026-09-11 20:13:51.361563: Epoch 589 
2026-09-11 20:13:51.365123: Current learning rate: 0.00449 
2026-09-11 20:14:39.717341: train_loss -0.8752 
2026-09-11 20:14:39.736651: val_loss -0.8178 
2026-09-11 20:14:39.745809: Pseudo dice [np.float32(0.9348), np.float32(0.8653), np.float32(0.8627)] 
2026-09-11 20:14:39.758178: Epoch time: 48.37 s 
2026-09-11 20:14:40.800936:  
2026-09-11 20:14:40.831804: Epoch 590 
2026-09-11 20:14:40.843096: Current learning rate: 0.00448 
2026-09-11 20:15:29.293154: train_loss -0.8719 
2026-09-11 20:15:29.300697: val_loss -0.8354 
2026-09-11 20:15:29.303406: Pseudo dice [np.float32(0.9278), np.float32(0.8744), np.float32(0.876)] 
2026-09-11 20:15:29.306362: Epoch time: 48.49 s 
2026-09-11 20:15:30.330903:  
2026-09-11 20:15:30.339618: Epoch 591 
2026-09-11 20:15:30.342550: Current learning rate: 0.00447 
2026-09-11 20:16:18.937698: train_loss -0.8859 
2026-09-11 20:16:18.952951: val_loss -0.7862 
2026-09-11 20:16:18.956004: Pseudo dice [np.float32(0.9247), np.float32(0.814), np.float32(0.8293)] 
2026-09-11 20:16:18.958914: Epoch time: 48.61 s 
2026-09-11 20:16:20.027510:  
2026-09-11 20:16:20.040351: Epoch 592 
2026-09-11 20:16:20.043301: Current learning rate: 0.00446 
2026-09-11 20:17:08.467790: train_loss -0.878 
2026-09-11 20:17:08.490230: val_loss -0.8219 
2026-09-11 20:17:08.505744: Pseudo dice [np.float32(0.924), np.float32(0.8721), np.float32(0.8824)] 
2026-09-11 20:17:08.515252: Epoch time: 48.44 s 
2026-09-11 20:17:10.607346:  
2026-09-11 20:17:10.613804: Epoch 593 
2026-09-11 20:17:10.616543: Current learning rate: 0.00445 
2026-09-11 20:17:59.008624: train_loss -0.8952 
2026-09-11 20:17:59.018885: val_loss -0.8125 
2026-09-11 20:17:59.023000: Pseudo dice [np.float32(0.9324), np.float32(0.8527), np.float32(0.8572)] 
2026-09-11 20:17:59.027988: Epoch time: 48.4 s 
2026-09-11 20:18:00.119099:  
2026-09-11 20:18:00.132007: Epoch 594 
2026-09-11 20:18:00.134617: Current learning rate: 0.00444 
2026-09-11 20:18:48.532039: train_loss -0.8783 
2026-09-11 20:18:48.544548: val_loss -0.8186 
2026-09-11 20:18:48.547363: Pseudo dice [np.float32(0.9289), np.float32(0.8575), np.float32(0.8593)] 
2026-09-11 20:18:48.550222: Epoch time: 48.41 s 
2026-09-11 20:18:49.637237:  
2026-09-11 20:18:49.664275: Epoch 595 
2026-09-11 20:18:49.667044: Current learning rate: 0.00443 
2026-09-11 20:19:38.045451: train_loss -0.8858 
2026-09-11 20:19:38.054539: val_loss -0.8452 
2026-09-11 20:19:38.057712: Pseudo dice [np.float32(0.9308), np.float32(0.8678), np.float32(0.8615)] 
2026-09-11 20:19:38.061056: Epoch time: 48.41 s 
2026-09-11 20:19:39.165796:  
2026-09-11 20:19:39.179549: Epoch 596 
2026-09-11 20:19:39.182257: Current learning rate: 0.00442 
2026-09-11 20:20:27.648142: train_loss -0.8836 
2026-09-11 20:20:27.656422: val_loss -0.8145 
2026-09-11 20:20:27.659432: Pseudo dice [np.float32(0.9316), np.float32(0.8454), np.float32(0.8547)] 
2026-09-11 20:20:27.662588: Epoch time: 48.48 s 
2026-09-11 20:20:28.710149:  
2026-09-11 20:20:28.721094: Epoch 597 
2026-09-11 20:20:28.723641: Current learning rate: 0.00441 
2026-09-11 20:21:17.897564: train_loss -0.8808 
2026-09-11 20:21:17.908362: val_loss -0.8012 
2026-09-11 20:21:17.911906: Pseudo dice [np.float32(0.9336), np.float32(0.8553), np.float32(0.8401)] 
2026-09-11 20:21:17.915370: Epoch time: 49.19 s 
2026-09-11 20:21:19.103847:  
2026-09-11 20:21:19.127147: Epoch 598 
2026-09-11 20:21:19.136028: Current learning rate: 0.0044 
2026-09-11 20:22:07.414907: train_loss -0.8836 
2026-09-11 20:22:07.427916: val_loss -0.837 
2026-09-11 20:22:07.434203: Pseudo dice [np.float32(0.929), np.float32(0.8542), np.float32(0.8792)] 
2026-09-11 20:22:07.439169: Epoch time: 48.31 s 
2026-09-11 20:22:08.477192:  
2026-09-11 20:22:08.499573: Epoch 599 
2026-09-11 20:22:08.505823: Current learning rate: 0.00439 
2026-09-11 20:22:57.150449: train_loss -0.8917 
2026-09-11 20:22:57.163390: val_loss -0.7941 
2026-09-11 20:22:57.169165: Pseudo dice [np.float32(0.9323), np.float32(0.8195), np.float32(0.8513)] 
2026-09-11 20:22:57.173167: Epoch time: 48.67 s 
2026-09-11 20:23:00.729687:  
2026-09-11 20:23:00.736055: Epoch 600 
2026-09-11 20:23:00.740683: Current learning rate: 0.00438 
2026-09-11 20:23:49.169639: train_loss -0.8796 
2026-09-11 20:23:49.177303: val_loss -0.8305 
2026-09-11 20:23:49.180077: Pseudo dice [np.float32(0.9357), np.float32(0.8777), np.float32(0.8542)] 
2026-09-11 20:23:49.183812: Epoch time: 48.44 s 
2026-09-11 20:23:50.271699:  
2026-09-11 20:23:50.286353: Epoch 601 
2026-09-11 20:23:50.289769: Current learning rate: 0.00437 
2026-09-11 20:24:38.538827: train_loss -0.8865 
2026-09-11 20:24:38.561402: val_loss -0.8294 
2026-09-11 20:24:38.569765: Pseudo dice [np.float32(0.9298), np.float32(0.8434), np.float32(0.8543)] 
2026-09-11 20:24:38.577763: Epoch time: 48.27 s 
2026-09-11 20:24:39.605865:  
2026-09-11 20:24:39.623037: Epoch 602 
2026-09-11 20:24:39.627170: Current learning rate: 0.00436 
2026-09-11 20:25:28.033223: train_loss -0.8813 
2026-09-11 20:25:28.054388: val_loss -0.789 
2026-09-11 20:25:28.060975: Pseudo dice [np.float32(0.9294), np.float32(0.8324), np.float32(0.8644)] 
2026-09-11 20:25:28.068094: Epoch time: 48.43 s 
2026-09-11 20:25:29.128066:  
2026-09-11 20:25:29.140603: Epoch 603 
2026-09-11 20:25:29.144088: Current learning rate: 0.00435 
2026-09-11 20:26:17.427580: train_loss -0.8786 
2026-09-11 20:26:17.436241: val_loss -0.818 
2026-09-11 20:26:17.439043: Pseudo dice [np.float32(0.9295), np.float32(0.8349), np.float32(0.8604)] 
2026-09-11 20:26:17.441996: Epoch time: 48.3 s 
2026-09-11 20:26:18.499922:  
2026-09-11 20:26:18.508770: Epoch 604 
2026-09-11 20:26:18.511868: Current learning rate: 0.00434 
2026-09-11 20:27:07.546562: train_loss -0.8814 
2026-09-11 20:27:07.568086: val_loss -0.8004 
2026-09-11 20:27:07.576703: Pseudo dice [np.float32(0.9271), np.float32(0.8255), np.float32(0.8247)] 
2026-09-11 20:27:07.585709: Epoch time: 49.05 s 
2026-09-11 20:27:08.746965:  
2026-09-11 20:27:08.798641: Epoch 605 
2026-09-11 20:27:08.812259: Current learning rate: 0.00433 
2026-09-11 20:27:56.999241: train_loss -0.8849 
2026-09-11 20:27:57.046244: val_loss -0.8423 
2026-09-11 20:27:57.063864: Pseudo dice [np.float32(0.9359), np.float32(0.8845), np.float32(0.8779)] 
2026-09-11 20:27:57.086086: Epoch time: 48.25 s 
2026-09-11 20:27:58.220709:  
2026-09-11 20:27:58.241262: Epoch 606 
2026-09-11 20:27:58.251266: Current learning rate: 0.00432 
2026-09-11 20:28:46.665689: train_loss -0.885 
2026-09-11 20:28:46.676840: val_loss -0.8235 
2026-09-11 20:28:46.680922: Pseudo dice [np.float32(0.9302), np.float32(0.8649), np.float32(0.8457)] 
2026-09-11 20:28:46.684227: Epoch time: 48.45 s 
2026-09-11 20:28:47.734192:  
2026-09-11 20:28:47.750152: Epoch 607 
2026-09-11 20:28:47.753964: Current learning rate: 0.00431 
2026-09-11 20:29:35.912032: train_loss -0.8807 
2026-09-11 20:29:35.935507: val_loss -0.8119 
2026-09-11 20:29:35.948331: Pseudo dice [np.float32(0.9276), np.float32(0.8469), np.float32(0.8184)] 
2026-09-11 20:29:35.957650: Epoch time: 48.18 s 
2026-09-11 20:29:37.017666:  
2026-09-11 20:29:37.053535: Epoch 608 
2026-09-11 20:29:37.062813: Current learning rate: 0.0043 
2026-09-11 20:30:26.434603: train_loss -0.8801 
2026-09-11 20:30:26.443921: val_loss -0.8272 
2026-09-11 20:30:26.446933: Pseudo dice [np.float32(0.9339), np.float32(0.843), np.float32(0.8381)] 
2026-09-11 20:30:26.450556: Epoch time: 49.42 s 
2026-09-11 20:30:27.523010:  
2026-09-11 20:30:27.536122: Epoch 609 
2026-09-11 20:30:27.538563: Current learning rate: 0.00429 
2026-09-11 20:31:15.882391: train_loss -0.8881 
2026-09-11 20:31:15.892012: val_loss -0.8153 
2026-09-11 20:31:15.894746: Pseudo dice [np.float32(0.9246), np.float32(0.8591), np.float32(0.8474)] 
2026-09-11 20:31:15.897454: Epoch time: 48.36 s 
2026-09-11 20:31:16.938266:  
2026-09-11 20:31:16.946504: Epoch 610 
2026-09-11 20:31:16.949300: Current learning rate: 0.00429 
2026-09-11 20:32:05.302860: train_loss -0.8806 
2026-09-11 20:32:05.311510: val_loss -0.808 
2026-09-11 20:32:05.314756: Pseudo dice [np.float32(0.9308), np.float32(0.8233), np.float32(0.8388)] 
2026-09-11 20:32:05.317982: Epoch time: 48.37 s 
2026-09-11 20:32:06.393621:  
2026-09-11 20:32:06.407372: Epoch 611 
2026-09-11 20:32:06.411079: Current learning rate: 0.00428 
2026-09-11 20:32:54.867846: train_loss -0.8753 
2026-09-11 20:32:54.875537: val_loss -0.8136 
2026-09-11 20:32:54.878714: Pseudo dice [np.float32(0.9323), np.float32(0.8519), np.float32(0.8534)] 
2026-09-11 20:32:54.882403: Epoch time: 48.48 s 
2026-09-11 20:32:55.917194:  
2026-09-11 20:32:55.929249: Epoch 612 
2026-09-11 20:32:55.932005: Current learning rate: 0.00427 
2026-09-11 20:33:44.560439: train_loss -0.8865 
2026-09-11 20:33:44.584968: val_loss -0.7771 
2026-09-11 20:33:44.595516: Pseudo dice [np.float32(0.9236), np.float32(0.8187), np.float32(0.8064)] 
2026-09-11 20:33:44.609419: Epoch time: 48.64 s 
2026-09-11 20:33:45.763764:  
2026-09-11 20:33:45.791906: Epoch 613 
2026-09-11 20:33:45.805437: Current learning rate: 0.00426 
2026-09-11 20:34:34.389551: train_loss -0.8849 
2026-09-11 20:34:34.402197: val_loss -0.794 
2026-09-11 20:34:34.405011: Pseudo dice [np.float32(0.9239), np.float32(0.8095), np.float32(0.8526)] 
2026-09-11 20:34:34.407813: Epoch time: 48.63 s 
2026-09-11 20:34:36.339920:  
2026-09-11 20:34:36.343151: Epoch 614 
2026-09-11 20:34:36.345786: Current learning rate: 0.00425 
2026-09-11 20:35:26.346986: train_loss -0.8891 
2026-09-11 20:35:26.358890: val_loss -0.8076 
2026-09-11 20:35:26.361474: Pseudo dice [np.float32(0.9348), np.float32(0.8441), np.float32(0.8639)] 
2026-09-11 20:35:26.364393: Epoch time: 50.01 s 
2026-09-11 20:35:27.463451:  
2026-09-11 20:35:27.477977: Epoch 615 
2026-09-11 20:35:27.481543: Current learning rate: 0.00424 
2026-09-11 20:36:16.130240: train_loss -0.8755 
2026-09-11 20:36:16.138585: val_loss -0.826 
2026-09-11 20:36:16.141800: Pseudo dice [np.float32(0.9288), np.float32(0.854), np.float32(0.8638)] 
2026-09-11 20:36:16.145131: Epoch time: 48.67 s 
2026-09-11 20:36:17.179861:  
2026-09-11 20:36:17.193659: Epoch 616 
2026-09-11 20:36:17.214673: Current learning rate: 0.00423 
2026-09-11 20:37:05.863731: train_loss -0.8838 
2026-09-11 20:37:05.872038: val_loss -0.8121 
2026-09-11 20:37:05.874999: Pseudo dice [np.float32(0.9319), np.float32(0.8483), np.float32(0.8728)] 
2026-09-11 20:37:05.878283: Epoch time: 48.68 s 
2026-09-11 20:37:06.933836:  
2026-09-11 20:37:06.941392: Epoch 617 
2026-09-11 20:37:06.944191: Current learning rate: 0.00422 
2026-09-11 20:37:55.776851: train_loss -0.8866 
2026-09-11 20:37:55.800712: val_loss -0.8378 
2026-09-11 20:37:55.810534: Pseudo dice [np.float32(0.9347), np.float32(0.8747), np.float32(0.8685)] 
2026-09-11 20:37:55.820157: Epoch time: 48.84 s 
2026-09-11 20:37:56.905748:  
2026-09-11 20:37:56.948068: Epoch 618 
2026-09-11 20:37:56.959288: Current learning rate: 0.00421 
2026-09-11 20:38:45.300584: train_loss -0.8759 
2026-09-11 20:38:45.321483: val_loss -0.8077 
2026-09-11 20:38:45.330926: Pseudo dice [np.float32(0.9296), np.float32(0.8369), np.float32(0.8455)] 
2026-09-11 20:38:45.339900: Epoch time: 48.4 s 
2026-09-11 20:38:46.415869:  
2026-09-11 20:38:46.449603: Epoch 619 
2026-09-11 20:38:46.459606: Current learning rate: 0.0042 
2026-09-11 20:39:34.911494: train_loss -0.8779 
2026-09-11 20:39:34.923949: val_loss -0.8653 
2026-09-11 20:39:34.926733: Pseudo dice [np.float32(0.9355), np.float32(0.9099), np.float32(0.876)] 
2026-09-11 20:39:34.929697: Epoch time: 48.5 s 
2026-09-11 20:39:35.990825:  
2026-09-11 20:39:36.007674: Epoch 620 
2026-09-11 20:39:36.009897: Current learning rate: 0.00419 
2026-09-11 20:40:24.927255: train_loss -0.8768 
2026-09-11 20:40:24.950756: val_loss -0.8336 
2026-09-11 20:40:24.960292: Pseudo dice [np.float32(0.9359), np.float32(0.8761), np.float32(0.8683)] 
2026-09-11 20:40:24.970129: Epoch time: 48.94 s 
2026-09-11 20:40:26.090790:  
2026-09-11 20:40:26.131691: Epoch 621 
2026-09-11 20:40:26.159381: Current learning rate: 0.00418 
2026-09-11 20:41:14.461367: train_loss -0.8871 
2026-09-11 20:41:14.473276: val_loss -0.7973 
2026-09-11 20:41:14.475859: Pseudo dice [np.float32(0.9358), np.float32(0.84), np.float32(0.8686)] 
2026-09-11 20:41:14.478897: Epoch time: 48.37 s 
2026-09-11 20:41:15.535725:  
2026-09-11 20:41:15.559320: Epoch 622 
2026-09-11 20:41:15.561964: Current learning rate: 0.00417 
2026-09-11 20:42:03.938368: train_loss -0.8849 
2026-09-11 20:42:03.950760: val_loss -0.7919 
2026-09-11 20:42:03.954955: Pseudo dice [np.float32(0.9223), np.float32(0.8284), np.float32(0.8635)] 
2026-09-11 20:42:03.959370: Epoch time: 48.4 s 
2026-09-11 20:42:05.019614:  
2026-09-11 20:42:05.032387: Epoch 623 
2026-09-11 20:42:05.036112: Current learning rate: 0.00416 
2026-09-11 20:42:53.402314: train_loss -0.8865 
2026-09-11 20:42:53.420754: val_loss -0.8366 
2026-09-11 20:42:53.426175: Pseudo dice [np.float32(0.9317), np.float32(0.8607), np.float32(0.8656)] 
2026-09-11 20:42:53.432565: Epoch time: 48.38 s 
2026-09-11 20:42:54.634493:  
2026-09-11 20:42:54.648298: Epoch 624 
2026-09-11 20:42:54.651675: Current learning rate: 0.00415 
2026-09-11 20:43:42.897420: train_loss -0.8805 
2026-09-11 20:43:42.920135: val_loss -0.8128 
2026-09-11 20:43:42.929454: Pseudo dice [np.float32(0.9252), np.float32(0.8631), np.float32(0.8548)] 
2026-09-11 20:43:42.939198: Epoch time: 48.27 s 
2026-09-11 20:43:43.979688:  
2026-09-11 20:43:44.022069: Epoch 625 
2026-09-11 20:43:44.029190: Current learning rate: 0.00414 
2026-09-11 20:44:32.365259: train_loss -0.8887 
2026-09-11 20:44:32.373194: val_loss -0.8112 
2026-09-11 20:44:32.376190: Pseudo dice [np.float32(0.9225), np.float32(0.8395), np.float32(0.831)] 
2026-09-11 20:44:32.379420: Epoch time: 48.39 s 
2026-09-11 20:44:33.514753:  
2026-09-11 20:44:33.546667: Epoch 626 
2026-09-11 20:44:33.553831: Current learning rate: 0.00413 
2026-09-11 20:45:22.194075: train_loss -0.8877 
2026-09-11 20:45:22.202404: val_loss -0.8488 
2026-09-11 20:45:22.205851: Pseudo dice [np.float32(0.9328), np.float32(0.8743), np.float32(0.8689)] 
2026-09-11 20:45:22.209384: Epoch time: 48.68 s 
2026-09-11 20:45:23.293770:  
2026-09-11 20:45:23.307122: Epoch 627 
2026-09-11 20:45:23.310807: Current learning rate: 0.00412 
2026-09-11 20:46:11.769632: train_loss -0.8895 
2026-09-11 20:46:11.795191: val_loss -0.7972 
2026-09-11 20:46:11.805645: Pseudo dice [np.float32(0.9322), np.float32(0.8505), np.float32(0.8506)] 
2026-09-11 20:46:11.816091: Epoch time: 48.48 s 
2026-09-11 20:46:12.900248:  
2026-09-11 20:46:12.930021: Epoch 628 
2026-09-11 20:46:12.939267: Current learning rate: 0.00411 
2026-09-11 20:47:01.677665: train_loss -0.8843 
2026-09-11 20:47:01.686165: val_loss -0.8304 
2026-09-11 20:47:01.689587: Pseudo dice [np.float32(0.9339), np.float32(0.8628), np.float32(0.8546)] 
2026-09-11 20:47:01.692544: Epoch time: 48.78 s 
2026-09-11 20:47:02.775282:  
2026-09-11 20:47:02.783760: Epoch 629 
2026-09-11 20:47:02.786943: Current learning rate: 0.0041 
2026-09-11 20:47:51.008415: train_loss -0.8864 
2026-09-11 20:47:51.017573: val_loss -0.8038 
2026-09-11 20:47:51.021586: Pseudo dice [np.float32(0.9257), np.float32(0.8355), np.float32(0.8415)] 
2026-09-11 20:47:51.025442: Epoch time: 48.23 s 
2026-09-11 20:47:52.137275:  
2026-09-11 20:47:52.150836: Epoch 630 
2026-09-11 20:47:52.153789: Current learning rate: 0.00409 
2026-09-11 20:48:40.396307: train_loss -0.8847 
2026-09-11 20:48:40.404899: val_loss -0.837 
2026-09-11 20:48:40.407751: Pseudo dice [np.float32(0.9254), np.float32(0.8574), np.float32(0.8544)] 
2026-09-11 20:48:40.410726: Epoch time: 48.26 s 
2026-09-11 20:48:41.424144:  
2026-09-11 20:48:41.439145: Epoch 631 
2026-09-11 20:48:41.442180: Current learning rate: 0.00408 
2026-09-11 20:49:29.820701: train_loss -0.8755 
2026-09-11 20:49:29.828830: val_loss -0.8043 
2026-09-11 20:49:29.832168: Pseudo dice [np.float32(0.9268), np.float32(0.8408), np.float32(0.8744)] 
2026-09-11 20:49:29.835296: Epoch time: 48.4 s 
2026-09-11 20:49:30.916835:  
2026-09-11 20:49:30.929174: Epoch 632 
2026-09-11 20:49:30.932312: Current learning rate: 0.00407 
2026-09-11 20:50:19.460483: train_loss -0.886 
2026-09-11 20:50:19.470648: val_loss -0.8073 
2026-09-11 20:50:19.474044: Pseudo dice [np.float32(0.9311), np.float32(0.8537), np.float32(0.8548)] 
2026-09-11 20:50:19.478017: Epoch time: 48.55 s 
2026-09-11 20:50:20.562480:  
2026-09-11 20:50:20.578180: Epoch 633 
2026-09-11 20:50:20.582427: Current learning rate: 0.00406 
2026-09-11 20:51:09.168265: train_loss -0.8864 
2026-09-11 20:51:09.176332: val_loss -0.82 
2026-09-11 20:51:09.179003: Pseudo dice [np.float32(0.9307), np.float32(0.8586), np.float32(0.8598)] 
2026-09-11 20:51:09.182817: Epoch time: 48.61 s 
2026-09-11 20:51:11.045221:  
2026-09-11 20:51:11.048703: Epoch 634 
2026-09-11 20:51:11.051786: Current learning rate: 0.00405 
2026-09-11 20:51:59.487247: train_loss -0.8871 
2026-09-11 20:51:59.495625: val_loss -0.8096 
2026-09-11 20:51:59.498763: Pseudo dice [np.float32(0.9372), np.float32(0.8569), np.float32(0.8783)] 
2026-09-11 20:51:59.502160: Epoch time: 48.44 s 
2026-09-11 20:52:00.585034:  
2026-09-11 20:52:00.593016: Epoch 635 
2026-09-11 20:52:00.595958: Current learning rate: 0.00404 
2026-09-11 20:52:49.078021: train_loss -0.8846 
2026-09-11 20:52:49.086469: val_loss -0.8036 
2026-09-11 20:52:49.088989: Pseudo dice [np.float32(0.927), np.float32(0.829), np.float32(0.8689)] 
2026-09-11 20:52:49.092158: Epoch time: 48.49 s 
2026-09-11 20:52:50.135043:  
2026-09-11 20:52:50.143119: Epoch 636 
2026-09-11 20:52:50.146292: Current learning rate: 0.00403 
2026-09-11 20:53:38.697095: train_loss -0.8894 
2026-09-11 20:53:38.705034: val_loss -0.8073 
2026-09-11 20:53:38.707980: Pseudo dice [np.float32(0.9282), np.float32(0.8514), np.float32(0.8539)] 
2026-09-11 20:53:38.711043: Epoch time: 48.56 s 
2026-09-11 20:53:39.776769:  
2026-09-11 20:53:39.783294: Epoch 637 
2026-09-11 20:53:39.786726: Current learning rate: 0.00402 
2026-09-11 20:54:28.517703: train_loss -0.886 
2026-09-11 20:54:28.541835: val_loss -0.7962 
2026-09-11 20:54:28.551558: Pseudo dice [np.float32(0.9232), np.float32(0.8181), np.float32(0.8526)] 
2026-09-11 20:54:28.561786: Epoch time: 48.74 s 
2026-09-11 20:54:29.677599:  
2026-09-11 20:54:29.712128: Epoch 638 
2026-09-11 20:54:29.726932: Current learning rate: 0.00401 
2026-09-11 20:55:18.557069: train_loss -0.884 
2026-09-11 20:55:18.578291: val_loss -0.8379 
2026-09-11 20:55:18.586854: Pseudo dice [np.float32(0.9259), np.float32(0.8454), np.float32(0.8597)] 
2026-09-11 20:55:18.596414: Epoch time: 48.88 s 
2026-09-11 20:55:19.670243:  
2026-09-11 20:55:19.687152: Epoch 639 
2026-09-11 20:55:19.690958: Current learning rate: 0.004 
2026-09-11 20:56:08.299530: train_loss -0.8835 
2026-09-11 20:56:08.309077: val_loss -0.7994 
2026-09-11 20:56:08.312265: Pseudo dice [np.float32(0.9257), np.float32(0.7991), np.float32(0.8513)] 
2026-09-11 20:56:08.315478: Epoch time: 48.63 s 
2026-09-11 20:56:09.447489:  
2026-09-11 20:56:09.456271: Epoch 640 
2026-09-11 20:56:09.462378: Current learning rate: 0.00399 
2026-09-11 20:56:58.146574: train_loss -0.8776 
2026-09-11 20:56:58.154874: val_loss -0.8022 
2026-09-11 20:56:58.158401: Pseudo dice [np.float32(0.9338), np.float32(0.8283), np.float32(0.8615)] 
2026-09-11 20:56:58.161888: Epoch time: 48.7 s 
2026-09-11 20:56:59.227801:  
2026-09-11 20:56:59.241248: Epoch 641 
2026-09-11 20:56:59.244397: Current learning rate: 0.00398 
2026-09-11 20:57:48.184579: train_loss -0.881 
2026-09-11 20:57:48.194810: val_loss -0.8112 
2026-09-11 20:57:48.198481: Pseudo dice [np.float32(0.9261), np.float32(0.8443), np.float32(0.8349)] 
2026-09-11 20:57:48.203667: Epoch time: 48.96 s 
2026-09-11 20:57:49.253830:  
2026-09-11 20:57:49.263702: Epoch 642 
2026-09-11 20:57:49.268322: Current learning rate: 0.00397 
2026-09-11 20:58:37.942979: train_loss -0.8748 
2026-09-11 20:58:37.951115: val_loss -0.7731 
2026-09-11 20:58:37.954662: Pseudo dice [np.float32(0.9252), np.float32(0.8131), np.float32(0.8578)] 
2026-09-11 20:58:37.958433: Epoch time: 48.69 s 
2026-09-11 20:58:39.027941:  
2026-09-11 20:58:39.057672: Epoch 643 
2026-09-11 20:58:39.065533: Current learning rate: 0.00396 
2026-09-11 20:59:27.431237: train_loss -0.8805 
2026-09-11 20:59:27.442698: val_loss -0.8071 
2026-09-11 20:59:27.445917: Pseudo dice [np.float32(0.928), np.float32(0.8463), np.float32(0.8621)] 
2026-09-11 20:59:27.449258: Epoch time: 48.4 s 
2026-09-11 20:59:28.498847:  
2026-09-11 20:59:28.511763: Epoch 644 
2026-09-11 20:59:28.514429: Current learning rate: 0.00395 
2026-09-11 21:00:17.500244: train_loss -0.8963 
2026-09-11 21:00:17.511685: val_loss -0.8358 
2026-09-11 21:00:17.516742: Pseudo dice [np.float32(0.9372), np.float32(0.8686), np.float32(0.8582)] 
2026-09-11 21:00:17.521919: Epoch time: 49.0 s 
2026-09-11 21:00:18.619773:  
2026-09-11 21:00:18.637247: Epoch 645 
2026-09-11 21:00:18.642970: Current learning rate: 0.00394 
2026-09-11 21:01:07.121425: train_loss -0.8945 
2026-09-11 21:01:07.129159: val_loss -0.833 
2026-09-11 21:01:07.132158: Pseudo dice [np.float32(0.9358), np.float32(0.8778), np.float32(0.871)] 
2026-09-11 21:01:07.134972: Epoch time: 48.5 s 
2026-09-11 21:01:08.198663:  
2026-09-11 21:01:08.211435: Epoch 646 
2026-09-11 21:01:08.214514: Current learning rate: 0.00393 
2026-09-11 21:01:56.716857: train_loss -0.8853 
2026-09-11 21:01:56.728000: val_loss -0.7855 
2026-09-11 21:01:56.731700: Pseudo dice [np.float32(0.9282), np.float32(0.8198), np.float32(0.8433)] 
2026-09-11 21:01:56.735740: Epoch time: 48.52 s 
2026-09-11 21:01:57.776039:  
2026-09-11 21:01:57.789977: Epoch 647 
2026-09-11 21:01:57.793626: Current learning rate: 0.00392 
2026-09-11 21:02:46.871303: train_loss -0.8914 
2026-09-11 21:02:46.880543: val_loss -0.7983 
2026-09-11 21:02:46.883813: Pseudo dice [np.float32(0.925), np.float32(0.8324), np.float32(0.8435)] 
2026-09-11 21:02:46.887139: Epoch time: 49.1 s 
2026-09-11 21:02:48.025514:  
2026-09-11 21:02:48.045863: Epoch 648 
2026-09-11 21:02:48.049405: Current learning rate: 0.00391 
2026-09-11 21:03:37.183293: train_loss -0.8831 
2026-09-11 21:03:37.192025: val_loss -0.812 
2026-09-11 21:03:37.198832: Pseudo dice [np.float32(0.9262), np.float32(0.8131), np.float32(0.8266)] 
2026-09-11 21:03:37.207692: Epoch time: 49.16 s 
2026-09-11 21:03:38.264311:  
2026-09-11 21:03:38.276304: Epoch 649 
2026-09-11 21:03:38.279067: Current learning rate: 0.0039 
2026-09-11 21:04:27.125178: train_loss -0.8866 
2026-09-11 21:04:27.137536: val_loss -0.8046 
2026-09-11 21:04:27.140213: Pseudo dice [np.float32(0.9326), np.float32(0.8312), np.float32(0.8596)] 
2026-09-11 21:04:27.143181: Epoch time: 48.86 s 
2026-09-11 21:04:30.792056:  
2026-09-11 21:04:30.795267: Epoch 650 
2026-09-11 21:04:30.798118: Current learning rate: 0.00389 
2026-09-11 21:05:18.940944: train_loss -0.8822 
2026-09-11 21:05:18.965338: val_loss -0.8204 
2026-09-11 21:05:18.975920: Pseudo dice [np.float32(0.9317), np.float32(0.8608), np.float32(0.848)] 
2026-09-11 21:05:18.986866: Epoch time: 48.15 s 
2026-09-11 21:05:20.028980:  
2026-09-11 21:05:20.061513: Epoch 651 
2026-09-11 21:05:20.070475: Current learning rate: 0.00388 
2026-09-11 21:06:08.240441: train_loss -0.8832 
2026-09-11 21:06:08.248893: val_loss -0.8148 
2026-09-11 21:06:08.251758: Pseudo dice [np.float32(0.9273), np.float32(0.8291), np.float32(0.8327)] 
2026-09-11 21:06:08.254859: Epoch time: 48.21 s 
2026-09-11 21:06:09.282638:  
2026-09-11 21:06:09.305569: Epoch 652 
2026-09-11 21:06:09.309091: Current learning rate: 0.00387 
2026-09-11 21:06:57.680747: train_loss -0.882 
2026-09-11 21:06:57.689147: val_loss -0.8087 
2026-09-11 21:06:57.692675: Pseudo dice [np.float32(0.9313), np.float32(0.8428), np.float32(0.8498)] 
2026-09-11 21:06:57.695543: Epoch time: 48.4 s 
2026-09-11 21:06:59.620369:  
2026-09-11 21:06:59.623503: Epoch 653 
2026-09-11 21:06:59.626630: Current learning rate: 0.00386 
2026-09-11 21:07:47.906723: train_loss -0.8879 
2026-09-11 21:07:47.915149: val_loss -0.808 
2026-09-11 21:07:47.918094: Pseudo dice [np.float32(0.9317), np.float32(0.8421), np.float32(0.8649)] 
2026-09-11 21:07:47.920813: Epoch time: 48.29 s 
2026-09-11 21:07:48.983566:  
2026-09-11 21:07:49.006010: Epoch 654 
2026-09-11 21:07:49.008850: Current learning rate: 0.00385 
2026-09-11 21:08:37.430859: train_loss -0.8847 
2026-09-11 21:08:37.442203: val_loss -0.7936 
2026-09-11 21:08:37.445729: Pseudo dice [np.float32(0.9231), np.float32(0.8271), np.float32(0.8352)] 
2026-09-11 21:08:37.450031: Epoch time: 48.45 s 
2026-09-11 21:08:38.595351:  
2026-09-11 21:08:38.605676: Epoch 655 
2026-09-11 21:08:38.610018: Current learning rate: 0.00384 
2026-09-11 21:09:26.783521: train_loss -0.8852 
2026-09-11 21:09:26.791507: val_loss -0.8589 
2026-09-11 21:09:26.793898: Pseudo dice [np.float32(0.9271), np.float32(0.8879), np.float32(0.8766)] 
2026-09-11 21:09:26.797810: Epoch time: 48.19 s 
2026-09-11 21:09:27.854885:  
2026-09-11 21:09:27.866265: Epoch 656 
2026-09-11 21:09:27.869141: Current learning rate: 0.00383 
2026-09-11 21:10:16.077865: train_loss -0.8833 
2026-09-11 21:10:16.100639: val_loss -0.8107 
2026-09-11 21:10:16.109587: Pseudo dice [np.float32(0.9209), np.float32(0.8409), np.float32(0.8612)] 
2026-09-11 21:10:16.119874: Epoch time: 48.22 s 
2026-09-11 21:10:17.184849:  
2026-09-11 21:10:17.222173: Epoch 657 
2026-09-11 21:10:17.232426: Current learning rate: 0.00382 
2026-09-11 21:11:05.815009: train_loss -0.8841 
2026-09-11 21:11:05.823240: val_loss -0.8247 
2026-09-11 21:11:05.826331: Pseudo dice [np.float32(0.9324), np.float32(0.8662), np.float32(0.8586)] 
2026-09-11 21:11:05.828927: Epoch time: 48.63 s 
2026-09-11 21:11:06.873014:  
2026-09-11 21:11:06.885355: Epoch 658 
2026-09-11 21:11:06.888267: Current learning rate: 0.00381 
2026-09-11 21:11:55.470657: train_loss -0.8846 
2026-09-11 21:11:55.479764: val_loss -0.8238 
2026-09-11 21:11:55.482931: Pseudo dice [np.float32(0.9264), np.float32(0.8519), np.float32(0.8584)] 
2026-09-11 21:11:55.486605: Epoch time: 48.6 s 
2026-09-11 21:11:56.607779:  
2026-09-11 21:11:56.621723: Epoch 659 
2026-09-11 21:11:56.624729: Current learning rate: 0.0038 
2026-09-11 21:12:44.971999: train_loss -0.8877 
2026-09-11 21:12:44.983567: val_loss -0.8066 
2026-09-11 21:12:44.986471: Pseudo dice [np.float32(0.9292), np.float32(0.8363), np.float32(0.8538)] 
2026-09-11 21:12:44.989568: Epoch time: 48.36 s 
2026-09-11 21:12:46.042491:  
2026-09-11 21:12:46.052450: Epoch 660 
2026-09-11 21:12:46.055802: Current learning rate: 0.00379 
2026-09-11 21:13:34.604192: train_loss -0.8864 
2026-09-11 21:13:34.612592: val_loss -0.8412 
2026-09-11 21:13:34.615557: Pseudo dice [np.float32(0.9324), np.float32(0.8617), np.float32(0.88)] 
2026-09-11 21:13:34.619025: Epoch time: 48.56 s 
2026-09-11 21:13:35.672461:  
2026-09-11 21:13:35.685169: Epoch 661 
2026-09-11 21:13:35.688563: Current learning rate: 0.00378 
2026-09-11 21:14:24.628525: train_loss -0.8818 
2026-09-11 21:14:24.644587: val_loss -0.8282 
2026-09-11 21:14:24.648108: Pseudo dice [np.float32(0.9293), np.float32(0.8484), np.float32(0.8591)] 
2026-09-11 21:14:24.657588: Epoch time: 48.96 s 
2026-09-11 21:14:25.836431:  
2026-09-11 21:14:25.851632: Epoch 662 
2026-09-11 21:14:25.855460: Current learning rate: 0.00377 
2026-09-11 21:15:14.261909: train_loss -0.8822 
2026-09-11 21:15:14.275053: val_loss -0.7944 
2026-09-11 21:15:14.277494: Pseudo dice [np.float32(0.93), np.float32(0.8517), np.float32(0.8485)] 
2026-09-11 21:15:14.281055: Epoch time: 48.43 s 
2026-09-11 21:15:15.387639:  
2026-09-11 21:15:15.397598: Epoch 663 
2026-09-11 21:15:15.401304: Current learning rate: 0.00376 
2026-09-11 21:16:03.680485: train_loss -0.8724 
2026-09-11 21:16:03.689312: val_loss -0.805 
2026-09-11 21:16:03.692488: Pseudo dice [np.float32(0.9301), np.float32(0.8468), np.float32(0.8561)] 
2026-09-11 21:16:03.695635: Epoch time: 48.29 s 
2026-09-11 21:16:04.784964:  
2026-09-11 21:16:04.796885: Epoch 664 
2026-09-11 21:16:04.799692: Current learning rate: 0.00375 
2026-09-11 21:16:53.372814: train_loss -0.8827 
2026-09-11 21:16:53.399445: val_loss -0.8116 
2026-09-11 21:16:53.410824: Pseudo dice [np.float32(0.9306), np.float32(0.8551), np.float32(0.8608)] 
2026-09-11 21:16:53.422355: Epoch time: 48.59 s 
2026-09-11 21:16:54.513844:  
2026-09-11 21:16:54.541879: Epoch 665 
2026-09-11 21:16:54.548431: Current learning rate: 0.00374 
2026-09-11 21:17:43.142054: train_loss -0.8867 
2026-09-11 21:17:43.151632: val_loss -0.7845 
2026-09-11 21:17:43.155446: Pseudo dice [np.float32(0.9277), np.float32(0.8043), np.float32(0.836)] 
2026-09-11 21:17:43.159550: Epoch time: 48.63 s 
2026-09-11 21:17:44.256319:  
2026-09-11 21:17:44.265946: Epoch 666 
2026-09-11 21:17:44.269066: Current learning rate: 0.00373 
2026-09-11 21:18:32.576588: train_loss -0.8868 
2026-09-11 21:18:32.618200: val_loss -0.8302 
2026-09-11 21:18:32.630139: Pseudo dice [np.float32(0.9304), np.float32(0.8567), np.float32(0.8507)] 
2026-09-11 21:18:32.646154: Epoch time: 48.32 s 
2026-09-11 21:18:33.805574:  
2026-09-11 21:18:34.064772: Epoch 667 
2026-09-11 21:18:34.071918: Current learning rate: 0.00372 
2026-09-11 21:19:22.544659: train_loss -0.886 
2026-09-11 21:19:22.565077: val_loss -0.8235 
2026-09-11 21:19:22.567917: Pseudo dice [np.float32(0.9381), np.float32(0.8483), np.float32(0.8665)] 
2026-09-11 21:19:22.570968: Epoch time: 48.74 s 
2026-09-11 21:19:23.650772:  
2026-09-11 21:19:23.673815: Epoch 668 
2026-09-11 21:19:23.676504: Current learning rate: 0.00371 
2026-09-11 21:20:12.180030: train_loss -0.8812 
2026-09-11 21:20:12.189531: val_loss -0.8282 
2026-09-11 21:20:12.192428: Pseudo dice [np.float32(0.931), np.float32(0.8646), np.float32(0.86)] 
2026-09-11 21:20:12.195839: Epoch time: 48.53 s 
2026-09-11 21:20:13.244576:  
2026-09-11 21:20:13.258362: Epoch 669 
2026-09-11 21:20:13.261776: Current learning rate: 0.0037 
2026-09-11 21:21:02.164099: train_loss -0.8833 
2026-09-11 21:21:02.172602: val_loss -0.8332 
2026-09-11 21:21:02.175325: Pseudo dice [np.float32(0.9336), np.float32(0.876), np.float32(0.8593)] 
2026-09-11 21:21:02.179044: Epoch time: 48.92 s 
2026-09-11 21:21:03.279135:  
2026-09-11 21:21:03.290472: Epoch 670 
2026-09-11 21:21:03.292886: Current learning rate: 0.00369 
2026-09-11 21:21:51.588135: train_loss -0.8866 
2026-09-11 21:21:51.597154: val_loss -0.8324 
2026-09-11 21:21:51.600072: Pseudo dice [np.float32(0.9321), np.float32(0.8613), np.float32(0.8628)] 
2026-09-11 21:21:51.602783: Epoch time: 48.31 s 
2026-09-11 21:21:52.639095:  
2026-09-11 21:21:52.648623: Epoch 671 
2026-09-11 21:21:52.651688: Current learning rate: 0.00368 
2026-09-11 21:22:41.025324: train_loss -0.8927 
2026-09-11 21:22:41.034419: val_loss -0.7904 
2026-09-11 21:22:41.037917: Pseudo dice [np.float32(0.9258), np.float32(0.8062), np.float32(0.8552)] 
2026-09-11 21:22:41.040877: Epoch time: 48.39 s 
2026-09-11 21:22:42.102375:  
2026-09-11 21:22:42.115141: Epoch 672 
2026-09-11 21:22:42.117962: Current learning rate: 0.00367 
2026-09-11 21:23:30.504148: train_loss -0.8849 
2026-09-11 21:23:30.513387: val_loss -0.7976 
2026-09-11 21:23:30.516151: Pseudo dice [np.float32(0.9376), np.float32(0.8249), np.float32(0.8476)] 
2026-09-11 21:23:30.519123: Epoch time: 48.4 s 
2026-09-11 21:23:32.441329:  
2026-09-11 21:23:32.444911: Epoch 673 
2026-09-11 21:23:32.447666: Current learning rate: 0.00366 
2026-09-11 21:24:21.327819: train_loss -0.8847 
2026-09-11 21:24:21.336301: val_loss -0.8081 
2026-09-11 21:24:21.339519: Pseudo dice [np.float32(0.927), np.float32(0.8394), np.float32(0.854)] 
2026-09-11 21:24:21.343895: Epoch time: 48.89 s 
2026-09-11 21:24:22.509659:  
2026-09-11 21:24:22.519256: Epoch 674 
2026-09-11 21:24:22.523572: Current learning rate: 0.00365 
2026-09-11 21:25:10.925237: train_loss -0.8894 
2026-09-11 21:25:10.944675: val_loss -0.8241 
2026-09-11 21:25:10.953801: Pseudo dice [np.float32(0.9309), np.float32(0.8453), np.float32(0.8753)] 
2026-09-11 21:25:10.961840: Epoch time: 48.42 s 
2026-09-11 21:25:12.068130:  
2026-09-11 21:25:12.101056: Epoch 675 
2026-09-11 21:25:12.110942: Current learning rate: 0.00364 
2026-09-11 21:26:00.972729: train_loss -0.8898 
2026-09-11 21:26:00.980768: val_loss -0.7976 
2026-09-11 21:26:00.983818: Pseudo dice [np.float32(0.9227), np.float32(0.8008), np.float32(0.841)] 
2026-09-11 21:26:00.986638: Epoch time: 48.91 s 
2026-09-11 21:26:02.063168:  
2026-09-11 21:26:02.074921: Epoch 676 
2026-09-11 21:26:02.077767: Current learning rate: 0.00363 
2026-09-11 21:26:50.635359: train_loss -0.8879 
2026-09-11 21:26:50.645185: val_loss -0.801 
2026-09-11 21:26:50.648005: Pseudo dice [np.float32(0.9304), np.float32(0.8458), np.float32(0.86)] 
2026-09-11 21:26:50.651819: Epoch time: 48.57 s 
2026-09-11 21:26:51.697589:  
2026-09-11 21:26:51.707110: Epoch 677 
2026-09-11 21:26:51.710345: Current learning rate: 0.00362 
2026-09-11 21:27:40.249868: train_loss -0.8928 
2026-09-11 21:27:40.263933: val_loss -0.8103 
2026-09-11 21:27:40.266713: Pseudo dice [np.float32(0.9308), np.float32(0.84), np.float32(0.8402)] 
2026-09-11 21:27:40.270561: Epoch time: 48.55 s 
2026-09-11 21:27:41.405761:  
2026-09-11 21:27:41.419417: Epoch 678 
2026-09-11 21:27:41.422598: Current learning rate: 0.00361 
2026-09-11 21:28:29.853481: train_loss -0.8902 
2026-09-11 21:28:29.871739: val_loss -0.8106 
2026-09-11 21:28:29.878561: Pseudo dice [np.float32(0.9338), np.float32(0.8397), np.float32(0.8611)] 
2026-09-11 21:28:29.884677: Epoch time: 48.45 s 
2026-09-11 21:28:30.994729:  
2026-09-11 21:28:31.006578: Epoch 679 
2026-09-11 21:28:31.010345: Current learning rate: 0.0036 
2026-09-11 21:29:19.435198: train_loss -0.8909 
2026-09-11 21:29:19.444994: val_loss -0.7665 
2026-09-11 21:29:19.449819: Pseudo dice [np.float32(0.9298), np.float32(0.7948), np.float32(0.8382)] 
2026-09-11 21:29:19.454865: Epoch time: 48.44 s 
2026-09-11 21:29:20.563058:  
2026-09-11 21:29:20.582632: Epoch 680 
2026-09-11 21:29:20.591385: Current learning rate: 0.00359 
2026-09-11 21:30:09.304383: train_loss -0.8805 
2026-09-11 21:30:09.312572: val_loss -0.8459 
2026-09-11 21:30:09.315538: Pseudo dice [np.float32(0.9327), np.float32(0.8586), np.float32(0.8467)] 
2026-09-11 21:30:09.318957: Epoch time: 48.74 s 
2026-09-11 21:30:10.441017:  
2026-09-11 21:30:10.454221: Epoch 681 
2026-09-11 21:30:10.456875: Current learning rate: 0.00358 
2026-09-11 21:30:58.953293: train_loss -0.8818 
2026-09-11 21:30:58.965806: val_loss -0.8214 
2026-09-11 21:30:58.968471: Pseudo dice [np.float32(0.9237), np.float32(0.8629), np.float32(0.8475)] 
2026-09-11 21:30:58.977918: Epoch time: 48.51 s 
2026-09-11 21:31:00.046373:  
2026-09-11 21:31:00.073629: Epoch 682 
2026-09-11 21:31:00.076115: Current learning rate: 0.00357 
2026-09-11 21:31:48.900150: train_loss -0.8902 
2026-09-11 21:31:48.914461: val_loss -0.845 
2026-09-11 21:31:48.916970: Pseudo dice [np.float32(0.9376), np.float32(0.8727), np.float32(0.8506)] 
2026-09-11 21:31:48.919868: Epoch time: 48.85 s 
2026-09-11 21:31:49.998439:  
2026-09-11 21:31:50.029467: Epoch 683 
2026-09-11 21:31:50.032256: Current learning rate: 0.00356 
2026-09-11 21:32:38.553501: train_loss -0.8868 
2026-09-11 21:32:38.560595: val_loss -0.814 
2026-09-11 21:32:38.563962: Pseudo dice [np.float32(0.9348), np.float32(0.8461), np.float32(0.8422)] 
2026-09-11 21:32:38.567345: Epoch time: 48.56 s 
2026-09-11 21:32:39.668983:  
2026-09-11 21:32:39.686257: Epoch 684 
2026-09-11 21:32:39.689825: Current learning rate: 0.00355 
2026-09-11 21:33:28.124385: train_loss -0.8828 
2026-09-11 21:33:28.136189: val_loss -0.8016 
2026-09-11 21:33:28.140728: Pseudo dice [np.float32(0.9307), np.float32(0.8378), np.float32(0.8568)] 
2026-09-11 21:33:28.144298: Epoch time: 48.46 s 
2026-09-11 21:33:29.266858:  
2026-09-11 21:33:29.282663: Epoch 685 
2026-09-11 21:33:29.286742: Current learning rate: 0.00354 
2026-09-11 21:34:18.662868: train_loss -0.8889 
2026-09-11 21:34:18.672663: val_loss -0.7836 
2026-09-11 21:34:18.676131: Pseudo dice [np.float32(0.9232), np.float32(0.8076), np.float32(0.8344)] 
2026-09-11 21:34:18.680427: Epoch time: 49.4 s 
2026-09-11 21:34:19.824433:  
2026-09-11 21:34:19.831706: Epoch 686 
2026-09-11 21:34:19.834932: Current learning rate: 0.00353 
2026-09-11 21:35:08.674200: train_loss -0.8927 
2026-09-11 21:35:08.682406: val_loss -0.8303 
2026-09-11 21:35:08.685027: Pseudo dice [np.float32(0.9357), np.float32(0.87), np.float32(0.8546)] 
2026-09-11 21:35:08.687955: Epoch time: 48.85 s 
2026-09-11 21:35:09.785939:  
2026-09-11 21:35:09.797299: Epoch 687 
2026-09-11 21:35:09.800667: Current learning rate: 0.00352 
2026-09-11 21:35:58.406028: train_loss -0.888 
2026-09-11 21:35:58.416319: val_loss -0.8338 
2026-09-11 21:35:58.420291: Pseudo dice [np.float32(0.931), np.float32(0.8607), np.float32(0.8741)] 
2026-09-11 21:35:58.423448: Epoch time: 48.62 s 
2026-09-11 21:35:59.467344:  
2026-09-11 21:35:59.481482: Epoch 688 
2026-09-11 21:35:59.485264: Current learning rate: 0.00351 
2026-09-11 21:36:48.215229: train_loss -0.8876 
2026-09-11 21:36:48.223955: val_loss -0.8187 
2026-09-11 21:36:48.227842: Pseudo dice [np.float32(0.9295), np.float32(0.8368), np.float32(0.8434)] 
2026-09-11 21:36:48.232264: Epoch time: 48.75 s 
2026-09-11 21:36:49.357425:  
2026-09-11 21:36:49.366159: Epoch 689 
2026-09-11 21:36:49.368944: Current learning rate: 0.0035 
2026-09-11 21:37:37.991617: train_loss -0.8826 
2026-09-11 21:37:38.002031: val_loss -0.8188 
2026-09-11 21:37:38.005821: Pseudo dice [np.float32(0.928), np.float32(0.8367), np.float32(0.8349)] 
2026-09-11 21:37:38.009442: Epoch time: 48.64 s 
2026-09-11 21:37:39.082004:  
2026-09-11 21:37:39.099849: Epoch 690 
2026-09-11 21:37:39.103889: Current learning rate: 0.00349 
2026-09-11 21:38:27.959114: train_loss -0.8965 
2026-09-11 21:38:27.978254: val_loss -0.8263 
2026-09-11 21:38:27.980935: Pseudo dice [np.float32(0.9333), np.float32(0.8535), np.float32(0.8598)] 
2026-09-11 21:38:27.983756: Epoch time: 48.88 s 
2026-09-11 21:38:29.064113:  
2026-09-11 21:38:29.072128: Epoch 691 
2026-09-11 21:38:29.074725: Current learning rate: 0.00348 
2026-09-11 21:39:17.339229: train_loss -0.8854 
2026-09-11 21:39:17.352176: val_loss -0.8214 
2026-09-11 21:39:17.354402: Pseudo dice [np.float32(0.9288), np.float32(0.8531), np.float32(0.84)] 
2026-09-11 21:39:17.357731: Epoch time: 48.28 s 
2026-09-11 21:39:18.415418:  
2026-09-11 21:39:18.427869: Epoch 692 
2026-09-11 21:39:18.430745: Current learning rate: 0.00346 
2026-09-11 21:40:06.932087: train_loss -0.8897 
2026-09-11 21:40:06.942041: val_loss -0.825 
2026-09-11 21:40:06.946078: Pseudo dice [np.float32(0.9301), np.float32(0.8173), np.float32(0.8389)] 
2026-09-11 21:40:06.949764: Epoch time: 48.52 s 
2026-09-11 21:40:08.931155:  
2026-09-11 21:40:08.935673: Epoch 693 
2026-09-11 21:40:08.939994: Current learning rate: 0.00345 
2026-09-11 21:40:57.251131: train_loss -0.8831 
2026-09-11 21:40:57.260688: val_loss -0.8067 
2026-09-11 21:40:57.263605: Pseudo dice [np.float32(0.9339), np.float32(0.8636), np.float32(0.8565)] 
2026-09-11 21:40:57.266515: Epoch time: 48.32 s 
2026-09-11 21:40:58.337919:  
2026-09-11 21:40:58.348351: Epoch 694 
2026-09-11 21:40:58.351272: Current learning rate: 0.00344 
2026-09-11 21:41:46.675707: train_loss -0.8869 
2026-09-11 21:41:46.683861: val_loss -0.8186 
2026-09-11 21:41:46.687000: Pseudo dice [np.float32(0.9249), np.float32(0.8396), np.float32(0.8426)] 
2026-09-11 21:41:46.690395: Epoch time: 48.34 s 
2026-09-11 21:41:47.822085:  
2026-09-11 21:41:47.832036: Epoch 695 
2026-09-11 21:41:47.835445: Current learning rate: 0.00343 
2026-09-11 21:42:36.344526: train_loss -0.8886 
2026-09-11 21:42:36.352866: val_loss -0.839 
2026-09-11 21:42:36.355757: Pseudo dice [np.float32(0.9337), np.float32(0.8796), np.float32(0.8653)] 
2026-09-11 21:42:36.358753: Epoch time: 48.53 s 
2026-09-11 21:42:37.458108:  
2026-09-11 21:42:37.471197: Epoch 696 
2026-09-11 21:42:37.474428: Current learning rate: 0.00342 
2026-09-11 21:43:26.016991: train_loss -0.8868 
2026-09-11 21:43:26.024878: val_loss -0.7981 
2026-09-11 21:43:26.027967: Pseudo dice [np.float32(0.9276), np.float32(0.8332), np.float32(0.8386)] 
2026-09-11 21:43:26.030850: Epoch time: 48.56 s 
2026-09-11 21:43:27.079000:  
2026-09-11 21:43:27.088833: Epoch 697 
2026-09-11 21:43:27.091539: Current learning rate: 0.00341 
2026-09-11 21:44:16.156961: train_loss -0.8896 
2026-09-11 21:44:16.172943: val_loss -0.8536 
2026-09-11 21:44:16.178504: Pseudo dice [np.float32(0.9351), np.float32(0.8787), np.float32(0.8622)] 
2026-09-11 21:44:16.186287: Epoch time: 49.08 s 
2026-09-11 21:44:17.245126:  
2026-09-11 21:44:17.260028: Epoch 698 
2026-09-11 21:44:17.263553: Current learning rate: 0.0034 
2026-09-11 21:45:05.856407: train_loss -0.8751 
2026-09-11 21:45:05.864626: val_loss -0.8184 
2026-09-11 21:45:05.867830: Pseudo dice [np.float32(0.9295), np.float32(0.8563), np.float32(0.8706)] 
2026-09-11 21:45:05.871149: Epoch time: 48.61 s 
2026-09-11 21:45:06.933262:  
2026-09-11 21:45:06.972851: Epoch 699 
2026-09-11 21:45:06.983102: Current learning rate: 0.00339 
2026-09-11 21:45:55.327160: train_loss -0.8804 
2026-09-11 21:45:55.335691: val_loss -0.7919 
2026-09-11 21:45:55.340415: Pseudo dice [np.float32(0.9213), np.float32(0.8262), np.float32(0.8228)] 
2026-09-11 21:45:55.344276: Epoch time: 48.39 s 
2026-09-11 21:45:58.904021:  
2026-09-11 21:45:58.907556: Epoch 700 
2026-09-11 21:45:58.910378: Current learning rate: 0.00338 
2026-09-11 21:46:48.290249: train_loss -0.8834 
2026-09-11 21:46:48.304086: val_loss -0.8167 
2026-09-11 21:46:48.307276: Pseudo dice [np.float32(0.9257), np.float32(0.8537), np.float32(0.8406)] 
2026-09-11 21:46:48.312628: Epoch time: 49.39 s 
2026-09-11 21:46:49.466616:  
2026-09-11 21:46:49.482231: Epoch 701 
2026-09-11 21:46:49.484918: Current learning rate: 0.00337 
2026-09-11 21:47:37.936395: train_loss -0.8887 
2026-09-11 21:47:37.944633: val_loss -0.8071 
2026-09-11 21:47:37.947875: Pseudo dice [np.float32(0.9214), np.float32(0.7932), np.float32(0.8324)] 
2026-09-11 21:47:37.951109: Epoch time: 48.47 s 
2026-09-11 21:47:39.003283:  
2026-09-11 21:47:39.037939: Epoch 702 
2026-09-11 21:47:39.047162: Current learning rate: 0.00336 
2026-09-11 21:48:27.257866: train_loss -0.8778 
2026-09-11 21:48:27.266311: val_loss -0.826 
2026-09-11 21:48:27.269778: Pseudo dice [np.float32(0.9286), np.float32(0.8695), np.float32(0.8407)] 
2026-09-11 21:48:27.273129: Epoch time: 48.26 s 
2026-09-11 21:48:28.319239:  
2026-09-11 21:48:28.332130: Epoch 703 
2026-09-11 21:48:28.335360: Current learning rate: 0.00335 
2026-09-11 21:49:16.570459: train_loss -0.8881 
2026-09-11 21:49:16.594379: val_loss -0.8014 
2026-09-11 21:49:16.604593: Pseudo dice [np.float32(0.9318), np.float32(0.8351), np.float32(0.8267)] 
2026-09-11 21:49:16.614769: Epoch time: 48.25 s 
2026-09-11 21:49:17.672962:  
2026-09-11 21:49:17.691894: Epoch 704 
2026-09-11 21:49:17.699105: Current learning rate: 0.00334 
2026-09-11 21:50:06.083804: train_loss -0.8881 
2026-09-11 21:50:06.092300: val_loss -0.8221 
2026-09-11 21:50:06.095666: Pseudo dice [np.float32(0.9341), np.float32(0.8627), np.float32(0.873)] 
2026-09-11 21:50:06.098887: Epoch time: 48.41 s 
2026-09-11 21:50:07.135709:  
2026-09-11 21:50:07.149100: Epoch 705 
2026-09-11 21:50:07.152516: Current learning rate: 0.00333 
2026-09-11 21:50:56.032767: train_loss -0.8877 
2026-09-11 21:50:56.042074: val_loss -0.8146 
2026-09-11 21:50:56.044999: Pseudo dice [np.float32(0.9317), np.float32(0.8553), np.float32(0.8767)] 
2026-09-11 21:50:56.048475: Epoch time: 48.9 s 
2026-09-11 21:50:57.142571:  
2026-09-11 21:50:57.157348: Epoch 706 
2026-09-11 21:50:57.161621: Current learning rate: 0.00332 
2026-09-11 21:51:45.590807: train_loss -0.8896 
2026-09-11 21:51:45.604445: val_loss -0.8334 
2026-09-11 21:51:45.607467: Pseudo dice [np.float32(0.9276), np.float32(0.8553), np.float32(0.8508)] 
2026-09-11 21:51:45.610599: Epoch time: 48.45 s 
2026-09-11 21:51:46.687035:  
2026-09-11 21:51:46.700444: Epoch 707 
2026-09-11 21:51:46.703124: Current learning rate: 0.00331 
2026-09-11 21:52:35.228773: train_loss -0.8917 
2026-09-11 21:52:35.238604: val_loss -0.8045 
2026-09-11 21:52:35.242247: Pseudo dice [np.float32(0.926), np.float32(0.8425), np.float32(0.8382)] 
2026-09-11 21:52:35.245428: Epoch time: 48.54 s 
2026-09-11 21:52:36.323715:  
2026-09-11 21:52:36.331746: Epoch 708 
2026-09-11 21:52:36.334440: Current learning rate: 0.0033 
2026-09-11 21:53:25.514253: train_loss -0.8943 
2026-09-11 21:53:25.525055: val_loss -0.8217 
2026-09-11 21:53:25.527981: Pseudo dice [np.float32(0.9205), np.float32(0.8234), np.float32(0.8396)] 
2026-09-11 21:53:25.531580: Epoch time: 49.19 s 
2026-09-11 21:53:26.721890:  
2026-09-11 21:53:26.734299: Epoch 709 
2026-09-11 21:53:26.737164: Current learning rate: 0.00329 
2026-09-11 21:54:15.461603: train_loss -0.8889 
2026-09-11 21:54:15.469584: val_loss -0.8304 
2026-09-11 21:54:15.472716: Pseudo dice [np.float32(0.9281), np.float32(0.8241), np.float32(0.8504)] 
2026-09-11 21:54:15.475636: Epoch time: 48.74 s 
2026-09-11 21:54:16.546454:  
2026-09-11 21:54:16.559301: Epoch 710 
2026-09-11 21:54:16.561892: Current learning rate: 0.00328 
2026-09-11 21:55:04.876012: train_loss -0.8842 
2026-09-11 21:55:04.884715: val_loss -0.7994 
2026-09-11 21:55:04.888758: Pseudo dice [np.float32(0.9292), np.float32(0.845), np.float32(0.8739)] 
2026-09-11 21:55:04.891889: Epoch time: 48.33 s 
2026-09-11 21:55:05.949874:  
2026-09-11 21:55:05.962316: Epoch 711 
2026-09-11 21:55:05.965301: Current learning rate: 0.00327 
2026-09-11 21:55:54.584636: train_loss -0.8909 
2026-09-11 21:55:54.593908: val_loss -0.8252 
2026-09-11 21:55:54.597177: Pseudo dice [np.float32(0.9304), np.float32(0.8401), np.float32(0.8391)] 
2026-09-11 21:55:54.600445: Epoch time: 48.64 s 
2026-09-11 21:55:56.507979:  
2026-09-11 21:55:56.512297: Epoch 712 
2026-09-11 21:55:56.516684: Current learning rate: 0.00326 
2026-09-11 21:56:44.988259: train_loss -0.8916 
2026-09-11 21:56:44.998403: val_loss -0.8172 
2026-09-11 21:56:45.001500: Pseudo dice [np.float32(0.9284), np.float32(0.8536), np.float32(0.8558)] 
2026-09-11 21:56:45.004633: Epoch time: 48.48 s 
2026-09-11 21:56:46.087132:  
2026-09-11 21:56:46.100896: Epoch 713 
2026-09-11 21:56:46.103791: Current learning rate: 0.00325 
2026-09-11 21:57:34.572555: train_loss -0.89 
2026-09-11 21:57:34.580798: val_loss -0.8122 
2026-09-11 21:57:34.583733: Pseudo dice [np.float32(0.9257), np.float32(0.8326), np.float32(0.8423)] 
2026-09-11 21:57:34.587238: Epoch time: 48.49 s 
2026-09-11 21:57:35.679078:  
2026-09-11 21:57:35.688187: Epoch 714 
2026-09-11 21:57:35.691385: Current learning rate: 0.00324 
2026-09-11 21:58:25.193168: train_loss -0.8961 
2026-09-11 21:58:25.203767: val_loss -0.8204 
2026-09-11 21:58:25.206882: Pseudo dice [np.float32(0.9374), np.float32(0.8418), np.float32(0.8628)] 
2026-09-11 21:58:25.210037: Epoch time: 49.52 s 
2026-09-11 21:58:26.399674:  
2026-09-11 21:58:26.407407: Epoch 715 
2026-09-11 21:58:26.409680: Current learning rate: 0.00323 
2026-09-11 21:59:14.815116: train_loss -0.8888 
2026-09-11 21:59:14.834023: val_loss -0.8347 
2026-09-11 21:59:14.842261: Pseudo dice [np.float32(0.9354), np.float32(0.8478), np.float32(0.8609)] 
2026-09-11 21:59:14.850951: Epoch time: 48.42 s 
2026-09-11 21:59:15.920557:  
2026-09-11 21:59:15.958488: Epoch 716 
2026-09-11 21:59:15.968402: Current learning rate: 0.00322 
2026-09-11 22:00:04.575680: train_loss -0.8911 
2026-09-11 22:00:04.591076: val_loss -0.8468 
2026-09-11 22:00:04.595194: Pseudo dice [np.float32(0.938), np.float32(0.8736), np.float32(0.8617)] 
2026-09-11 22:00:04.600650: Epoch time: 48.66 s 
2026-09-11 22:00:05.733831:  
2026-09-11 22:00:05.776957: Epoch 717 
2026-09-11 22:00:05.780972: Current learning rate: 0.00321 
2026-09-11 22:00:54.339686: train_loss -0.8905 
2026-09-11 22:00:54.347943: val_loss -0.8268 
2026-09-11 22:00:54.350950: Pseudo dice [np.float32(0.9319), np.float32(0.8512), np.float32(0.861)] 
2026-09-11 22:00:54.354244: Epoch time: 48.61 s 
2026-09-11 22:00:55.431383:  
2026-09-11 22:00:55.444793: Epoch 718 
2026-09-11 22:00:55.447467: Current learning rate: 0.0032 
2026-09-11 22:01:44.265455: train_loss -0.887 
2026-09-11 22:01:44.275340: val_loss -0.813 
2026-09-11 22:01:44.278934: Pseudo dice [np.float32(0.9291), np.float32(0.8472), np.float32(0.8554)] 
2026-09-11 22:01:44.282519: Epoch time: 48.83 s 
2026-09-11 22:01:45.462822:  
2026-09-11 22:01:45.477821: Epoch 719 
2026-09-11 22:01:45.480614: Current learning rate: 0.00319 
2026-09-11 22:02:34.101562: train_loss -0.888 
2026-09-11 22:02:34.114019: val_loss -0.7686 
2026-09-11 22:02:34.119018: Pseudo dice [np.float32(0.927), np.float32(0.7988), np.float32(0.8393)] 
2026-09-11 22:02:34.121980: Epoch time: 48.64 s 
2026-09-11 22:02:35.199143:  
2026-09-11 22:02:35.222014: Epoch 720 
2026-09-11 22:02:35.224912: Current learning rate: 0.00318 
2026-09-11 22:03:23.435619: train_loss -0.8943 
2026-09-11 22:03:23.448768: val_loss -0.8296 
2026-09-11 22:03:23.451760: Pseudo dice [np.float32(0.9332), np.float32(0.8395), np.float32(0.8511)] 
2026-09-11 22:03:23.455040: Epoch time: 48.24 s 
2026-09-11 22:03:24.515941:  
2026-09-11 22:03:24.539582: Epoch 721 
2026-09-11 22:03:24.542609: Current learning rate: 0.00317 
2026-09-11 22:04:13.061692: train_loss -0.8886 
2026-09-11 22:04:13.089530: val_loss -0.8077 
2026-09-11 22:04:13.100871: Pseudo dice [np.float32(0.9347), np.float32(0.8611), np.float32(0.8759)] 
2026-09-11 22:04:13.110423: Epoch time: 48.55 s 
2026-09-11 22:04:14.185736:  
2026-09-11 22:04:14.230334: Epoch 722 
2026-09-11 22:04:14.239289: Current learning rate: 0.00316 
2026-09-11 22:05:02.613611: train_loss -0.8867 
2026-09-11 22:05:02.622488: val_loss -0.8206 
2026-09-11 22:05:02.625078: Pseudo dice [np.float32(0.9314), np.float32(0.8476), np.float32(0.8533)] 
2026-09-11 22:05:02.627932: Epoch time: 48.43 s 
2026-09-11 22:05:03.681086:  
2026-09-11 22:05:03.694800: Epoch 723 
2026-09-11 22:05:03.697640: Current learning rate: 0.00315 
2026-09-11 22:05:52.292217: train_loss -0.8894 
2026-09-11 22:05:52.304223: val_loss -0.8048 
2026-09-11 22:05:52.308141: Pseudo dice [np.float32(0.932), np.float32(0.8365), np.float32(0.853)] 
2026-09-11 22:05:52.311620: Epoch time: 48.61 s 
2026-09-11 22:05:53.380250:  
2026-09-11 22:05:53.392817: Epoch 724 
2026-09-11 22:05:53.395620: Current learning rate: 0.00314 
2026-09-11 22:06:41.852888: train_loss -0.8853 
2026-09-11 22:06:41.862414: val_loss -0.8215 
2026-09-11 22:06:41.866125: Pseudo dice [np.float32(0.9377), np.float32(0.8548), np.float32(0.8634)] 
2026-09-11 22:06:41.869834: Epoch time: 48.47 s 
2026-09-11 22:06:42.990383:  
2026-09-11 22:06:43.006506: Epoch 725 
2026-09-11 22:06:43.010873: Current learning rate: 0.00313 
2026-09-11 22:07:31.435664: train_loss -0.8895 
2026-09-11 22:07:31.448471: val_loss -0.7932 
2026-09-11 22:07:31.451293: Pseudo dice [np.float32(0.9322), np.float32(0.8294), np.float32(0.8435)] 
2026-09-11 22:07:31.454103: Epoch time: 48.45 s 
2026-09-11 22:07:32.533963:  
2026-09-11 22:07:32.548115: Epoch 726 
2026-09-11 22:07:32.550741: Current learning rate: 0.00312 
2026-09-11 22:08:20.984857: train_loss -0.8884 
2026-09-11 22:08:20.998763: val_loss -0.787 
2026-09-11 22:08:21.001738: Pseudo dice [np.float32(0.9311), np.float32(0.836), np.float32(0.8556)] 
2026-09-11 22:08:21.004772: Epoch time: 48.45 s 
2026-09-11 22:08:22.077216:  
2026-09-11 22:08:22.103163: Epoch 727 
2026-09-11 22:08:22.105817: Current learning rate: 0.00311 
2026-09-11 22:09:10.448107: train_loss -0.8877 
2026-09-11 22:09:10.457184: val_loss -0.8481 
2026-09-11 22:09:10.460345: Pseudo dice [np.float32(0.9353), np.float32(0.8837), np.float32(0.8743)] 
2026-09-11 22:09:10.463640: Epoch time: 48.37 s 
2026-09-11 22:09:11.553243:  
2026-09-11 22:09:11.566763: Epoch 728 
2026-09-11 22:09:11.569715: Current learning rate: 0.0031 
2026-09-11 22:10:00.352933: train_loss -0.8826 
2026-09-11 22:10:00.366545: val_loss -0.8398 
2026-09-11 22:10:00.370151: Pseudo dice [np.float32(0.9286), np.float32(0.8632), np.float32(0.8527)] 
2026-09-11 22:10:00.373258: Epoch time: 48.8 s 
2026-09-11 22:10:01.485915:  
2026-09-11 22:10:01.501492: Epoch 729 
2026-09-11 22:10:01.504867: Current learning rate: 0.00309 
2026-09-11 22:10:49.883838: train_loss -0.8839 
2026-09-11 22:10:49.892343: val_loss -0.8281 
2026-09-11 22:10:49.895718: Pseudo dice [np.float32(0.9263), np.float32(0.8641), np.float32(0.8582)] 
2026-09-11 22:10:49.899002: Epoch time: 48.4 s 
2026-09-11 22:10:51.014810:  
2026-09-11 22:10:51.028033: Epoch 730 
2026-09-11 22:10:51.030810: Current learning rate: 0.00308 
2026-09-11 22:11:39.613280: train_loss -0.8819 
2026-09-11 22:11:39.622184: val_loss -0.8274 
2026-09-11 22:11:39.625862: Pseudo dice [np.float32(0.9341), np.float32(0.8693), np.float32(0.8653)] 
2026-09-11 22:11:39.629730: Epoch time: 48.6 s 
2026-09-11 22:11:40.754259:  
2026-09-11 22:11:40.765658: Epoch 731 
2026-09-11 22:11:40.768893: Current learning rate: 0.00307 
2026-09-11 22:12:29.058457: train_loss -0.8882 
2026-09-11 22:12:29.070728: val_loss -0.8167 
2026-09-11 22:12:29.082221: Pseudo dice [np.float32(0.9319), np.float32(0.8518), np.float32(0.861)] 
2026-09-11 22:12:29.085905: Epoch time: 48.31 s 
2026-09-11 22:12:30.934865:  
2026-09-11 22:12:30.940581: Epoch 732 
2026-09-11 22:12:30.943485: Current learning rate: 0.00306 
2026-09-11 22:13:19.370702: train_loss -0.8913 
2026-09-11 22:13:19.380709: val_loss -0.8461 
2026-09-11 22:13:19.385788: Pseudo dice [np.float32(0.9386), np.float32(0.8679), np.float32(0.8615)] 
2026-09-11 22:13:19.389456: Epoch time: 48.44 s 
2026-09-11 22:13:19.393329: Yayy! New best EMA pseudo Dice: 0.8810999989509583 
2026-09-11 22:13:23.178143:  
2026-09-11 22:13:23.182917: Epoch 733 
2026-09-11 22:13:23.187981: Current learning rate: 0.00305 
2026-09-11 22:14:11.726014: train_loss -0.8915 
2026-09-11 22:14:11.734540: val_loss -0.7992 
2026-09-11 22:14:11.738289: Pseudo dice [np.float32(0.9305), np.float32(0.8343), np.float32(0.8506)] 
2026-09-11 22:14:11.742274: Epoch time: 48.55 s 
2026-09-11 22:14:12.824737:  
2026-09-11 22:14:12.856882: Epoch 734 
2026-09-11 22:14:12.865117: Current learning rate: 0.00304 
2026-09-11 22:15:01.775346: train_loss -0.887 
2026-09-11 22:15:01.784051: val_loss -0.7867 
2026-09-11 22:15:01.787384: Pseudo dice [np.float32(0.9264), np.float32(0.8266), np.float32(0.8483)] 
2026-09-11 22:15:01.791004: Epoch time: 48.95 s 
2026-09-11 22:15:02.878417:  
2026-09-11 22:15:02.885306: Epoch 735 
2026-09-11 22:15:02.888807: Current learning rate: 0.00303 
2026-09-11 22:15:51.395897: train_loss -0.8839 
2026-09-11 22:15:51.404808: val_loss -0.8003 
2026-09-11 22:15:51.407960: Pseudo dice [np.float32(0.9206), np.float32(0.8193), np.float32(0.8479)] 
2026-09-11 22:15:51.411674: Epoch time: 48.52 s 
2026-09-11 22:15:52.494949:  
2026-09-11 22:15:52.507420: Epoch 736 
2026-09-11 22:15:52.510390: Current learning rate: 0.00302 
2026-09-11 22:16:40.941496: train_loss -0.873 
2026-09-11 22:16:40.951881: val_loss -0.8279 
2026-09-11 22:16:40.955694: Pseudo dice [np.float32(0.928), np.float32(0.8412), np.float32(0.838)] 
2026-09-11 22:16:40.959844: Epoch time: 48.45 s 
2026-09-11 22:16:42.018518:  
2026-09-11 22:16:42.035216: Epoch 737 
2026-09-11 22:16:42.038178: Current learning rate: 0.00301 
2026-09-11 22:17:30.485009: train_loss -0.879 
2026-09-11 22:17:30.493724: val_loss -0.8064 
2026-09-11 22:17:30.497139: Pseudo dice [np.float32(0.9329), np.float32(0.8342), np.float32(0.8519)] 
2026-09-11 22:17:30.500202: Epoch time: 48.47 s 
2026-09-11 22:17:31.568996:  
2026-09-11 22:17:31.583606: Epoch 738 
2026-09-11 22:17:31.586477: Current learning rate: 0.003 
2026-09-11 22:18:20.072008: train_loss -0.8718 
2026-09-11 22:18:20.080109: val_loss -0.8236 
2026-09-11 22:18:20.083098: Pseudo dice [np.float32(0.9285), np.float32(0.8435), np.float32(0.856)] 
2026-09-11 22:18:20.086254: Epoch time: 48.5 s 
2026-09-11 22:18:21.139765:  
2026-09-11 22:18:21.159328: Epoch 739 
2026-09-11 22:18:21.163054: Current learning rate: 0.00299 
2026-09-11 22:19:09.424120: train_loss -0.8861 
2026-09-11 22:19:09.435296: val_loss -0.8178 
2026-09-11 22:19:09.438030: Pseudo dice [np.float32(0.9322), np.float32(0.8491), np.float32(0.8628)] 
2026-09-11 22:19:09.440971: Epoch time: 48.29 s 
2026-09-11 22:19:10.504862:  
2026-09-11 22:19:10.520859: Epoch 740 
2026-09-11 22:19:10.523672: Current learning rate: 0.00297 
2026-09-11 22:19:58.901135: train_loss -0.89 
2026-09-11 22:19:58.909761: val_loss -0.811 
2026-09-11 22:19:58.912994: Pseudo dice [np.float32(0.9334), np.float32(0.8558), np.float32(0.8704)] 
2026-09-11 22:19:58.916356: Epoch time: 48.4 s 
2026-09-11 22:20:00.021767:  
2026-09-11 22:20:00.035899: Epoch 741 
2026-09-11 22:20:00.038919: Current learning rate: 0.00296 
2026-09-11 22:20:48.409867: train_loss -0.8904 
2026-09-11 22:20:48.420520: val_loss -0.8287 
2026-09-11 22:20:48.424031: Pseudo dice [np.float32(0.929), np.float32(0.8422), np.float32(0.8469)] 
2026-09-11 22:20:48.428026: Epoch time: 48.39 s 
2026-09-11 22:20:49.502252:  
2026-09-11 22:20:49.516989: Epoch 742 
2026-09-11 22:20:49.519899: Current learning rate: 0.00295 
2026-09-11 22:21:38.468790: train_loss -0.8849 
2026-09-11 22:21:38.491817: val_loss -0.8387 
2026-09-11 22:21:38.501686: Pseudo dice [np.float32(0.9345), np.float32(0.8598), np.float32(0.8478)] 
2026-09-11 22:21:38.511280: Epoch time: 48.97 s 
2026-09-11 22:21:39.661536:  
2026-09-11 22:21:39.691792: Epoch 743 
2026-09-11 22:21:39.699995: Current learning rate: 0.00294 
2026-09-11 22:22:28.361923: train_loss -0.891 
2026-09-11 22:22:28.376732: val_loss -0.8378 
2026-09-11 22:22:28.379591: Pseudo dice [np.float32(0.9295), np.float32(0.8856), np.float32(0.8669)] 
2026-09-11 22:22:28.382599: Epoch time: 48.7 s 
2026-09-11 22:22:29.548233:  
2026-09-11 22:22:29.574294: Epoch 744 
2026-09-11 22:22:29.577575: Current learning rate: 0.00293 
2026-09-11 22:23:18.059932: train_loss -0.8884 
2026-09-11 22:23:18.068495: val_loss -0.8134 
2026-09-11 22:23:18.071496: Pseudo dice [np.float32(0.9237), np.float32(0.854), np.float32(0.8359)] 
2026-09-11 22:23:18.074449: Epoch time: 48.51 s 
2026-09-11 22:23:19.141932:  
2026-09-11 22:23:19.150417: Epoch 745 
2026-09-11 22:23:19.153359: Current learning rate: 0.00292 
2026-09-11 22:24:07.662623: train_loss -0.885 
2026-09-11 22:24:07.671410: val_loss -0.8346 
2026-09-11 22:24:07.674697: Pseudo dice [np.float32(0.9369), np.float32(0.8689), np.float32(0.8608)] 
2026-09-11 22:24:07.678074: Epoch time: 48.52 s 
2026-09-11 22:24:08.825962:  
2026-09-11 22:24:08.836218: Epoch 746 
2026-09-11 22:24:08.840780: Current learning rate: 0.00291 
2026-09-11 22:24:57.342687: train_loss -0.8895 
2026-09-11 22:24:57.351085: val_loss -0.8381 
2026-09-11 22:24:57.354013: Pseudo dice [np.float32(0.9299), np.float32(0.8726), np.float32(0.861)] 
2026-09-11 22:24:57.357283: Epoch time: 48.52 s 
2026-09-11 22:24:58.437327:  
2026-09-11 22:24:58.446097: Epoch 747 
2026-09-11 22:24:58.448894: Current learning rate: 0.0029 
2026-09-11 22:25:46.747605: train_loss -0.8907 
2026-09-11 22:25:46.755870: val_loss -0.8187 
2026-09-11 22:25:46.758917: Pseudo dice [np.float32(0.9261), np.float32(0.8342), np.float32(0.8525)] 
2026-09-11 22:25:46.761817: Epoch time: 48.31 s 
2026-09-11 22:25:47.834887:  
2026-09-11 22:25:47.841713: Epoch 748 
2026-09-11 22:25:47.845124: Current learning rate: 0.00289 
2026-09-11 22:26:36.527773: train_loss -0.8905 
2026-09-11 22:26:36.535647: val_loss -0.8205 
2026-09-11 22:26:36.539025: Pseudo dice [np.float32(0.9376), np.float32(0.8602), np.float32(0.8716)] 
2026-09-11 22:26:36.542295: Epoch time: 48.69 s 
2026-09-11 22:26:37.647993:  
2026-09-11 22:26:37.657942: Epoch 749 
2026-09-11 22:26:37.661436: Current learning rate: 0.00288 
2026-09-11 22:27:26.209583: train_loss -0.882 
2026-09-11 22:27:26.220187: val_loss -0.8222 
2026-09-11 22:27:26.222792: Pseudo dice [np.float32(0.926), np.float32(0.84), np.float32(0.8373)] 
2026-09-11 22:27:26.225283: Epoch time: 48.56 s 
2026-09-11 22:27:29.774075:  
2026-09-11 22:27:29.777390: Epoch 750 
2026-09-11 22:27:29.780096: Current learning rate: 0.00287 
2026-09-11 22:28:18.047880: train_loss -0.8841 
2026-09-11 22:28:18.056220: val_loss -0.8049 
2026-09-11 22:28:18.059201: Pseudo dice [np.float32(0.9272), np.float32(0.8519), np.float32(0.8434)] 
2026-09-11 22:28:18.062261: Epoch time: 48.27 s 
2026-09-11 22:28:19.178775:  
2026-09-11 22:28:19.188530: Epoch 751 
2026-09-11 22:28:19.191446: Current learning rate: 0.00286 
2026-09-11 22:29:08.597714: train_loss -0.8879 
2026-09-11 22:29:08.608712: val_loss -0.8188 
2026-09-11 22:29:08.612566: Pseudo dice [np.float32(0.9348), np.float32(0.8493), np.float32(0.8717)] 
2026-09-11 22:29:08.615889: Epoch time: 49.42 s 
2026-09-11 22:29:09.694866:  
2026-09-11 22:29:09.709859: Epoch 752 
2026-09-11 22:29:09.713386: Current learning rate: 0.00285 
2026-09-11 22:29:58.195234: train_loss -0.8888 
2026-09-11 22:29:58.204283: val_loss -0.8002 
2026-09-11 22:29:58.209042: Pseudo dice [np.float32(0.9278), np.float32(0.8251), np.float32(0.8466)] 
2026-09-11 22:29:58.212531: Epoch time: 48.5 s 
2026-09-11 22:29:59.363146:  
2026-09-11 22:29:59.376034: Epoch 753 
2026-09-11 22:29:59.379218: Current learning rate: 0.00284 
2026-09-11 22:30:47.918395: train_loss -0.9012 
2026-09-11 22:30:47.930096: val_loss -0.8373 
2026-09-11 22:30:47.934428: Pseudo dice [np.float32(0.9317), np.float32(0.8588), np.float32(0.8594)] 
2026-09-11 22:30:47.938745: Epoch time: 48.56 s 
2026-09-11 22:30:49.054750:  
2026-09-11 22:30:49.067192: Epoch 754 
2026-09-11 22:30:49.070851: Current learning rate: 0.00283 
2026-09-11 22:31:37.721968: train_loss -0.8894 
2026-09-11 22:31:37.729692: val_loss -0.8173 
2026-09-11 22:31:37.733099: Pseudo dice [np.float32(0.9247), np.float32(0.8558), np.float32(0.8594)] 
2026-09-11 22:31:37.736516: Epoch time: 48.67 s 
2026-09-11 22:31:38.847223:  
2026-09-11 22:31:38.858222: Epoch 755 
2026-09-11 22:31:38.860993: Current learning rate: 0.00282 
2026-09-11 22:32:27.192825: train_loss -0.885 
2026-09-11 22:32:27.216682: val_loss -0.7907 
2026-09-11 22:32:27.226671: Pseudo dice [np.float32(0.9308), np.float32(0.8069), np.float32(0.8639)] 
2026-09-11 22:32:27.237158: Epoch time: 48.35 s 
2026-09-11 22:32:28.414557:  
2026-09-11 22:32:28.674606: Epoch 756 
2026-09-11 22:32:28.687578: Current learning rate: 0.00281 
2026-09-11 22:33:16.951649: train_loss -0.8775 
2026-09-11 22:33:16.965811: val_loss -0.8067 
2026-09-11 22:33:16.971859: Pseudo dice [np.float32(0.9273), np.float32(0.8226), np.float32(0.8292)] 
2026-09-11 22:33:16.978071: Epoch time: 48.54 s 
2026-09-11 22:33:18.133106:  
2026-09-11 22:33:18.149403: Epoch 757 
2026-09-11 22:33:18.151881: Current learning rate: 0.0028 
2026-09-11 22:34:06.770416: train_loss -0.8906 
2026-09-11 22:34:06.781181: val_loss -0.7954 
2026-09-11 22:34:06.785071: Pseudo dice [np.float32(0.9252), np.float32(0.8312), np.float32(0.8388)] 
2026-09-11 22:34:06.788848: Epoch time: 48.64 s 
2026-09-11 22:34:07.864714:  
2026-09-11 22:34:07.876831: Epoch 758 
2026-09-11 22:34:07.880755: Current learning rate: 0.00279 
2026-09-11 22:34:56.232387: train_loss -0.8901 
2026-09-11 22:34:56.241724: val_loss -0.7931 
2026-09-11 22:34:56.244629: Pseudo dice [np.float32(0.9261), np.float32(0.8303), np.float32(0.8452)] 
2026-09-11 22:34:56.247602: Epoch time: 48.37 s 
2026-09-11 22:34:57.315650:  
2026-09-11 22:34:57.329893: Epoch 759 
2026-09-11 22:34:57.332582: Current learning rate: 0.00278 
2026-09-11 22:35:46.085026: train_loss -0.888 
2026-09-11 22:35:46.129827: val_loss -0.8138 
2026-09-11 22:35:46.140301: Pseudo dice [np.float32(0.9334), np.float32(0.8715), np.float32(0.8577)] 
2026-09-11 22:35:46.154302: Epoch time: 48.77 s 
2026-09-11 22:35:47.302926:  
2026-09-11 22:35:47.332803: Epoch 760 
2026-09-11 22:35:47.343415: Current learning rate: 0.00277 
2026-09-11 22:36:35.735915: train_loss -0.8877 
2026-09-11 22:36:35.745079: val_loss -0.7613 
2026-09-11 22:36:35.747307: Pseudo dice [np.float32(0.927), np.float32(0.8193), np.float32(0.8459)] 
2026-09-11 22:36:35.749674: Epoch time: 48.43 s 
2026-09-11 22:36:36.787848:  
2026-09-11 22:36:36.799920: Epoch 761 
2026-09-11 22:36:36.802881: Current learning rate: 0.00276 
2026-09-11 22:37:25.173950: train_loss -0.8958 
2026-09-11 22:37:25.185933: val_loss -0.799 
2026-09-11 22:37:25.190532: Pseudo dice [np.float32(0.9238), np.float32(0.8281), np.float32(0.8673)] 
2026-09-11 22:37:25.195395: Epoch time: 48.39 s 
2026-09-11 22:37:26.320913:  
2026-09-11 22:37:26.352265: Epoch 762 
2026-09-11 22:37:26.358477: Current learning rate: 0.00275 
2026-09-11 22:38:14.542547: train_loss -0.8893 
2026-09-11 22:38:14.551004: val_loss -0.8462 
2026-09-11 22:38:14.556179: Pseudo dice [np.float32(0.9345), np.float32(0.8748), np.float32(0.8703)] 
2026-09-11 22:38:14.560302: Epoch time: 48.22 s 
2026-09-11 22:38:15.670229:  
2026-09-11 22:38:15.682190: Epoch 763 
2026-09-11 22:38:15.685332: Current learning rate: 0.00274 
2026-09-11 22:39:04.024120: train_loss -0.8826 
2026-09-11 22:39:04.032785: val_loss -0.8278 
2026-09-11 22:39:04.035427: Pseudo dice [np.float32(0.9301), np.float32(0.8634), np.float32(0.8428)] 
2026-09-11 22:39:04.038493: Epoch time: 48.35 s 
2026-09-11 22:39:05.093024:  
2026-09-11 22:39:05.106475: Epoch 764 
2026-09-11 22:39:05.109437: Current learning rate: 0.00273 
2026-09-11 22:39:53.688793: train_loss -0.8953 
2026-09-11 22:39:53.700473: val_loss -0.8036 
2026-09-11 22:39:53.704710: Pseudo dice [np.float32(0.9293), np.float32(0.8234), np.float32(0.8583)] 
2026-09-11 22:39:53.708364: Epoch time: 48.6 s 
2026-09-11 22:39:54.857638:  
2026-09-11 22:39:54.871997: Epoch 765 
2026-09-11 22:39:54.876675: Current learning rate: 0.00272 
2026-09-11 22:40:43.400577: train_loss -0.8956 
2026-09-11 22:40:43.408386: val_loss -0.8306 
2026-09-11 22:40:43.414400: Pseudo dice [np.float32(0.925), np.float32(0.8328), np.float32(0.839)] 
2026-09-11 22:40:43.417348: Epoch time: 48.54 s 
2026-09-11 22:40:44.480433:  
2026-09-11 22:40:44.492790: Epoch 766 
2026-09-11 22:40:44.495257: Current learning rate: 0.00271 
2026-09-11 22:41:32.792062: train_loss -0.8906 
2026-09-11 22:41:32.801283: val_loss -0.8039 
2026-09-11 22:41:32.804371: Pseudo dice [np.float32(0.9271), np.float32(0.8263), np.float32(0.839)] 
2026-09-11 22:41:32.807926: Epoch time: 48.31 s 
2026-09-11 22:41:33.872244:  
2026-09-11 22:41:33.885097: Epoch 767 
2026-09-11 22:41:33.888412: Current learning rate: 0.0027 
2026-09-11 22:42:22.111864: train_loss -0.8909 
2026-09-11 22:42:22.124782: val_loss -0.8205 
2026-09-11 22:42:22.127573: Pseudo dice [np.float32(0.9273), np.float32(0.8427), np.float32(0.8388)] 
2026-09-11 22:42:22.130991: Epoch time: 48.24 s 
2026-09-11 22:42:23.255601:  
2026-09-11 22:42:23.278767: Epoch 768 
2026-09-11 22:42:23.281659: Current learning rate: 0.00268 
2026-09-11 22:43:12.452022: train_loss -0.8894 
2026-09-11 22:43:12.460202: val_loss -0.8136 
2026-09-11 22:43:12.462912: Pseudo dice [np.float32(0.9293), np.float32(0.8536), np.float32(0.8623)] 
2026-09-11 22:43:12.466009: Epoch time: 49.2 s 
2026-09-11 22:43:13.570741:  
2026-09-11 22:43:13.608632: Epoch 769 
2026-09-11 22:43:13.617843: Current learning rate: 0.00267 
2026-09-11 22:44:02.434411: train_loss -0.8888 
2026-09-11 22:44:02.442743: val_loss -0.8031 
2026-09-11 22:44:02.445625: Pseudo dice [np.float32(0.9388), np.float32(0.8382), np.float32(0.8615)] 
2026-09-11 22:44:02.449054: Epoch time: 48.86 s 
2026-09-11 22:44:03.617520:  
2026-09-11 22:44:03.625224: Epoch 770 
2026-09-11 22:44:03.628562: Current learning rate: 0.00266 
2026-09-11 22:44:52.312637: train_loss -0.8922 
2026-09-11 22:44:52.326025: val_loss -0.8021 
2026-09-11 22:44:52.329123: Pseudo dice [np.float32(0.9342), np.float32(0.83), np.float32(0.8551)] 
2026-09-11 22:44:52.332685: Epoch time: 48.7 s 
2026-09-11 22:44:54.184764:  
2026-09-11 22:44:54.190770: Epoch 771 
2026-09-11 22:44:54.193908: Current learning rate: 0.00265 
2026-09-11 22:45:42.498033: train_loss -0.8914 
2026-09-11 22:45:42.506805: val_loss -0.8065 
2026-09-11 22:45:42.511025: Pseudo dice [np.float32(0.9362), np.float32(0.8442), np.float32(0.8589)] 
2026-09-11 22:45:42.514019: Epoch time: 48.31 s 
2026-09-11 22:45:43.626449:  
2026-09-11 22:45:43.635411: Epoch 772 
2026-09-11 22:45:43.637926: Current learning rate: 0.00264 
2026-09-11 22:46:32.317139: train_loss -0.8884 
2026-09-11 22:46:32.327058: val_loss -0.8185 
2026-09-11 22:46:32.330424: Pseudo dice [np.float32(0.93), np.float32(0.8422), np.float32(0.8428)] 
2026-09-11 22:46:32.334759: Epoch time: 48.69 s 
2026-09-11 22:46:33.422740:  
2026-09-11 22:46:33.440481: Epoch 773 
2026-09-11 22:46:33.444226: Current learning rate: 0.00263 
2026-09-11 22:47:22.164602: train_loss -0.8854 
2026-09-11 22:47:22.172930: val_loss -0.8222 
2026-09-11 22:47:22.176119: Pseudo dice [np.float32(0.9321), np.float32(0.8391), np.float32(0.8374)] 
2026-09-11 22:47:22.180081: Epoch time: 48.74 s 
2026-09-11 22:47:23.307444:  
2026-09-11 22:47:23.322016: Epoch 774 
2026-09-11 22:47:23.325236: Current learning rate: 0.00262 
2026-09-11 22:48:11.671085: train_loss -0.8898 
2026-09-11 22:48:11.683834: val_loss -0.8226 
2026-09-11 22:48:11.686692: Pseudo dice [np.float32(0.938), np.float32(0.8424), np.float32(0.8551)] 
2026-09-11 22:48:11.689659: Epoch time: 48.36 s 
2026-09-11 22:48:12.750886:  
2026-09-11 22:48:12.761822: Epoch 775 
2026-09-11 22:48:12.764841: Current learning rate: 0.00261 
2026-09-11 22:49:01.294163: train_loss -0.8904 
2026-09-11 22:49:01.302156: val_loss -0.8066 
2026-09-11 22:49:01.305613: Pseudo dice [np.float32(0.9265), np.float32(0.8418), np.float32(0.843)] 
2026-09-11 22:49:01.308993: Epoch time: 48.54 s 
2026-09-11 22:49:02.386539:  
2026-09-11 22:49:02.394273: Epoch 776 
2026-09-11 22:49:02.396922: Current learning rate: 0.0026 
2026-09-11 22:49:50.656772: train_loss -0.8857 
2026-09-11 22:49:50.666224: val_loss -0.7895 
2026-09-11 22:49:50.669268: Pseudo dice [np.float32(0.925), np.float32(0.8323), np.float32(0.8477)] 
2026-09-11 22:49:50.672841: Epoch time: 48.27 s 
2026-09-11 22:49:51.744208:  
2026-09-11 22:49:51.757382: Epoch 777 
2026-09-11 22:49:51.759890: Current learning rate: 0.00259 
2026-09-11 22:50:40.050892: train_loss -0.8872 
2026-09-11 22:50:40.059695: val_loss -0.8079 
2026-09-11 22:50:40.062176: Pseudo dice [np.float32(0.9331), np.float32(0.8275), np.float32(0.8758)] 
2026-09-11 22:50:40.065208: Epoch time: 48.31 s 
2026-09-11 22:50:41.149028:  
2026-09-11 22:50:41.162222: Epoch 778 
2026-09-11 22:50:41.165336: Current learning rate: 0.00258 
2026-09-11 22:51:29.422013: train_loss -0.8839 
2026-09-11 22:51:29.442121: val_loss -0.8057 
2026-09-11 22:51:29.450485: Pseudo dice [np.float32(0.9284), np.float32(0.8341), np.float32(0.8398)] 
2026-09-11 22:51:29.458813: Epoch time: 48.27 s 
2026-09-11 22:51:30.516177:  
2026-09-11 22:51:30.711128: Epoch 779 
2026-09-11 22:51:30.724020: Current learning rate: 0.00257 
2026-09-11 22:52:18.999031: train_loss -0.8855 
2026-09-11 22:52:19.007499: val_loss -0.8073 
2026-09-11 22:52:19.010709: Pseudo dice [np.float32(0.9327), np.float32(0.8472), np.float32(0.8566)] 
2026-09-11 22:52:19.014086: Epoch time: 48.48 s 
2026-09-11 22:52:20.130163:  
2026-09-11 22:52:20.144426: Epoch 780 
2026-09-11 22:52:20.147039: Current learning rate: 0.00256 
2026-09-11 22:53:08.518946: train_loss -0.898 
2026-09-11 22:53:08.527288: val_loss -0.8125 
2026-09-11 22:53:08.530649: Pseudo dice [np.float32(0.9319), np.float32(0.862), np.float32(0.8798)] 
2026-09-11 22:53:08.533743: Epoch time: 48.39 s 
2026-09-11 22:53:09.598081:  
2026-09-11 22:53:09.610850: Epoch 781 
2026-09-11 22:53:09.613837: Current learning rate: 0.00255 
2026-09-11 22:53:58.165955: train_loss -0.8996 
2026-09-11 22:53:58.190473: val_loss -0.8121 
2026-09-11 22:53:58.200488: Pseudo dice [np.float32(0.9231), np.float32(0.8402), np.float32(0.8438)] 
2026-09-11 22:53:58.211075: Epoch time: 48.57 s 
2026-09-11 22:53:59.333735:  
2026-09-11 22:53:59.374558: Epoch 782 
2026-09-11 22:53:59.385376: Current learning rate: 0.00254 
2026-09-11 22:54:47.815725: train_loss -0.8917 
2026-09-11 22:54:47.824688: val_loss -0.8291 
2026-09-11 22:54:47.827765: Pseudo dice [np.float32(0.9383), np.float32(0.8622), np.float32(0.879)] 
2026-09-11 22:54:47.831266: Epoch time: 48.48 s 
2026-09-11 22:54:48.947363:  
2026-09-11 22:54:48.960226: Epoch 783 
2026-09-11 22:54:48.963476: Current learning rate: 0.00253 
2026-09-11 22:55:37.744896: train_loss -0.8846 
2026-09-11 22:55:37.753361: val_loss -0.805 
2026-09-11 22:55:37.756497: Pseudo dice [np.float32(0.9294), np.float32(0.8324), np.float32(0.8407)] 
2026-09-11 22:55:37.759733: Epoch time: 48.8 s 
2026-09-11 22:55:38.825269:  
2026-09-11 22:55:38.833810: Epoch 784 
2026-09-11 22:55:38.836469: Current learning rate: 0.00252 
2026-09-11 22:56:27.060714: train_loss -0.8857 
2026-09-11 22:56:27.083083: val_loss -0.8156 
2026-09-11 22:56:27.092892: Pseudo dice [np.float32(0.9326), np.float32(0.8488), np.float32(0.8424)] 
2026-09-11 22:56:27.102134: Epoch time: 48.24 s 
2026-09-11 22:56:28.243264:  
2026-09-11 22:56:28.293195: Epoch 785 
2026-09-11 22:56:28.302792: Current learning rate: 0.00251 
2026-09-11 22:57:16.726523: train_loss -0.8935 
2026-09-11 22:57:16.734433: val_loss -0.8112 
2026-09-11 22:57:16.737261: Pseudo dice [np.float32(0.9351), np.float32(0.8501), np.float32(0.8695)] 
2026-09-11 22:57:16.740897: Epoch time: 48.49 s 
2026-09-11 22:57:17.808815:  
2026-09-11 22:57:17.822652: Epoch 786 
2026-09-11 22:57:17.825160: Current learning rate: 0.0025 
2026-09-11 22:58:06.680153: train_loss -0.8958 
2026-09-11 22:58:06.706326: val_loss -0.8174 
2026-09-11 22:58:06.721121: Pseudo dice [np.float32(0.9311), np.float32(0.8349), np.float32(0.849)] 
2026-09-11 22:58:06.732081: Epoch time: 48.87 s 
2026-09-11 22:58:07.937847:  
2026-09-11 22:58:07.973410: Epoch 787 
2026-09-11 22:58:07.983009: Current learning rate: 0.00249 
2026-09-11 22:58:56.340667: train_loss -0.8929 
2026-09-11 22:58:56.348429: val_loss -0.7919 
2026-09-11 22:58:56.351842: Pseudo dice [np.float32(0.9232), np.float32(0.8357), np.float32(0.832)] 
2026-09-11 22:58:56.355009: Epoch time: 48.41 s 
2026-09-11 22:58:57.475595:  
2026-09-11 22:58:57.489647: Epoch 788 
2026-09-11 22:58:57.492460: Current learning rate: 0.00248 
2026-09-11 22:59:45.934674: train_loss -0.89 
2026-09-11 22:59:45.948629: val_loss -0.8236 
2026-09-11 22:59:45.951183: Pseudo dice [np.float32(0.9316), np.float32(0.8502), np.float32(0.8548)] 
2026-09-11 22:59:45.954022: Epoch time: 48.46 s 
2026-09-11 22:59:47.060254:  
2026-09-11 22:59:47.073402: Epoch 789 
2026-09-11 22:59:47.076435: Current learning rate: 0.00247 
2026-09-11 23:00:35.683311: train_loss -0.8956 
2026-09-11 23:00:35.696434: val_loss -0.8121 
2026-09-11 23:00:35.699325: Pseudo dice [np.float32(0.9308), np.float32(0.8474), np.float32(0.8332)] 
2026-09-11 23:00:35.702159: Epoch time: 48.62 s 
2026-09-11 23:00:36.765696:  
2026-09-11 23:00:36.787645: Epoch 790 
2026-09-11 23:00:36.790277: Current learning rate: 0.00245 
2026-09-11 23:01:25.266793: train_loss -0.8923 
2026-09-11 23:01:25.275120: val_loss -0.8196 
2026-09-11 23:01:25.278366: Pseudo dice [np.float32(0.929), np.float32(0.8436), np.float32(0.8554)] 
2026-09-11 23:01:25.281621: Epoch time: 48.5 s 
2026-09-11 23:01:27.161463:  
2026-09-11 23:01:27.168048: Epoch 791 
2026-09-11 23:01:27.174271: Current learning rate: 0.00244 
2026-09-11 23:02:15.989107: train_loss -0.8829 
2026-09-11 23:02:15.998192: val_loss -0.7777 
2026-09-11 23:02:16.001184: Pseudo dice [np.float32(0.9266), np.float32(0.821), np.float32(0.8434)] 
2026-09-11 23:02:16.004583: Epoch time: 48.83 s 
2026-09-11 23:02:17.166248:  
2026-09-11 23:02:17.176563: Epoch 792 
2026-09-11 23:02:17.179711: Current learning rate: 0.00243 
2026-09-11 23:03:05.446143: train_loss -0.892 
2026-09-11 23:03:05.458922: val_loss -0.8001 
2026-09-11 23:03:05.461654: Pseudo dice [np.float32(0.9316), np.float32(0.8419), np.float32(0.8747)] 
2026-09-11 23:03:05.464736: Epoch time: 48.28 s 
2026-09-11 23:03:06.549529:  
2026-09-11 23:03:06.562258: Epoch 793 
2026-09-11 23:03:06.565162: Current learning rate: 0.00242 
2026-09-11 23:03:55.090152: train_loss -0.8948 
2026-09-11 23:03:55.098916: val_loss -0.8046 
2026-09-11 23:03:55.102117: Pseudo dice [np.float32(0.9254), np.float32(0.8348), np.float32(0.8592)] 
2026-09-11 23:03:55.105312: Epoch time: 48.54 s 
2026-09-11 23:03:56.208386:  
2026-09-11 23:03:56.222065: Epoch 794 
2026-09-11 23:03:56.225133: Current learning rate: 0.00241 
2026-09-11 23:04:44.531700: train_loss -0.8896 
2026-09-11 23:04:44.544655: val_loss -0.8176 
2026-09-11 23:04:44.547635: Pseudo dice [np.float32(0.9289), np.float32(0.8297), np.float32(0.8335)] 
2026-09-11 23:04:44.550646: Epoch time: 48.32 s 
2026-09-11 23:04:45.636847:  
2026-09-11 23:04:45.660755: Epoch 795 
2026-09-11 23:04:45.663617: Current learning rate: 0.0024 
2026-09-11 23:05:34.081061: train_loss -0.8952 
2026-09-11 23:05:34.103580: val_loss -0.7966 
2026-09-11 23:05:34.112725: Pseudo dice [np.float32(0.9331), np.float32(0.8257), np.float32(0.8494)] 
2026-09-11 23:05:34.122543: Epoch time: 48.44 s 
2026-09-11 23:05:35.213680:  
2026-09-11 23:05:35.251832: Epoch 796 
2026-09-11 23:05:35.260056: Current learning rate: 0.00239 
2026-09-11 23:06:23.564093: train_loss -0.8865 
2026-09-11 23:06:23.572971: val_loss -0.8024 
2026-09-11 23:06:23.579343: Pseudo dice [np.float32(0.9227), np.float32(0.8406), np.float32(0.8718)] 
2026-09-11 23:06:23.583003: Epoch time: 48.35 s 
2026-09-11 23:06:24.634704:  
2026-09-11 23:06:24.649392: Epoch 797 
2026-09-11 23:06:24.652507: Current learning rate: 0.00238 
2026-09-11 23:07:12.912942: train_loss -0.894 
2026-09-11 23:07:12.921300: val_loss -0.8245 
2026-09-11 23:07:12.924347: Pseudo dice [np.float32(0.9262), np.float32(0.8461), np.float32(0.8464)] 
2026-09-11 23:07:12.927459: Epoch time: 48.28 s 
2026-09-11 23:07:14.041287:  
2026-09-11 23:07:14.055946: Epoch 798 
2026-09-11 23:07:14.059669: Current learning rate: 0.00237 
2026-09-11 23:08:02.524088: train_loss -0.8923 
2026-09-11 23:08:02.532508: val_loss -0.7831 
2026-09-11 23:08:02.535612: Pseudo dice [np.float32(0.923), np.float32(0.792), np.float32(0.8474)] 
2026-09-11 23:08:02.538608: Epoch time: 48.48 s 
2026-09-11 23:08:03.604899:  
2026-09-11 23:08:03.619753: Epoch 799 
2026-09-11 23:08:03.622895: Current learning rate: 0.00236 
2026-09-11 23:08:52.047454: train_loss -0.8974 
2026-09-11 23:08:52.057178: val_loss -0.8053 
2026-09-11 23:08:52.061141: Pseudo dice [np.float32(0.934), np.float32(0.8463), np.float32(0.8505)] 
2026-09-11 23:08:52.064569: Epoch time: 48.44 s 
2026-09-11 23:08:55.687042:  
2026-09-11 23:08:55.699012: Epoch 800 
2026-09-11 23:08:55.713113: Current learning rate: 0.00235 
2026-09-11 23:09:44.060444: train_loss -0.887 
2026-09-11 23:09:44.069185: val_loss -0.8197 
2026-09-11 23:09:44.072835: Pseudo dice [np.float32(0.9314), np.float32(0.8587), np.float32(0.8696)] 
2026-09-11 23:09:44.076823: Epoch time: 48.37 s 
2026-09-11 23:09:45.191198:  
2026-09-11 23:09:45.201048: Epoch 801 
2026-09-11 23:09:45.203839: Current learning rate: 0.00234 
2026-09-11 23:10:33.421402: train_loss -0.8917 
2026-09-11 23:10:33.431096: val_loss -0.806 
2026-09-11 23:10:33.433800: Pseudo dice [np.float32(0.9301), np.float32(0.8158), np.float32(0.851)] 
2026-09-11 23:10:33.437534: Epoch time: 48.23 s 
2026-09-11 23:10:34.520954:  
2026-09-11 23:10:34.534507: Epoch 802 
2026-09-11 23:10:34.537207: Current learning rate: 0.00233 
2026-09-11 23:11:22.828278: train_loss -0.8946 
2026-09-11 23:11:22.837272: val_loss -0.8153 
2026-09-11 23:11:22.840804: Pseudo dice [np.float32(0.9321), np.float32(0.8507), np.float32(0.8578)] 
2026-09-11 23:11:22.844430: Epoch time: 48.31 s 
2026-09-11 23:11:23.927160:  
2026-09-11 23:11:23.941628: Epoch 803 
2026-09-11 23:11:23.944386: Current learning rate: 0.00232 
2026-09-11 23:12:12.457334: train_loss -0.8931 
2026-09-11 23:12:12.480896: val_loss -0.7973 
2026-09-11 23:12:12.490256: Pseudo dice [np.float32(0.9276), np.float32(0.8404), np.float32(0.8493)] 
2026-09-11 23:12:12.499310: Epoch time: 48.53 s 
2026-09-11 23:12:13.584800:  
2026-09-11 23:12:13.598154: Epoch 804 
2026-09-11 23:12:13.601748: Current learning rate: 0.00231 
2026-09-11 23:13:02.131212: train_loss -0.8927 
2026-09-11 23:13:02.139893: val_loss -0.8023 
2026-09-11 23:13:02.142609: Pseudo dice [np.float32(0.9359), np.float32(0.8443), np.float32(0.8606)] 
2026-09-11 23:13:02.145729: Epoch time: 48.55 s 
2026-09-11 23:13:03.235858:  
2026-09-11 23:13:03.249304: Epoch 805 
2026-09-11 23:13:03.252496: Current learning rate: 0.0023 
2026-09-11 23:13:52.042783: train_loss -0.8884 
2026-09-11 23:13:52.063118: val_loss -0.8174 
2026-09-11 23:13:52.071764: Pseudo dice [np.float32(0.9294), np.float32(0.8528), np.float32(0.849)] 
2026-09-11 23:13:52.080637: Epoch time: 48.81 s 
2026-09-11 23:13:53.185464:  
2026-09-11 23:13:53.215671: Epoch 806 
2026-09-11 23:13:53.237337: Current learning rate: 0.00229 
2026-09-11 23:14:41.709777: train_loss -0.8965 
2026-09-11 23:14:41.719689: val_loss -0.7899 
2026-09-11 23:14:41.722853: Pseudo dice [np.float32(0.9259), np.float32(0.8313), np.float32(0.8556)] 
2026-09-11 23:14:41.733322: Epoch time: 48.53 s 
2026-09-11 23:14:42.891191:  
2026-09-11 23:14:42.904150: Epoch 807 
2026-09-11 23:14:42.907094: Current learning rate: 0.00228 
2026-09-11 23:15:31.299321: train_loss -0.8962 
2026-09-11 23:15:31.311912: val_loss -0.8078 
2026-09-11 23:15:31.314722: Pseudo dice [np.float32(0.9331), np.float32(0.8447), np.float32(0.8612)] 
2026-09-11 23:15:31.317683: Epoch time: 48.41 s 
2026-09-11 23:15:32.386460:  
2026-09-11 23:15:32.400051: Epoch 808 
2026-09-11 23:15:32.411377: Current learning rate: 0.00226 
2026-09-11 23:16:20.927859: train_loss -0.8911 
2026-09-11 23:16:20.936467: val_loss -0.7999 
2026-09-11 23:16:20.939571: Pseudo dice [np.float32(0.9251), np.float32(0.827), np.float32(0.8338)] 
2026-09-11 23:16:20.943071: Epoch time: 48.54 s 
2026-09-11 23:16:22.875296:  
2026-09-11 23:16:22.878808: Epoch 809 
2026-09-11 23:16:22.882958: Current learning rate: 0.00225 
2026-09-11 23:17:11.320247: train_loss -0.8843 
2026-09-11 23:17:11.327594: val_loss -0.8099 
2026-09-11 23:17:11.330410: Pseudo dice [np.float32(0.926), np.float32(0.8469), np.float32(0.8629)] 
2026-09-11 23:17:11.333675: Epoch time: 48.45 s 
2026-09-11 23:17:12.397503:  
2026-09-11 23:17:12.410573: Epoch 810 
2026-09-11 23:17:12.413828: Current learning rate: 0.00224 
2026-09-11 23:18:00.641626: train_loss -0.8916 
2026-09-11 23:18:00.650081: val_loss -0.8045 
2026-09-11 23:18:00.653245: Pseudo dice [np.float32(0.931), np.float32(0.853), np.float32(0.8719)] 
2026-09-11 23:18:00.656289: Epoch time: 48.24 s 
2026-09-11 23:18:01.745724:  
2026-09-11 23:18:01.765613: Epoch 811 
2026-09-11 23:18:01.768555: Current learning rate: 0.00223 
2026-09-11 23:18:50.075424: train_loss -0.8952 
2026-09-11 23:18:50.084816: val_loss -0.8344 
2026-09-11 23:18:50.087623: Pseudo dice [np.float32(0.9303), np.float32(0.8731), np.float32(0.8613)] 
2026-09-11 23:18:50.090348: Epoch time: 48.33 s 
2026-09-11 23:18:51.177177:  
2026-09-11 23:18:51.192453: Epoch 812 
2026-09-11 23:18:51.195066: Current learning rate: 0.00222 
2026-09-11 23:19:39.448196: train_loss -0.8954 
2026-09-11 23:19:39.470499: val_loss -0.8354 
2026-09-11 23:19:39.480380: Pseudo dice [np.float32(0.9304), np.float32(0.8614), np.float32(0.8458)] 
2026-09-11 23:19:39.485941: Epoch time: 48.27 s 
2026-09-11 23:19:40.622067:  
2026-09-11 23:19:40.657703: Epoch 813 
2026-09-11 23:19:40.667018: Current learning rate: 0.00221 
2026-09-11 23:20:29.006689: train_loss -0.8915 
2026-09-11 23:20:29.019890: val_loss -0.8265 
2026-09-11 23:20:29.022897: Pseudo dice [np.float32(0.9283), np.float32(0.8626), np.float32(0.8635)] 
2026-09-11 23:20:29.026123: Epoch time: 48.39 s 
2026-09-11 23:20:30.121266:  
2026-09-11 23:20:30.143615: Epoch 814 
2026-09-11 23:20:30.146515: Current learning rate: 0.0022 
2026-09-11 23:21:18.545742: train_loss -0.8936 
2026-09-11 23:21:18.555146: val_loss -0.808 
2026-09-11 23:21:18.558311: Pseudo dice [np.float32(0.9287), np.float32(0.8452), np.float32(0.8361)] 
2026-09-11 23:21:18.561562: Epoch time: 48.43 s 
2026-09-11 23:21:19.687798:  
2026-09-11 23:21:19.702036: Epoch 815 
2026-09-11 23:21:19.705309: Current learning rate: 0.00219 
2026-09-11 23:22:07.957297: train_loss -0.8926 
2026-09-11 23:22:07.966267: val_loss -0.821 
2026-09-11 23:22:07.969810: Pseudo dice [np.float32(0.9272), np.float32(0.86), np.float32(0.842)] 
2026-09-11 23:22:07.973445: Epoch time: 48.27 s 
2026-09-11 23:22:09.051669:  
2026-09-11 23:22:09.066790: Epoch 816 
2026-09-11 23:22:09.070449: Current learning rate: 0.00218 
2026-09-11 23:22:57.556037: train_loss -0.8933 
2026-09-11 23:22:57.564014: val_loss -0.8085 
2026-09-11 23:22:57.567717: Pseudo dice [np.float32(0.931), np.float32(0.8377), np.float32(0.8646)] 
2026-09-11 23:22:57.571332: Epoch time: 48.51 s 
2026-09-11 23:22:58.670193:  
2026-09-11 23:22:58.679543: Epoch 817 
2026-09-11 23:22:58.683094: Current learning rate: 0.00217 
2026-09-11 23:23:47.149821: train_loss -0.8881 
2026-09-11 23:23:47.158388: val_loss -0.8209 
2026-09-11 23:23:47.161470: Pseudo dice [np.float32(0.9231), np.float32(0.861), np.float32(0.8453)] 
2026-09-11 23:23:47.164479: Epoch time: 48.48 s 
2026-09-11 23:23:48.277659:  
2026-09-11 23:23:48.285695: Epoch 818 
2026-09-11 23:23:48.288586: Current learning rate: 0.00216 
2026-09-11 23:24:36.542543: train_loss -0.8954 
2026-09-11 23:24:36.550620: val_loss -0.7787 
2026-09-11 23:24:36.554031: Pseudo dice [np.float32(0.9229), np.float32(0.8199), np.float32(0.8271)] 
2026-09-11 23:24:36.557210: Epoch time: 48.27 s 
2026-09-11 23:24:37.663430:  
2026-09-11 23:24:37.672485: Epoch 819 
2026-09-11 23:24:37.675660: Current learning rate: 0.00215 
2026-09-11 23:25:26.305291: train_loss -0.8995 
2026-09-11 23:25:26.313479: val_loss -0.8037 
2026-09-11 23:25:26.316565: Pseudo dice [np.float32(0.9291), np.float32(0.8514), np.float32(0.8651)] 
2026-09-11 23:25:26.319633: Epoch time: 48.64 s 
2026-09-11 23:25:27.386098:  
2026-09-11 23:25:27.398685: Epoch 820 
2026-09-11 23:25:27.402536: Current learning rate: 0.00214 
2026-09-11 23:26:15.831988: train_loss -0.8976 
2026-09-11 23:26:15.839692: val_loss -0.8323 
2026-09-11 23:26:15.842689: Pseudo dice [np.float32(0.9367), np.float32(0.8549), np.float32(0.8528)] 
2026-09-11 23:26:15.845425: Epoch time: 48.45 s 
2026-09-11 23:26:16.906495:  
2026-09-11 23:26:16.918027: Epoch 821 
2026-09-11 23:26:16.921238: Current learning rate: 0.00213 
2026-09-11 23:27:06.191329: train_loss -0.8879 
2026-09-11 23:27:06.199448: val_loss -0.7716 
2026-09-11 23:27:06.202423: Pseudo dice [np.float32(0.927), np.float32(0.8342), np.float32(0.862)] 
2026-09-11 23:27:06.205564: Epoch time: 49.29 s 
2026-09-11 23:27:07.365262:  
2026-09-11 23:27:07.407877: Epoch 822 
2026-09-11 23:27:07.415758: Current learning rate: 0.00212 
2026-09-11 23:27:56.279085: train_loss -0.894 
2026-09-11 23:27:56.286277: val_loss -0.8071 
2026-09-11 23:27:56.288581: Pseudo dice [np.float32(0.9331), np.float32(0.8462), np.float32(0.8481)] 
2026-09-11 23:27:56.291394: Epoch time: 48.92 s 
2026-09-11 23:27:57.327368:  
2026-09-11 23:27:57.341367: Epoch 823 
2026-09-11 23:27:57.344280: Current learning rate: 0.0021 
2026-09-11 23:28:45.699255: train_loss -0.8942 
2026-09-11 23:28:45.708100: val_loss -0.8202 
2026-09-11 23:28:45.710972: Pseudo dice [np.float32(0.9388), np.float32(0.8469), np.float32(0.8449)] 
2026-09-11 23:28:45.714473: Epoch time: 48.37 s 
2026-09-11 23:28:46.801063:  
2026-09-11 23:28:46.812770: Epoch 824 
2026-09-11 23:28:46.815808: Current learning rate: 0.00209 
2026-09-11 23:29:35.278712: train_loss -0.8972 
2026-09-11 23:29:35.287072: val_loss -0.859 
2026-09-11 23:29:35.290014: Pseudo dice [np.float32(0.9362), np.float32(0.895), np.float32(0.8719)] 
2026-09-11 23:29:35.292960: Epoch time: 48.48 s 
2026-09-11 23:29:36.353767:  
2026-09-11 23:29:36.360775: Epoch 825 
2026-09-11 23:29:36.363186: Current learning rate: 0.00208 
2026-09-11 23:30:25.201167: train_loss -0.8936 
2026-09-11 23:30:25.209435: val_loss -0.8429 
2026-09-11 23:30:25.212961: Pseudo dice [np.float32(0.9378), np.float32(0.8911), np.float32(0.8543)] 
2026-09-11 23:30:25.216366: Epoch time: 48.85 s 
2026-09-11 23:30:26.290964:  
2026-09-11 23:30:26.305017: Epoch 826 
2026-09-11 23:30:26.308124: Current learning rate: 0.00207 
2026-09-11 23:31:14.624233: train_loss -0.8903 
2026-09-11 23:31:14.634709: val_loss -0.7983 
2026-09-11 23:31:14.639027: Pseudo dice [np.float32(0.9314), np.float32(0.8466), np.float32(0.8432)] 
2026-09-11 23:31:14.643040: Epoch time: 48.33 s 
2026-09-11 23:31:15.726309:  
2026-09-11 23:31:15.740730: Epoch 827 
2026-09-11 23:31:15.744047: Current learning rate: 0.00206 
2026-09-11 23:32:04.614972: train_loss -0.893 
2026-09-11 23:32:04.623674: val_loss -0.8409 
2026-09-11 23:32:04.627128: Pseudo dice [np.float32(0.9327), np.float32(0.8703), np.float32(0.8378)] 
2026-09-11 23:32:04.631309: Epoch time: 48.89 s 
2026-09-11 23:32:05.715422:  
2026-09-11 23:32:05.727328: Epoch 828 
2026-09-11 23:32:05.729832: Current learning rate: 0.00205 
2026-09-11 23:32:54.140162: train_loss -0.8966 
2026-09-11 23:32:54.152894: val_loss -0.8199 
2026-09-11 23:32:54.155524: Pseudo dice [np.float32(0.9308), np.float32(0.8463), np.float32(0.8715)] 
2026-09-11 23:32:54.158363: Epoch time: 48.43 s 
2026-09-11 23:32:56.026047:  
2026-09-11 23:32:56.029646: Epoch 829 
2026-09-11 23:32:56.032441: Current learning rate: 0.00204 
2026-09-11 23:33:44.597183: train_loss -0.8876 
2026-09-11 23:33:44.605860: val_loss -0.7985 
2026-09-11 23:33:44.608710: Pseudo dice [np.float32(0.9221), np.float32(0.8521), np.float32(0.8611)] 
2026-09-11 23:33:44.612068: Epoch time: 48.57 s 
2026-09-11 23:33:45.665026:  
2026-09-11 23:33:45.679467: Epoch 830 
2026-09-11 23:33:45.682348: Current learning rate: 0.00203 
2026-09-11 23:34:34.140965: train_loss -0.8926 
2026-09-11 23:34:34.148439: val_loss -0.8317 
2026-09-11 23:34:34.151344: Pseudo dice [np.float32(0.9321), np.float32(0.8643), np.float32(0.8565)] 
2026-09-11 23:34:34.154186: Epoch time: 48.48 s 
2026-09-11 23:34:35.186219:  
2026-09-11 23:34:35.211785: Epoch 831 
2026-09-11 23:34:35.222014: Current learning rate: 0.00202 
2026-09-11 23:35:23.877486: train_loss -0.8974 
2026-09-11 23:35:23.884950: val_loss -0.7709 
2026-09-11 23:35:23.888117: Pseudo dice [np.float32(0.9246), np.float32(0.8069), np.float32(0.8187)] 
2026-09-11 23:35:23.890963: Epoch time: 48.69 s 
2026-09-11 23:35:24.949683:  
2026-09-11 23:35:24.962301: Epoch 832 
2026-09-11 23:35:24.965575: Current learning rate: 0.00201 
2026-09-11 23:36:13.344859: train_loss -0.891 
2026-09-11 23:36:13.355429: val_loss -0.7925 
2026-09-11 23:36:13.358192: Pseudo dice [np.float32(0.9302), np.float32(0.8308), np.float32(0.8505)] 
2026-09-11 23:36:13.361363: Epoch time: 48.4 s 
2026-09-11 23:36:14.418190:  
2026-09-11 23:36:14.447312: Epoch 833 
2026-09-11 23:36:14.450413: Current learning rate: 0.002 
2026-09-11 23:37:03.055737: train_loss -0.8977 
2026-09-11 23:37:03.070429: val_loss -0.8077 
2026-09-11 23:37:03.077098: Pseudo dice [np.float32(0.9227), np.float32(0.8375), np.float32(0.8286)] 
2026-09-11 23:37:03.080757: Epoch time: 48.64 s 
2026-09-11 23:37:04.212372:  
2026-09-11 23:37:04.225855: Epoch 834 
2026-09-11 23:37:04.228498: Current learning rate: 0.00199 
2026-09-11 23:37:52.763694: train_loss -0.8906 
2026-09-11 23:37:52.772108: val_loss -0.8047 
2026-09-11 23:37:52.775628: Pseudo dice [np.float32(0.928), np.float32(0.833), np.float32(0.8457)] 
2026-09-11 23:37:52.778879: Epoch time: 48.55 s 
2026-09-11 23:37:53.817059:  
2026-09-11 23:37:53.829477: Epoch 835 
2026-09-11 23:37:53.833155: Current learning rate: 0.00198 
2026-09-11 23:38:43.066768: train_loss -0.8925 
2026-09-11 23:38:43.074520: val_loss -0.8465 
2026-09-11 23:38:43.077712: Pseudo dice [np.float32(0.9345), np.float32(0.8924), np.float32(0.8592)] 
2026-09-11 23:38:43.080814: Epoch time: 49.25 s 
2026-09-11 23:38:44.194237:  
2026-09-11 23:38:44.206593: Epoch 836 
2026-09-11 23:38:44.209286: Current learning rate: 0.00196 
2026-09-11 23:39:32.670622: train_loss -0.8901 
2026-09-11 23:39:32.681291: val_loss -0.8106 
2026-09-11 23:39:32.684504: Pseudo dice [np.float32(0.928), np.float32(0.8414), np.float32(0.8516)] 
2026-09-11 23:39:32.687415: Epoch time: 48.48 s 
2026-09-11 23:39:33.705796:  
2026-09-11 23:39:33.719314: Epoch 837 
2026-09-11 23:39:33.721944: Current learning rate: 0.00195 
2026-09-11 23:40:22.015715: train_loss -0.8972 
2026-09-11 23:40:22.501208: val_loss -0.783 
2026-09-11 23:40:22.509952: Pseudo dice [np.float32(0.9302), np.float32(0.8171), np.float32(0.8529)] 
2026-09-11 23:40:22.519239: Epoch time: 48.31 s 
2026-09-11 23:40:23.647956:  
2026-09-11 23:40:23.672480: Epoch 838 
2026-09-11 23:40:23.681748: Current learning rate: 0.00194 
2026-09-11 23:41:12.718026: train_loss -0.8956 
2026-09-11 23:41:12.735735: val_loss -0.785 
2026-09-11 23:41:12.738873: Pseudo dice [np.float32(0.9291), np.float32(0.8284), np.float32(0.8549)] 
2026-09-11 23:41:12.742574: Epoch time: 49.07 s 
2026-09-11 23:41:13.912267:  
2026-09-11 23:41:13.924667: Epoch 839 
2026-09-11 23:41:13.927982: Current learning rate: 0.00193 
2026-09-11 23:42:02.650029: train_loss -0.8932 
2026-09-11 23:42:02.658199: val_loss -0.7852 
2026-09-11 23:42:02.661387: Pseudo dice [np.float32(0.9258), np.float32(0.8219), np.float32(0.8549)] 
2026-09-11 23:42:02.665363: Epoch time: 48.74 s 
2026-09-11 23:42:03.712314:  
2026-09-11 23:42:03.724176: Epoch 840 
2026-09-11 23:42:03.727373: Current learning rate: 0.00192 
2026-09-11 23:42:52.307557: train_loss -0.8902 
2026-09-11 23:42:52.317273: val_loss -0.812 
2026-09-11 23:42:52.321324: Pseudo dice [np.float32(0.9241), np.float32(0.8356), np.float32(0.8495)] 
2026-09-11 23:42:52.325658: Epoch time: 48.6 s 
2026-09-11 23:42:53.392407:  
2026-09-11 23:42:53.408461: Epoch 841 
2026-09-11 23:42:53.412295: Current learning rate: 0.00191 
2026-09-11 23:43:41.859480: train_loss -0.8849 
2026-09-11 23:43:41.869278: val_loss -0.8008 
2026-09-11 23:43:41.872339: Pseudo dice [np.float32(0.9259), np.float32(0.8546), np.float32(0.8592)] 
2026-09-11 23:43:41.875392: Epoch time: 48.47 s 
2026-09-11 23:43:42.895694:  
2026-09-11 23:43:42.909390: Epoch 842 
2026-09-11 23:43:42.912011: Current learning rate: 0.0019 
2026-09-11 23:44:31.836619: train_loss -0.8921 
2026-09-11 23:44:31.845900: val_loss -0.8242 
2026-09-11 23:44:31.848702: Pseudo dice [np.float32(0.9319), np.float32(0.8712), np.float32(0.8709)] 
2026-09-11 23:44:31.851825: Epoch time: 48.94 s 
2026-09-11 23:44:32.958664:  
2026-09-11 23:44:32.971557: Epoch 843 
2026-09-11 23:44:32.974894: Current learning rate: 0.00189 
2026-09-11 23:45:21.913084: train_loss -0.8942 
2026-09-11 23:45:21.923444: val_loss -0.8128 
2026-09-11 23:45:21.927257: Pseudo dice [np.float32(0.9318), np.float32(0.8402), np.float32(0.8606)] 
2026-09-11 23:45:21.930283: Epoch time: 48.96 s 
2026-09-11 23:45:22.989783:  
2026-09-11 23:45:22.999748: Epoch 844 
2026-09-11 23:45:23.002614: Current learning rate: 0.00188 
2026-09-11 23:46:11.235810: train_loss -0.8917 
2026-09-11 23:46:11.242624: val_loss -0.8115 
2026-09-11 23:46:11.245930: Pseudo dice [np.float32(0.9316), np.float32(0.843), np.float32(0.8272)] 
2026-09-11 23:46:11.249059: Epoch time: 48.25 s 
2026-09-11 23:46:12.309563:  
2026-09-11 23:46:12.319249: Epoch 845 
2026-09-11 23:46:12.321874: Current learning rate: 0.00187 
2026-09-11 23:47:00.887128: train_loss -0.8931 
2026-09-11 23:47:00.897803: val_loss -0.8004 
2026-09-11 23:47:00.901062: Pseudo dice [np.float32(0.9297), np.float32(0.8299), np.float32(0.848)] 
2026-09-11 23:47:00.904454: Epoch time: 48.58 s 
2026-09-11 23:47:01.975611:  
2026-09-11 23:47:01.983920: Epoch 846 
2026-09-11 23:47:01.986893: Current learning rate: 0.00186 
2026-09-11 23:47:50.273171: train_loss -0.8846 
2026-09-11 23:47:50.304277: val_loss -0.8056 
2026-09-11 23:47:50.317515: Pseudo dice [np.float32(0.9242), np.float32(0.8571), np.float32(0.8533)] 
2026-09-11 23:47:50.330528: Epoch time: 48.3 s 
2026-09-11 23:47:51.406903:  
2026-09-11 23:47:51.415741: Epoch 847 
2026-09-11 23:47:51.418887: Current learning rate: 0.00185 
2026-09-11 23:48:39.910578: train_loss -0.8891 
2026-09-11 23:48:39.919476: val_loss -0.8196 
2026-09-11 23:48:39.922593: Pseudo dice [np.float32(0.9331), np.float32(0.8538), np.float32(0.856)] 
2026-09-11 23:48:39.926088: Epoch time: 48.5 s 
2026-09-11 23:48:41.009423:  
2026-09-11 23:48:41.025425: Epoch 848 
2026-09-11 23:48:41.028484: Current learning rate: 0.00184 
2026-09-11 23:49:29.627210: train_loss -0.8902 
2026-09-11 23:49:29.635509: val_loss -0.7853 
2026-09-11 23:49:29.638976: Pseudo dice [np.float32(0.9303), np.float32(0.8236), np.float32(0.8462)] 
2026-09-11 23:49:29.642193: Epoch time: 48.62 s 
2026-09-11 23:49:30.680602:  
2026-09-11 23:49:30.690010: Epoch 849 
2026-09-11 23:49:30.693285: Current learning rate: 0.00182 
2026-09-11 23:50:19.431193: train_loss -0.8924 
2026-09-11 23:50:19.439969: val_loss -0.8203 
2026-09-11 23:50:19.443030: Pseudo dice [np.float32(0.9323), np.float32(0.8341), np.float32(0.8279)] 
2026-09-11 23:50:19.446224: Epoch time: 48.75 s 
2026-09-11 23:50:23.631985:  
2026-09-11 23:50:23.636827: Epoch 850 
2026-09-11 23:50:23.641804: Current learning rate: 0.00181 
2026-09-11 23:51:11.952021: train_loss -0.8915 
2026-09-11 23:51:11.973975: val_loss -0.8044 
2026-09-11 23:51:11.983231: Pseudo dice [np.float32(0.9275), np.float32(0.8233), np.float32(0.841)] 
2026-09-11 23:51:11.992205: Epoch time: 48.32 s 
2026-09-11 23:51:13.110957:  
2026-09-11 23:51:13.144430: Epoch 851 
2026-09-11 23:51:13.152324: Current learning rate: 0.0018 
2026-09-11 23:52:01.633969: train_loss -0.8934 
2026-09-11 23:52:01.660458: val_loss -0.8371 
2026-09-11 23:52:01.671585: Pseudo dice [np.float32(0.9356), np.float32(0.8577), np.float32(0.864)] 
2026-09-11 23:52:01.680675: Epoch time: 48.52 s 
2026-09-11 23:52:02.704855:  
2026-09-11 23:52:02.724833: Epoch 852 
2026-09-11 23:52:02.735075: Current learning rate: 0.00179 
2026-09-11 23:52:51.143872: train_loss -0.8891 
2026-09-11 23:52:51.151954: val_loss -0.8016 
2026-09-11 23:52:51.154913: Pseudo dice [np.float32(0.9291), np.float32(0.8336), np.float32(0.8555)] 
2026-09-11 23:52:51.158127: Epoch time: 48.44 s 
2026-09-11 23:52:52.180599:  
2026-09-11 23:52:52.190100: Epoch 853 
2026-09-11 23:52:52.193363: Current learning rate: 0.00178 
2026-09-11 23:53:40.901552: train_loss -0.8908 
2026-09-11 23:53:40.924464: val_loss -0.7877 
2026-09-11 23:53:40.934670: Pseudo dice [np.float32(0.9304), np.float32(0.8093), np.float32(0.8363)] 
2026-09-11 23:53:40.944882: Epoch time: 48.72 s 
2026-09-11 23:53:42.059899:  
2026-09-11 23:53:42.084960: Epoch 854 
2026-09-11 23:53:42.093967: Current learning rate: 0.00177 
2026-09-11 23:54:30.906055: train_loss -0.8902 
2026-09-11 23:54:30.913924: val_loss -0.8028 
2026-09-11 23:54:30.916934: Pseudo dice [np.float32(0.9297), np.float32(0.8374), np.float32(0.8414)] 
2026-09-11 23:54:30.920312: Epoch time: 48.85 s 
2026-09-11 23:54:32.006072:  
2026-09-11 23:54:32.018824: Epoch 855 
2026-09-11 23:54:32.021135: Current learning rate: 0.00176 
2026-09-11 23:55:20.911557: train_loss -0.8994 
2026-09-11 23:55:20.920635: val_loss -0.7658 
2026-09-11 23:55:20.924436: Pseudo dice [np.float32(0.9324), np.float32(0.8067), np.float32(0.8376)] 
2026-09-11 23:55:20.927773: Epoch time: 48.91 s 
2026-09-11 23:55:22.020414:  
2026-09-11 23:55:22.035669: Epoch 856 
2026-09-11 23:55:22.038658: Current learning rate: 0.00175 
2026-09-11 23:56:10.769592: train_loss -0.8953 
2026-09-11 23:56:10.800710: val_loss -0.8304 
2026-09-11 23:56:10.814808: Pseudo dice [np.float32(0.9305), np.float32(0.8662), np.float32(0.8561)] 
2026-09-11 23:56:10.828467: Epoch time: 48.75 s 
2026-09-11 23:56:11.888615:  
2026-09-11 23:56:11.924458: Epoch 857 
2026-09-11 23:56:11.933722: Current learning rate: 0.00174 
2026-09-11 23:57:00.816379: train_loss -0.8814 
2026-09-11 23:57:00.824116: val_loss -0.7866 
2026-09-11 23:57:00.827081: Pseudo dice [np.float32(0.9264), np.float32(0.8153), np.float32(0.8333)] 
2026-09-11 23:57:00.830098: Epoch time: 48.93 s 
2026-09-11 23:57:01.845224:  
2026-09-11 23:57:01.857655: Epoch 858 
2026-09-11 23:57:01.860471: Current learning rate: 0.00173 
2026-09-11 23:57:50.509065: train_loss -0.9019 
2026-09-11 23:57:50.517410: val_loss -0.7992 
2026-09-11 23:57:50.520959: Pseudo dice [np.float32(0.9243), np.float32(0.8314), np.float32(0.8486)] 
2026-09-11 23:57:50.524132: Epoch time: 48.66 s 
2026-09-11 23:57:51.569297:  
2026-09-11 23:57:51.578128: Epoch 859 
2026-09-11 23:57:51.581245: Current learning rate: 0.00172 
2026-09-11 23:58:40.409436: train_loss -0.894 
2026-09-11 23:58:40.427502: val_loss -0.8355 
2026-09-11 23:58:40.434575: Pseudo dice [np.float32(0.9316), np.float32(0.8697), np.float32(0.8756)] 
2026-09-11 23:58:40.441837: Epoch time: 48.84 s 
2026-09-11 23:58:41.485690:  
2026-09-11 23:58:41.508134: Epoch 860 
2026-09-11 23:58:41.517100: Current learning rate: 0.0017 
2026-09-11 23:59:30.013848: train_loss -0.8935 
2026-09-11 23:59:30.023942: val_loss -0.8246 
2026-09-11 23:59:30.027681: Pseudo dice [np.float32(0.9281), np.float32(0.8552), np.float32(0.8551)] 
2026-09-11 23:59:30.031543: Epoch time: 48.53 s 
2026-09-11 23:59:31.077488:  
2026-09-11 23:59:31.087629: Epoch 861 
2026-09-11 23:59:31.091529: Current learning rate: 0.00169 
2026-09-12 00:00:19.766370: train_loss -0.8978 
2026-09-12 00:00:19.787370: val_loss -0.8244 
2026-09-12 00:00:19.796627: Pseudo dice [np.float32(0.9297), np.float32(0.8697), np.float32(0.8628)] 
2026-09-12 00:00:19.806779: Epoch time: 48.69 s 
2026-09-12 00:00:20.876545:  
2026-09-12 00:00:20.894321: Epoch 862 
2026-09-12 00:00:20.902176: Current learning rate: 0.00168 
2026-09-12 00:01:09.392314: train_loss -0.8927 
2026-09-12 00:01:09.400826: val_loss -0.817 
2026-09-12 00:01:09.404121: Pseudo dice [np.float32(0.9305), np.float32(0.8353), np.float32(0.8447)] 
2026-09-12 00:01:09.406844: Epoch time: 48.52 s 
2026-09-12 00:01:10.441696:  
2026-09-12 00:01:10.455435: Epoch 863 
2026-09-12 00:01:10.457927: Current learning rate: 0.00167 
2026-09-12 00:01:58.804553: train_loss -0.8851 
2026-09-12 00:01:58.812683: val_loss -0.7803 
2026-09-12 00:01:58.815795: Pseudo dice [np.float32(0.9327), np.float32(0.8204), np.float32(0.8377)] 
2026-09-12 00:01:58.818542: Epoch time: 48.36 s 
2026-09-12 00:01:59.846586:  
2026-09-12 00:01:59.859442: Epoch 864 
2026-09-12 00:01:59.863629: Current learning rate: 0.00166 
2026-09-12 00:02:48.626044: train_loss -0.8914 
2026-09-12 00:02:48.634419: val_loss -0.8128 
2026-09-12 00:02:48.637687: Pseudo dice [np.float32(0.9363), np.float32(0.8642), np.float32(0.8766)] 
2026-09-12 00:02:48.640564: Epoch time: 48.78 s 
2026-09-12 00:02:49.671344:  
2026-09-12 00:02:49.680238: Epoch 865 
2026-09-12 00:02:49.683518: Current learning rate: 0.00165 
2026-09-12 00:03:38.774081: train_loss -0.8985 
2026-09-12 00:03:38.784899: val_loss -0.8132 
2026-09-12 00:03:38.788505: Pseudo dice [np.float32(0.9272), np.float32(0.8173), np.float32(0.8347)] 
2026-09-12 00:03:38.793440: Epoch time: 49.1 s 
2026-09-12 00:03:39.873950:  
2026-09-12 00:03:39.883901: Epoch 866 
2026-09-12 00:03:39.886821: Current learning rate: 0.00164 
2026-09-12 00:04:28.402705: train_loss -0.9021 
2026-09-12 00:04:28.411422: val_loss -0.8263 
2026-09-12 00:04:28.414378: Pseudo dice [np.float32(0.9337), np.float32(0.8536), np.float32(0.8703)] 
2026-09-12 00:04:28.417881: Epoch time: 48.53 s 
2026-09-12 00:04:29.476135:  
2026-09-12 00:04:29.485970: Epoch 867 
2026-09-12 00:04:29.489209: Current learning rate: 0.00163 
2026-09-12 00:05:17.984239: train_loss -0.894 
2026-09-12 00:05:17.992114: val_loss -0.8117 
2026-09-12 00:05:17.994721: Pseudo dice [np.float32(0.9298), np.float32(0.8602), np.float32(0.8381)] 
2026-09-12 00:05:17.997693: Epoch time: 48.51 s 
2026-09-12 00:05:19.015278:  
2026-09-12 00:05:19.027965: Epoch 868 
2026-09-12 00:05:19.030468: Current learning rate: 0.00162 
2026-09-12 00:06:07.411305: train_loss -0.8976 
2026-09-12 00:06:07.424854: val_loss -0.7924 
2026-09-12 00:06:07.427573: Pseudo dice [np.float32(0.9311), np.float32(0.8469), np.float32(0.8611)] 
2026-09-12 00:06:07.430102: Epoch time: 48.4 s 
2026-09-12 00:06:08.486761:  
2026-09-12 00:06:08.499758: Epoch 869 
2026-09-12 00:06:08.502305: Current learning rate: 0.00161 
2026-09-12 00:06:57.391550: train_loss -0.8951 
2026-09-12 00:06:57.400630: val_loss -0.8292 
2026-09-12 00:06:57.403483: Pseudo dice [np.float32(0.9379), np.float32(0.8762), np.float32(0.8646)] 
2026-09-12 00:06:57.406448: Epoch time: 48.91 s 
2026-09-12 00:06:58.432791:  
2026-09-12 00:06:58.447110: Epoch 870 
2026-09-12 00:06:58.449376: Current learning rate: 0.00159 
2026-09-12 00:07:47.052605: train_loss -0.8996 
2026-09-12 00:07:47.060693: val_loss -0.7844 
2026-09-12 00:07:47.063807: Pseudo dice [np.float32(0.9318), np.float32(0.8426), np.float32(0.8701)] 
2026-09-12 00:07:47.067169: Epoch time: 48.62 s 
2026-09-12 00:07:48.913796:  
2026-09-12 00:07:48.917304: Epoch 871 
2026-09-12 00:07:48.920961: Current learning rate: 0.00158 
2026-09-12 00:08:37.455320: train_loss -0.9029 
2026-09-12 00:08:37.462820: val_loss -0.8254 
2026-09-12 00:08:37.465432: Pseudo dice [np.float32(0.929), np.float32(0.8426), np.float32(0.8416)] 
2026-09-12 00:08:37.468845: Epoch time: 48.54 s 
2026-09-12 00:08:38.520963:  
2026-09-12 00:08:38.531021: Epoch 872 
2026-09-12 00:08:38.534006: Current learning rate: 0.00157 
2026-09-12 00:09:27.220781: train_loss -0.8982 
2026-09-12 00:09:27.230512: val_loss -0.8083 
2026-09-12 00:09:27.234683: Pseudo dice [np.float32(0.9245), np.float32(0.8173), np.float32(0.8575)] 
2026-09-12 00:09:27.238640: Epoch time: 48.7 s 
2026-09-12 00:09:28.265336:  
2026-09-12 00:09:28.275712: Epoch 873 
2026-09-12 00:09:28.280558: Current learning rate: 0.00156 
2026-09-12 00:10:16.795523: train_loss -0.8985 
2026-09-12 00:10:16.805589: val_loss -0.837 
2026-09-12 00:10:16.808894: Pseudo dice [np.float32(0.9303), np.float32(0.8632), np.float32(0.8587)] 
2026-09-12 00:10:16.812369: Epoch time: 48.53 s 
2026-09-12 00:10:17.907837:  
2026-09-12 00:10:17.914754: Epoch 874 
2026-09-12 00:10:17.918339: Current learning rate: 0.00155 
2026-09-12 00:11:06.990940: train_loss -0.8971 
2026-09-12 00:11:07.011408: val_loss -0.8082 
2026-09-12 00:11:07.020149: Pseudo dice [np.float32(0.9298), np.float32(0.831), np.float32(0.8232)] 
2026-09-12 00:11:07.029185: Epoch time: 49.09 s 
2026-09-12 00:11:08.124335:  
2026-09-12 00:11:08.153553: Epoch 875 
2026-09-12 00:11:08.160687: Current learning rate: 0.00154 
2026-09-12 00:11:56.447723: train_loss -0.8977 
2026-09-12 00:11:56.457775: val_loss -0.7897 
2026-09-12 00:11:56.461186: Pseudo dice [np.float32(0.929), np.float32(0.7941), np.float32(0.8408)] 
2026-09-12 00:11:56.464510: Epoch time: 48.32 s 
2026-09-12 00:11:57.501858:  
2026-09-12 00:11:57.516032: Epoch 876 
2026-09-12 00:11:57.518455: Current learning rate: 0.00153 
2026-09-12 00:12:46.189389: train_loss -0.8974 
2026-09-12 00:12:46.199887: val_loss -0.8116 
2026-09-12 00:12:46.203177: Pseudo dice [np.float32(0.9323), np.float32(0.8335), np.float32(0.8526)] 
2026-09-12 00:12:46.207047: Epoch time: 48.69 s 
2026-09-12 00:12:47.258031:  
2026-09-12 00:12:47.270027: Epoch 877 
2026-09-12 00:12:47.273232: Current learning rate: 0.00152 
2026-09-12 00:13:35.574297: train_loss -0.8997 
2026-09-12 00:13:35.582353: val_loss -0.7993 
2026-09-12 00:13:35.587378: Pseudo dice [np.float32(0.9313), np.float32(0.824), np.float32(0.8621)] 
2026-09-12 00:13:35.592317: Epoch time: 48.32 s 
2026-09-12 00:13:36.611265:  
2026-09-12 00:13:36.623775: Epoch 878 
2026-09-12 00:13:36.626733: Current learning rate: 0.00151 
2026-09-12 00:14:25.208770: train_loss -0.9014 
2026-09-12 00:14:25.219742: val_loss -0.7939 
2026-09-12 00:14:25.223670: Pseudo dice [np.float32(0.9298), np.float32(0.8322), np.float32(0.8505)] 
2026-09-12 00:14:25.227775: Epoch time: 48.6 s 
2026-09-12 00:14:26.411485:  
2026-09-12 00:14:26.427093: Epoch 879 
2026-09-12 00:14:26.431219: Current learning rate: 0.00149 
2026-09-12 00:15:15.083824: train_loss -0.8973 
2026-09-12 00:15:15.092049: val_loss -0.8452 
2026-09-12 00:15:15.095255: Pseudo dice [np.float32(0.9326), np.float32(0.8824), np.float32(0.8687)] 
2026-09-12 00:15:15.099090: Epoch time: 48.67 s 
2026-09-12 00:15:16.150982:  
2026-09-12 00:15:16.158785: Epoch 880 
2026-09-12 00:15:16.161699: Current learning rate: 0.00148 
2026-09-12 00:16:04.420338: train_loss -0.9003 
2026-09-12 00:16:04.430190: val_loss -0.8157 
2026-09-12 00:16:04.433074: Pseudo dice [np.float32(0.9322), np.float32(0.852), np.float32(0.8707)] 
2026-09-12 00:16:04.436359: Epoch time: 48.27 s 
2026-09-12 00:16:05.494336:  
2026-09-12 00:16:05.504573: Epoch 881 
2026-09-12 00:16:05.507144: Current learning rate: 0.00147 
2026-09-12 00:16:53.877347: train_loss -0.9038 
2026-09-12 00:16:53.886483: val_loss -0.7852 
2026-09-12 00:16:53.889680: Pseudo dice [np.float32(0.9256), np.float32(0.8111), np.float32(0.8386)] 
2026-09-12 00:16:53.892424: Epoch time: 48.38 s 
2026-09-12 00:16:54.932549:  
2026-09-12 00:16:54.945866: Epoch 882 
2026-09-12 00:16:54.948915: Current learning rate: 0.00146 
2026-09-12 00:17:43.206974: train_loss -0.8918 
2026-09-12 00:17:43.215770: val_loss -0.811 
2026-09-12 00:17:43.219354: Pseudo dice [np.float32(0.9366), np.float32(0.8539), np.float32(0.8567)] 
2026-09-12 00:17:43.222269: Epoch time: 48.28 s 
2026-09-12 00:17:44.250381:  
2026-09-12 00:17:44.264135: Epoch 883 
2026-09-12 00:17:44.267039: Current learning rate: 0.00145 
2026-09-12 00:18:33.767083: train_loss -0.8986 
2026-09-12 00:18:33.775206: val_loss -0.8116 
2026-09-12 00:18:33.778352: Pseudo dice [np.float32(0.9287), np.float32(0.867), np.float32(0.8515)] 
2026-09-12 00:18:33.781064: Epoch time: 49.52 s 
2026-09-12 00:18:34.874710:  
2026-09-12 00:18:34.885753: Epoch 884 
2026-09-12 00:18:34.888664: Current learning rate: 0.00144 
2026-09-12 00:19:23.174835: train_loss -0.9003 
2026-09-12 00:19:23.182887: val_loss -0.8231 
2026-09-12 00:19:23.185395: Pseudo dice [np.float32(0.9297), np.float32(0.8473), np.float32(0.8443)] 
2026-09-12 00:19:23.188572: Epoch time: 48.3 s 
2026-09-12 00:19:24.211494:  
2026-09-12 00:19:24.225742: Epoch 885 
2026-09-12 00:19:24.228906: Current learning rate: 0.00143 
2026-09-12 00:20:12.696692: train_loss -0.895 
2026-09-12 00:20:12.705871: val_loss -0.82 
2026-09-12 00:20:12.709143: Pseudo dice [np.float32(0.9365), np.float32(0.8483), np.float32(0.861)] 
2026-09-12 00:20:12.712492: Epoch time: 48.49 s 
2026-09-12 00:20:13.761794:  
2026-09-12 00:20:13.781622: Epoch 886 
2026-09-12 00:20:13.784303: Current learning rate: 0.00142 
2026-09-12 00:21:02.334531: train_loss -0.8992 
2026-09-12 00:21:02.343673: val_loss -0.7886 
2026-09-12 00:21:02.346695: Pseudo dice [np.float32(0.9267), np.float32(0.8162), np.float32(0.8439)] 
2026-09-12 00:21:02.349473: Epoch time: 48.57 s 
2026-09-12 00:21:03.456877:  
2026-09-12 00:21:03.469733: Epoch 887 
2026-09-12 00:21:03.473012: Current learning rate: 0.00141 
2026-09-12 00:21:51.899085: train_loss -0.8964 
2026-09-12 00:21:51.923070: val_loss -0.8179 
2026-09-12 00:21:51.935530: Pseudo dice [np.float32(0.9311), np.float32(0.836), np.float32(0.8557)] 
2026-09-12 00:21:51.946462: Epoch time: 48.44 s 
2026-09-12 00:21:53.035813:  
2026-09-12 00:21:53.090250: Epoch 888 
2026-09-12 00:21:53.103878: Current learning rate: 0.00139 
2026-09-12 00:22:41.757212: train_loss -0.9005 
2026-09-12 00:22:41.770952: val_loss -0.8142 
2026-09-12 00:22:41.773753: Pseudo dice [np.float32(0.932), np.float32(0.8417), np.float32(0.8361)] 
2026-09-12 00:22:41.776902: Epoch time: 48.72 s 
2026-09-12 00:22:42.852539:  
2026-09-12 00:22:42.866004: Epoch 889 
2026-09-12 00:22:42.869181: Current learning rate: 0.00138 
2026-09-12 00:23:31.407553: train_loss -0.8935 
2026-09-12 00:23:31.428756: val_loss -0.8238 
2026-09-12 00:23:31.437440: Pseudo dice [np.float32(0.9344), np.float32(0.8652), np.float32(0.8654)] 
2026-09-12 00:23:31.445623: Epoch time: 48.56 s 
2026-09-12 00:23:32.521404:  
2026-09-12 00:23:32.534041: Epoch 890 
2026-09-12 00:23:32.537175: Current learning rate: 0.00137 
2026-09-12 00:24:20.751844: train_loss -0.9085 
2026-09-12 00:24:20.759787: val_loss -0.8196 
2026-09-12 00:24:20.762965: Pseudo dice [np.float32(0.9302), np.float32(0.8526), np.float32(0.8473)] 
2026-09-12 00:24:20.766002: Epoch time: 48.23 s 
2026-09-12 00:24:21.785462:  
2026-09-12 00:24:21.794573: Epoch 891 
2026-09-12 00:24:21.798764: Current learning rate: 0.00136 
2026-09-12 00:25:10.746247: train_loss -0.8999 
2026-09-12 00:25:10.755159: val_loss -0.8114 
2026-09-12 00:25:10.758442: Pseudo dice [np.float32(0.93), np.float32(0.8519), np.float32(0.8554)] 
2026-09-12 00:25:10.761655: Epoch time: 48.96 s 
2026-09-12 00:25:12.473901:  
2026-09-12 00:25:12.477032: Epoch 892 
2026-09-12 00:25:12.480305: Current learning rate: 0.00135 
2026-09-12 00:26:00.818573: train_loss -0.9028 
2026-09-12 00:26:00.827841: val_loss -0.8109 
2026-09-12 00:26:00.830847: Pseudo dice [np.float32(0.933), np.float32(0.8536), np.float32(0.868)] 
2026-09-12 00:26:00.834458: Epoch time: 48.35 s 
2026-09-12 00:26:01.896880:  
2026-09-12 00:26:01.909797: Epoch 893 
2026-09-12 00:26:01.913121: Current learning rate: 0.00134 
2026-09-12 00:26:50.183334: train_loss -0.8981 
2026-09-12 00:26:50.194481: val_loss -0.8242 
2026-09-12 00:26:50.198323: Pseudo dice [np.float32(0.9285), np.float32(0.869), np.float32(0.8663)] 
2026-09-12 00:26:50.202075: Epoch time: 48.29 s 
2026-09-12 00:26:51.219536:  
2026-09-12 00:26:51.230973: Epoch 894 
2026-09-12 00:26:51.234569: Current learning rate: 0.00133 
2026-09-12 00:27:39.704823: train_loss -0.8937 
2026-09-12 00:27:39.714967: val_loss -0.792 
2026-09-12 00:27:39.718193: Pseudo dice [np.float32(0.9323), np.float32(0.8315), np.float32(0.8592)] 
2026-09-12 00:27:39.722817: Epoch time: 48.49 s 
2026-09-12 00:27:40.793154:  
2026-09-12 00:27:40.801693: Epoch 895 
2026-09-12 00:27:40.805174: Current learning rate: 0.00132 
2026-09-12 00:28:29.046351: train_loss -0.9028 
2026-09-12 00:28:29.054455: val_loss -0.802 
2026-09-12 00:28:29.058280: Pseudo dice [np.float32(0.926), np.float32(0.8304), np.float32(0.8582)] 
2026-09-12 00:28:29.061372: Epoch time: 48.25 s 
2026-09-12 00:28:30.092434:  
2026-09-12 00:28:30.107123: Epoch 896 
2026-09-12 00:28:30.110552: Current learning rate: 0.0013 
2026-09-12 00:29:18.576402: train_loss -0.9006 
2026-09-12 00:29:18.594333: val_loss -0.8331 
2026-09-12 00:29:18.603423: Pseudo dice [np.float32(0.9302), np.float32(0.8699), np.float32(0.859)] 
2026-09-12 00:29:18.611506: Epoch time: 48.48 s 
2026-09-12 00:29:19.721579:  
2026-09-12 00:29:19.734362: Epoch 897 
2026-09-12 00:29:19.737467: Current learning rate: 0.00129 
2026-09-12 00:30:08.241756: train_loss -0.9084 
2026-09-12 00:30:08.264767: val_loss -0.7709 
2026-09-12 00:30:08.274545: Pseudo dice [np.float32(0.9246), np.float32(0.82), np.float32(0.8542)] 
2026-09-12 00:30:08.284363: Epoch time: 48.52 s 
2026-09-12 00:30:09.368902:  
2026-09-12 00:30:09.389087: Epoch 898 
2026-09-12 00:30:09.396847: Current learning rate: 0.00128 
2026-09-12 00:30:57.755706: train_loss -0.8881 
2026-09-12 00:30:57.765278: val_loss -0.7924 
2026-09-12 00:30:57.791540: Pseudo dice [np.float32(0.9268), np.float32(0.8424), np.float32(0.8454)] 
2026-09-12 00:30:57.794728: Epoch time: 48.39 s 
2026-09-12 00:30:58.820945:  
2026-09-12 00:30:58.833061: Epoch 899 
2026-09-12 00:30:58.835910: Current learning rate: 0.00127 
2026-09-12 00:31:47.521453: train_loss -0.8935 
2026-09-12 00:31:47.532674: val_loss -0.801 
2026-09-12 00:31:47.535700: Pseudo dice [np.float32(0.9301), np.float32(0.8335), np.float32(0.8498)] 
2026-09-12 00:31:47.538507: Epoch time: 48.7 s 
2026-09-12 00:31:51.193040:  
2026-09-12 00:31:51.196169: Epoch 900 
2026-09-12 00:31:51.198841: Current learning rate: 0.00126 
2026-09-12 00:32:39.667165: train_loss -0.8977 
2026-09-12 00:32:39.674767: val_loss -0.831 
2026-09-12 00:32:39.677342: Pseudo dice [np.float32(0.9303), np.float32(0.8677), np.float32(0.8596)] 
2026-09-12 00:32:39.680135: Epoch time: 48.48 s 
2026-09-12 00:32:40.711528:  
2026-09-12 00:32:40.722767: Epoch 901 
2026-09-12 00:32:40.725657: Current learning rate: 0.00125 
2026-09-12 00:33:29.073533: train_loss -0.899 
2026-09-12 00:33:29.080904: val_loss -0.846 
2026-09-12 00:33:29.084348: Pseudo dice [np.float32(0.9352), np.float32(0.8685), np.float32(0.8682)] 
2026-09-12 00:33:29.087398: Epoch time: 48.36 s 
2026-09-12 00:33:30.160482:  
2026-09-12 00:33:30.172221: Epoch 902 
2026-09-12 00:33:30.174991: Current learning rate: 0.00124 
2026-09-12 00:34:18.883605: train_loss -0.9011 
2026-09-12 00:34:18.891665: val_loss -0.8009 
2026-09-12 00:34:18.894166: Pseudo dice [np.float32(0.9282), np.float32(0.8346), np.float32(0.8339)] 
2026-09-12 00:34:18.897336: Epoch time: 48.72 s 
2026-09-12 00:34:19.912370:  
2026-09-12 00:34:19.924041: Epoch 903 
2026-09-12 00:34:19.926714: Current learning rate: 0.00122 
2026-09-12 00:35:08.312469: train_loss -0.8985 
2026-09-12 00:35:08.320214: val_loss -0.8161 
2026-09-12 00:35:08.322754: Pseudo dice [np.float32(0.9312), np.float32(0.8533), np.float32(0.847)] 
2026-09-12 00:35:08.325696: Epoch time: 48.4 s 
2026-09-12 00:35:09.343445:  
2026-09-12 00:35:09.355206: Epoch 904 
2026-09-12 00:35:09.357587: Current learning rate: 0.00121 
2026-09-12 00:35:57.824810: train_loss -0.8991 
2026-09-12 00:35:57.832322: val_loss -0.8304 
2026-09-12 00:35:57.834753: Pseudo dice [np.float32(0.9248), np.float32(0.8642), np.float32(0.8686)] 
2026-09-12 00:35:57.837573: Epoch time: 48.48 s 
2026-09-12 00:35:58.860883:  
2026-09-12 00:35:58.871945: Epoch 905 
2026-09-12 00:35:58.874828: Current learning rate: 0.0012 
2026-09-12 00:36:47.465799: train_loss -0.8994 
2026-09-12 00:36:47.473881: val_loss -0.7749 
2026-09-12 00:36:47.477072: Pseudo dice [np.float32(0.9272), np.float32(0.7875), np.float32(0.8338)] 
2026-09-12 00:36:47.480301: Epoch time: 48.61 s 
2026-09-12 00:36:48.488189:  
2026-09-12 00:36:48.500997: Epoch 906 
2026-09-12 00:36:48.504639: Current learning rate: 0.00119 
2026-09-12 00:37:36.995538: train_loss -0.8921 
2026-09-12 00:37:37.003307: val_loss -0.8334 
2026-09-12 00:37:37.005968: Pseudo dice [np.float32(0.9363), np.float32(0.8728), np.float32(0.8622)] 
2026-09-12 00:37:37.008851: Epoch time: 48.51 s 
2026-09-12 00:37:38.048507:  
2026-09-12 00:37:38.060922: Epoch 907 
2026-09-12 00:37:38.063434: Current learning rate: 0.00118 
2026-09-12 00:38:26.422488: train_loss -0.8973 
2026-09-12 00:38:26.429943: val_loss -0.8215 
2026-09-12 00:38:26.432815: Pseudo dice [np.float32(0.9366), np.float32(0.8648), np.float32(0.8572)] 
2026-09-12 00:38:26.435850: Epoch time: 48.37 s 
2026-09-12 00:38:27.467895:  
2026-09-12 00:38:27.475431: Epoch 908 
2026-09-12 00:38:27.478492: Current learning rate: 0.00117 
2026-09-12 00:39:16.398020: train_loss -0.9005 
2026-09-12 00:39:16.405892: val_loss -0.8315 
2026-09-12 00:39:16.408757: Pseudo dice [np.float32(0.9328), np.float32(0.8622), np.float32(0.8635)] 
2026-09-12 00:39:16.411877: Epoch time: 48.93 s 
2026-09-12 00:39:17.450092:  
2026-09-12 00:39:17.462630: Epoch 909 
2026-09-12 00:39:17.465488: Current learning rate: 0.00116 
2026-09-12 00:40:06.407922: train_loss -0.8975 
2026-09-12 00:40:06.415468: val_loss -0.8177 
2026-09-12 00:40:06.418428: Pseudo dice [np.float32(0.9267), np.float32(0.8354), np.float32(0.8462)] 
2026-09-12 00:40:06.421602: Epoch time: 48.96 s 
2026-09-12 00:40:07.456945:  
2026-09-12 00:40:07.464000: Epoch 910 
2026-09-12 00:40:07.466600: Current learning rate: 0.00115 
2026-09-12 00:40:55.731541: train_loss -0.8955 
2026-09-12 00:40:55.739762: val_loss -0.8057 
2026-09-12 00:40:55.742106: Pseudo dice [np.float32(0.9338), np.float32(0.8527), np.float32(0.864)] 
2026-09-12 00:40:55.745128: Epoch time: 48.28 s 
2026-09-12 00:40:56.834336:  
2026-09-12 00:40:56.844682: Epoch 911 
2026-09-12 00:40:56.847413: Current learning rate: 0.00113 
2026-09-12 00:41:45.536999: train_loss -0.8967 
2026-09-12 00:41:45.544627: val_loss -0.8071 
2026-09-12 00:41:45.547527: Pseudo dice [np.float32(0.9297), np.float32(0.8458), np.float32(0.8582)] 
2026-09-12 00:41:45.550489: Epoch time: 48.7 s 
2026-09-12 00:41:46.616842:  
2026-09-12 00:41:46.624343: Epoch 912 
2026-09-12 00:41:46.627024: Current learning rate: 0.00112 
2026-09-12 00:42:35.304725: train_loss -0.9049 
2026-09-12 00:42:35.314120: val_loss -0.8227 
2026-09-12 00:42:35.317176: Pseudo dice [np.float32(0.9353), np.float32(0.8481), np.float32(0.8862)] 
2026-09-12 00:42:35.320431: Epoch time: 48.69 s 
2026-09-12 00:42:37.121959:  
2026-09-12 00:42:37.130340: Epoch 913 
2026-09-12 00:42:37.134514: Current learning rate: 0.00111 
2026-09-12 00:43:25.658608: train_loss -0.8993 
2026-09-12 00:43:25.668348: val_loss -0.8028 
2026-09-12 00:43:25.672721: Pseudo dice [np.float32(0.9342), np.float32(0.8538), np.float32(0.8638)] 
2026-09-12 00:43:25.677537: Epoch time: 48.54 s 
2026-09-12 00:43:26.707064:  
2026-09-12 00:43:26.720775: Epoch 914 
2026-09-12 00:43:26.724314: Current learning rate: 0.0011 
2026-09-12 00:44:15.197864: train_loss -0.8949 
2026-09-12 00:44:15.205079: val_loss -0.8088 
2026-09-12 00:44:15.207675: Pseudo dice [np.float32(0.9342), np.float32(0.8332), np.float32(0.8509)] 
2026-09-12 00:44:15.210771: Epoch time: 48.49 s 
2026-09-12 00:44:16.247467:  
2026-09-12 00:44:16.256835: Epoch 915 
2026-09-12 00:44:16.260637: Current learning rate: 0.00109 
2026-09-12 00:45:04.716659: train_loss -0.905 
2026-09-12 00:45:04.724444: val_loss -0.8249 
2026-09-12 00:45:04.727311: Pseudo dice [np.float32(0.9313), np.float32(0.8441), np.float32(0.8559)] 
2026-09-12 00:45:04.730414: Epoch time: 48.47 s 
2026-09-12 00:45:05.784080:  
2026-09-12 00:45:05.793601: Epoch 916 
2026-09-12 00:45:05.796456: Current learning rate: 0.00108 
2026-09-12 00:45:54.629973: train_loss -0.907 
2026-09-12 00:45:54.637626: val_loss -0.817 
2026-09-12 00:45:54.640376: Pseudo dice [np.float32(0.9334), np.float32(0.8573), np.float32(0.8463)] 
2026-09-12 00:45:54.643692: Epoch time: 48.85 s 
2026-09-12 00:45:55.657823:  
2026-09-12 00:45:55.669434: Epoch 917 
2026-09-12 00:45:55.672107: Current learning rate: 0.00106 
2026-09-12 00:46:44.023260: train_loss -0.899 
2026-09-12 00:46:44.031838: val_loss -0.8267 
2026-09-12 00:46:44.034879: Pseudo dice [np.float32(0.932), np.float32(0.8557), np.float32(0.8531)] 
2026-09-12 00:46:44.037843: Epoch time: 48.37 s 
2026-09-12 00:46:45.062854:  
2026-09-12 00:46:45.071888: Epoch 918 
2026-09-12 00:46:45.074459: Current learning rate: 0.00105 
2026-09-12 00:47:33.538661: train_loss -0.8985 
2026-09-12 00:47:33.546139: val_loss -0.8265 
2026-09-12 00:47:33.548995: Pseudo dice [np.float32(0.9294), np.float32(0.8421), np.float32(0.8544)] 
2026-09-12 00:47:33.552163: Epoch time: 48.48 s 
2026-09-12 00:47:34.567539:  
2026-09-12 00:47:34.578197: Epoch 919 
2026-09-12 00:47:34.580706: Current learning rate: 0.00104 
2026-09-12 00:48:23.492450: train_loss -0.9006 
2026-09-12 00:48:23.499785: val_loss -0.8013 
2026-09-12 00:48:23.502308: Pseudo dice [np.float32(0.9321), np.float32(0.8343), np.float32(0.8475)] 
2026-09-12 00:48:23.504740: Epoch time: 48.93 s 
2026-09-12 00:48:24.569036:  
2026-09-12 00:48:24.582433: Epoch 920 
2026-09-12 00:48:24.585316: Current learning rate: 0.00103 
2026-09-12 00:49:13.002492: train_loss -0.9015 
2026-09-12 00:49:13.010103: val_loss -0.8279 
2026-09-12 00:49:13.012772: Pseudo dice [np.float32(0.9289), np.float32(0.8578), np.float32(0.8621)] 
2026-09-12 00:49:13.015510: Epoch time: 48.44 s 
2026-09-12 00:49:14.098277:  
2026-09-12 00:49:14.110668: Epoch 921 
2026-09-12 00:49:14.113296: Current learning rate: 0.00102 
2026-09-12 00:50:04.024512: train_loss -0.8972 
2026-09-12 00:50:04.036364: val_loss -0.8291 
2026-09-12 00:50:04.040759: Pseudo dice [np.float32(0.9358), np.float32(0.8698), np.float32(0.8682)] 
2026-09-12 00:50:04.047214: Epoch time: 49.93 s 
2026-09-12 00:50:05.260156:  
2026-09-12 00:50:05.271962: Epoch 922 
2026-09-12 00:50:05.274414: Current learning rate: 0.00101 
2026-09-12 00:50:53.842263: train_loss -0.8963 
2026-09-12 00:50:53.849751: val_loss -0.8408 
2026-09-12 00:50:53.852340: Pseudo dice [np.float32(0.9314), np.float32(0.8435), np.float32(0.8458)] 
2026-09-12 00:50:53.855233: Epoch time: 48.58 s 
2026-09-12 00:50:54.895312:  
2026-09-12 00:50:54.902768: Epoch 923 
2026-09-12 00:50:54.905390: Current learning rate: 0.001 
2026-09-12 00:51:43.377806: train_loss -0.9019 
2026-09-12 00:51:43.385286: val_loss -0.8168 
2026-09-12 00:51:43.388159: Pseudo dice [np.float32(0.9302), np.float32(0.8471), np.float32(0.8537)] 
2026-09-12 00:51:43.391401: Epoch time: 48.48 s 
2026-09-12 00:51:44.436222:  
2026-09-12 00:51:44.443944: Epoch 924 
2026-09-12 00:51:44.446902: Current learning rate: 0.00098 
2026-09-12 00:52:32.711069: train_loss -0.904 
2026-09-12 00:52:32.719087: val_loss -0.8205 
2026-09-12 00:52:32.721971: Pseudo dice [np.float32(0.9354), np.float32(0.857), np.float32(0.8622)] 
2026-09-12 00:52:32.724940: Epoch time: 48.28 s 
2026-09-12 00:52:33.764936:  
2026-09-12 00:52:33.772449: Epoch 925 
2026-09-12 00:52:33.775098: Current learning rate: 0.00097 
2026-09-12 00:53:22.779541: train_loss -0.8992 
2026-09-12 00:53:22.787055: val_loss -0.8042 
2026-09-12 00:53:22.789998: Pseudo dice [np.float32(0.9373), np.float32(0.8537), np.float32(0.8776)] 
2026-09-12 00:53:22.792549: Epoch time: 49.02 s 
2026-09-12 00:53:23.857773:  
2026-09-12 00:53:23.869666: Epoch 926 
2026-09-12 00:53:23.872296: Current learning rate: 0.00096 
2026-09-12 00:54:12.321754: train_loss -0.9032 
2026-09-12 00:54:12.332487: val_loss -0.8287 
2026-09-12 00:54:12.335464: Pseudo dice [np.float32(0.9349), np.float32(0.8522), np.float32(0.868)] 
2026-09-12 00:54:12.338584: Epoch time: 48.46 s 
2026-09-12 00:54:13.421810:  
2026-09-12 00:54:13.430886: Epoch 927 
2026-09-12 00:54:13.433870: Current learning rate: 0.00095 
2026-09-12 00:55:02.348396: train_loss -0.9061 
2026-09-12 00:55:02.356631: val_loss -0.8245 
2026-09-12 00:55:02.359503: Pseudo dice [np.float32(0.935), np.float32(0.844), np.float32(0.8591)] 
2026-09-12 00:55:02.362649: Epoch time: 48.93 s 
2026-09-12 00:55:03.528717:  
2026-09-12 00:55:03.537276: Epoch 928 
2026-09-12 00:55:03.540112: Current learning rate: 0.00094 
2026-09-12 00:55:52.165413: train_loss -0.9023 
2026-09-12 00:55:52.172315: val_loss -0.8302 
2026-09-12 00:55:52.175164: Pseudo dice [np.float32(0.935), np.float32(0.8568), np.float32(0.8453)] 
2026-09-12 00:55:52.178011: Epoch time: 48.64 s 
2026-09-12 00:55:53.209152:  
2026-09-12 00:55:53.219873: Epoch 929 
2026-09-12 00:55:53.222738: Current learning rate: 0.00092 
2026-09-12 00:56:41.696862: train_loss -0.8953 
2026-09-12 00:56:41.706583: val_loss -0.8108 
2026-09-12 00:56:41.710717: Pseudo dice [np.float32(0.9306), np.float32(0.8367), np.float32(0.8437)] 
2026-09-12 00:56:41.714435: Epoch time: 48.49 s 
2026-09-12 00:56:42.769446:  
2026-09-12 00:56:42.777184: Epoch 930 
2026-09-12 00:56:42.779811: Current learning rate: 0.00091 
2026-09-12 00:57:31.007703: train_loss -0.8928 
2026-09-12 00:57:31.015685: val_loss -0.8259 
2026-09-12 00:57:31.018556: Pseudo dice [np.float32(0.9367), np.float32(0.8671), np.float32(0.8701)] 
2026-09-12 00:57:31.021703: Epoch time: 48.24 s 
2026-09-12 00:57:32.030445:  
2026-09-12 00:57:32.039004: Epoch 931 
2026-09-12 00:57:32.041569: Current learning rate: 0.0009 
2026-09-12 00:58:20.545995: train_loss -0.9003 
2026-09-12 00:58:20.553875: val_loss -0.7908 
2026-09-12 00:58:20.556963: Pseudo dice [np.float32(0.9201), np.float32(0.8047), np.float32(0.8312)] 
2026-09-12 00:58:20.559749: Epoch time: 48.52 s 
2026-09-12 00:58:21.589653:  
2026-09-12 00:58:21.600797: Epoch 932 
2026-09-12 00:58:21.603483: Current learning rate: 0.00089 
2026-09-12 00:59:10.162717: train_loss -0.8991 
2026-09-12 00:59:10.169791: val_loss -0.8057 
2026-09-12 00:59:10.172398: Pseudo dice [np.float32(0.9351), np.float32(0.8371), np.float32(0.8717)] 
2026-09-12 00:59:10.174667: Epoch time: 48.57 s 
2026-09-12 00:59:11.227373:  
2026-09-12 00:59:11.234552: Epoch 933 
2026-09-12 00:59:11.236638: Current learning rate: 0.00088 
2026-09-12 01:00:00.279448: train_loss -0.9015 
2026-09-12 01:00:00.287241: val_loss -0.7964 
2026-09-12 01:00:00.289976: Pseudo dice [np.float32(0.9282), np.float32(0.8255), np.float32(0.8299)] 
2026-09-12 01:00:00.293144: Epoch time: 49.05 s 
2026-09-12 01:00:02.041941:  
2026-09-12 01:00:02.045147: Epoch 934 
2026-09-12 01:00:02.048060: Current learning rate: 0.00087 
2026-09-12 01:00:50.782759: train_loss -0.9011 
2026-09-12 01:00:50.790075: val_loss -0.8002 
2026-09-12 01:00:50.792997: Pseudo dice [np.float32(0.9245), np.float32(0.8342), np.float32(0.8352)] 
2026-09-12 01:00:50.796330: Epoch time: 48.74 s 
2026-09-12 01:00:51.835098:  
2026-09-12 01:00:51.847234: Epoch 935 
2026-09-12 01:00:51.850095: Current learning rate: 0.00085 
2026-09-12 01:01:40.785120: train_loss -0.903 
2026-09-12 01:01:40.792822: val_loss -0.8312 
2026-09-12 01:01:40.795789: Pseudo dice [np.float32(0.938), np.float32(0.8617), np.float32(0.855)] 
2026-09-12 01:01:40.798935: Epoch time: 48.95 s 
2026-09-12 01:01:41.867965:  
2026-09-12 01:01:41.878614: Epoch 936 
2026-09-12 01:01:41.881059: Current learning rate: 0.00084 
2026-09-12 01:02:30.385083: train_loss -0.8989 
2026-09-12 01:02:30.397761: val_loss -0.7949 
2026-09-12 01:02:30.400431: Pseudo dice [np.float32(0.9277), np.float32(0.8543), np.float32(0.8647)] 
2026-09-12 01:02:30.403250: Epoch time: 48.52 s 
2026-09-12 01:02:31.465015:  
2026-09-12 01:02:31.477129: Epoch 937 
2026-09-12 01:02:31.479861: Current learning rate: 0.00083 
2026-09-12 01:03:19.927271: train_loss -0.8901 
2026-09-12 01:03:19.935170: val_loss -0.7962 
2026-09-12 01:03:19.938116: Pseudo dice [np.float32(0.9322), np.float32(0.8373), np.float32(0.8485)] 
2026-09-12 01:03:19.941259: Epoch time: 48.46 s 
2026-09-12 01:03:20.977378:  
2026-09-12 01:03:20.988899: Epoch 938 
2026-09-12 01:03:20.991210: Current learning rate: 0.00082 
2026-09-12 01:04:09.510049: train_loss -0.8912 
2026-09-12 01:04:09.517709: val_loss -0.831 
2026-09-12 01:04:09.520353: Pseudo dice [np.float32(0.9305), np.float32(0.8622), np.float32(0.8511)] 
2026-09-12 01:04:09.522984: Epoch time: 48.53 s 
2026-09-12 01:04:10.542754:  
2026-09-12 01:04:10.555174: Epoch 939 
2026-09-12 01:04:10.557638: Current learning rate: 0.00081 
2026-09-12 01:04:59.197796: train_loss -0.8931 
2026-09-12 01:04:59.205496: val_loss -0.8315 
2026-09-12 01:04:59.208607: Pseudo dice [np.float32(0.9303), np.float32(0.8624), np.float32(0.8684)] 
2026-09-12 01:04:59.211621: Epoch time: 48.66 s 
2026-09-12 01:05:00.298637:  
2026-09-12 01:05:00.305899: Epoch 940 
2026-09-12 01:05:00.308537: Current learning rate: 0.00079 
2026-09-12 01:05:48.580465: train_loss -0.905 
2026-09-12 01:05:48.588368: val_loss -0.8304 
2026-09-12 01:05:48.591160: Pseudo dice [np.float32(0.9298), np.float32(0.8567), np.float32(0.8587)] 
2026-09-12 01:05:48.594992: Epoch time: 48.28 s 
2026-09-12 01:05:49.605258:  
2026-09-12 01:05:49.613275: Epoch 941 
2026-09-12 01:05:49.615639: Current learning rate: 0.00078 
2026-09-12 01:06:37.936128: train_loss -0.9004 
2026-09-12 01:06:37.943560: val_loss -0.8031 
2026-09-12 01:06:37.946429: Pseudo dice [np.float32(0.9313), np.float32(0.8424), np.float32(0.8617)] 
2026-09-12 01:06:37.949470: Epoch time: 48.33 s 
2026-09-12 01:06:39.009051:  
2026-09-12 01:06:39.020768: Epoch 942 
2026-09-12 01:06:39.023204: Current learning rate: 0.00077 
2026-09-12 01:07:27.345937: train_loss -0.902 
2026-09-12 01:07:27.353724: val_loss -0.8293 
2026-09-12 01:07:27.356375: Pseudo dice [np.float32(0.9318), np.float32(0.8626), np.float32(0.8525)] 
2026-09-12 01:07:27.359215: Epoch time: 48.34 s 
2026-09-12 01:07:28.383773:  
2026-09-12 01:07:28.395189: Epoch 943 
2026-09-12 01:07:28.398033: Current learning rate: 0.00076 
2026-09-12 01:08:16.795499: train_loss -0.8923 
2026-09-12 01:08:16.802759: val_loss -0.7962 
2026-09-12 01:08:16.805404: Pseudo dice [np.float32(0.9268), np.float32(0.8053), np.float32(0.8309)] 
2026-09-12 01:08:16.808040: Epoch time: 48.41 s 
2026-09-12 01:08:17.849575:  
2026-09-12 01:08:17.857259: Epoch 944 
2026-09-12 01:08:17.859866: Current learning rate: 0.00075 
2026-09-12 01:09:06.332977: train_loss -0.8968 
2026-09-12 01:09:06.341033: val_loss -0.803 
2026-09-12 01:09:06.343662: Pseudo dice [np.float32(0.9309), np.float32(0.851), np.float32(0.8552)] 
2026-09-12 01:09:06.346470: Epoch time: 48.48 s 
2026-09-12 01:09:07.447097:  
2026-09-12 01:09:07.458624: Epoch 945 
2026-09-12 01:09:07.461229: Current learning rate: 0.00074 
2026-09-12 01:09:56.257025: train_loss -0.8998 
2026-09-12 01:09:56.264777: val_loss -0.8323 
2026-09-12 01:09:56.267586: Pseudo dice [np.float32(0.9338), np.float32(0.8483), np.float32(0.8659)] 
2026-09-12 01:09:56.270574: Epoch time: 48.81 s 
2026-09-12 01:09:57.291001:  
2026-09-12 01:09:57.302809: Epoch 946 
2026-09-12 01:09:57.305568: Current learning rate: 0.00072 
2026-09-12 01:10:45.823865: train_loss -0.8999 
2026-09-12 01:10:45.834584: val_loss -0.818 
2026-09-12 01:10:45.837644: Pseudo dice [np.float32(0.9326), np.float32(0.8412), np.float32(0.8681)] 
2026-09-12 01:10:45.840799: Epoch time: 48.53 s 
2026-09-12 01:10:46.878111:  
2026-09-12 01:10:46.889974: Epoch 947 
2026-09-12 01:10:46.892955: Current learning rate: 0.00071 
2026-09-12 01:11:35.947236: train_loss -0.8968 
2026-09-12 01:11:35.955744: val_loss -0.784 
2026-09-12 01:11:35.959447: Pseudo dice [np.float32(0.9344), np.float32(0.8432), np.float32(0.8699)] 
2026-09-12 01:11:35.963131: Epoch time: 49.07 s 
2026-09-12 01:11:37.094302:  
2026-09-12 01:11:37.105802: Epoch 948 
2026-09-12 01:11:37.108360: Current learning rate: 0.0007 
2026-09-12 01:12:25.881837: train_loss -0.8989 
2026-09-12 01:12:25.890000: val_loss -0.7835 
2026-09-12 01:12:25.892853: Pseudo dice [np.float32(0.9245), np.float32(0.8378), np.float32(0.8398)] 
2026-09-12 01:12:25.899379: Epoch time: 48.79 s 
2026-09-12 01:12:27.002038:  
2026-09-12 01:12:27.014079: Epoch 949 
2026-09-12 01:12:27.017126: Current learning rate: 0.00069 
2026-09-12 01:13:15.631566: train_loss -0.9006 
2026-09-12 01:13:15.641351: val_loss -0.8214 
2026-09-12 01:13:15.645271: Pseudo dice [np.float32(0.9347), np.float32(0.8497), np.float32(0.8621)] 
2026-09-12 01:13:15.649802: Epoch time: 48.63 s 
2026-09-12 01:13:19.087392:  
2026-09-12 01:13:19.090983: Epoch 950 
2026-09-12 01:13:19.094032: Current learning rate: 0.00067 
2026-09-12 01:14:07.477140: train_loss -0.9 
2026-09-12 01:14:07.484521: val_loss -0.8271 
2026-09-12 01:14:07.487350: Pseudo dice [np.float32(0.931), np.float32(0.8451), np.float32(0.8665)] 
2026-09-12 01:14:07.490109: Epoch time: 48.39 s 
2026-09-12 01:14:08.531988:  
2026-09-12 01:14:08.544418: Epoch 951 
2026-09-12 01:14:08.547372: Current learning rate: 0.00066 
2026-09-12 01:14:57.265544: train_loss -0.9081 
2026-09-12 01:14:57.272927: val_loss -0.8328 
2026-09-12 01:14:57.275684: Pseudo dice [np.float32(0.9388), np.float32(0.8698), np.float32(0.8697)] 
2026-09-12 01:14:57.279357: Epoch time: 48.73 s 
2026-09-12 01:14:58.331305:  
2026-09-12 01:14:58.343380: Epoch 952 
2026-09-12 01:14:58.346418: Current learning rate: 0.00065 
2026-09-12 01:15:46.654763: train_loss -0.9035 
2026-09-12 01:15:46.663577: val_loss -0.807 
2026-09-12 01:15:46.666636: Pseudo dice [np.float32(0.9301), np.float32(0.8507), np.float32(0.848)] 
2026-09-12 01:15:46.670009: Epoch time: 48.32 s 
2026-09-12 01:15:47.707158:  
2026-09-12 01:15:47.717915: Epoch 953 
2026-09-12 01:15:47.720707: Current learning rate: 0.00064 
2026-09-12 01:16:35.961244: train_loss -0.9096 
2026-09-12 01:16:35.968769: val_loss -0.8131 
2026-09-12 01:16:35.971425: Pseudo dice [np.float32(0.9289), np.float32(0.8399), np.float32(0.8596)] 
2026-09-12 01:16:35.974910: Epoch time: 48.25 s 
2026-09-12 01:16:36.995220:  
2026-09-12 01:16:37.005419: Epoch 954 
2026-09-12 01:16:37.007838: Current learning rate: 0.00063 
2026-09-12 01:17:25.250343: train_loss -0.9028 
2026-09-12 01:17:25.258049: val_loss -0.8361 
2026-09-12 01:17:25.261135: Pseudo dice [np.float32(0.935), np.float32(0.8566), np.float32(0.8696)] 
2026-09-12 01:17:25.264506: Epoch time: 48.26 s 
2026-09-12 01:17:26.983052:  
2026-09-12 01:17:26.986185: Epoch 955 
2026-09-12 01:17:26.988818: Current learning rate: 0.00061 
2026-09-12 01:18:15.621712: train_loss -0.8996 
2026-09-12 01:18:15.634839: val_loss -0.8024 
2026-09-12 01:18:15.642748: Pseudo dice [np.float32(0.9321), np.float32(0.837), np.float32(0.8677)] 
2026-09-12 01:18:15.647896: Epoch time: 48.64 s 
2026-09-12 01:18:16.842850:  
2026-09-12 01:18:16.862678: Epoch 956 
2026-09-12 01:18:16.865300: Current learning rate: 0.0006 
2026-09-12 01:19:05.351470: train_loss -0.9069 
2026-09-12 01:19:05.361720: val_loss -0.8177 
2026-09-12 01:19:05.365015: Pseudo dice [np.float32(0.9286), np.float32(0.8449), np.float32(0.8504)] 
2026-09-12 01:19:05.368650: Epoch time: 48.51 s 
2026-09-12 01:19:06.423709:  
2026-09-12 01:19:06.437639: Epoch 957 
2026-09-12 01:19:06.441647: Current learning rate: 0.00059 
2026-09-12 01:19:54.793347: train_loss -0.9044 
2026-09-12 01:19:54.803252: val_loss -0.8248 
2026-09-12 01:19:54.806180: Pseudo dice [np.float32(0.9334), np.float32(0.8617), np.float32(0.8648)] 
2026-09-12 01:19:54.808665: Epoch time: 48.37 s 
2026-09-12 01:19:55.841297:  
2026-09-12 01:19:55.854566: Epoch 958 
2026-09-12 01:19:55.857524: Current learning rate: 0.00058 
2026-09-12 01:20:44.863404: train_loss -0.9014 
2026-09-12 01:20:44.871941: val_loss -0.8312 
2026-09-12 01:20:44.900746: Pseudo dice [np.float32(0.9358), np.float32(0.8479), np.float32(0.8475)] 
2026-09-12 01:20:44.904122: Epoch time: 49.02 s 
2026-09-12 01:20:45.945776:  
2026-09-12 01:20:45.959760: Epoch 959 
2026-09-12 01:20:45.962310: Current learning rate: 0.00056 
2026-09-12 01:21:34.276934: train_loss -0.9053 
2026-09-12 01:21:34.284858: val_loss -0.8363 
2026-09-12 01:21:34.287344: Pseudo dice [np.float32(0.9341), np.float32(0.8699), np.float32(0.8575)] 
2026-09-12 01:21:34.290417: Epoch time: 48.33 s 
2026-09-12 01:21:35.408134:  
2026-09-12 01:21:35.422125: Epoch 960 
2026-09-12 01:21:35.424961: Current learning rate: 0.00055 
2026-09-12 01:22:23.685337: train_loss -0.902 
2026-09-12 01:22:23.698430: val_loss -0.8062 
2026-09-12 01:22:23.701697: Pseudo dice [np.float32(0.9384), np.float32(0.8357), np.float32(0.8325)] 
2026-09-12 01:22:23.706550: Epoch time: 48.28 s 
2026-09-12 01:22:24.840494:  
2026-09-12 01:22:24.848946: Epoch 961 
2026-09-12 01:22:24.851906: Current learning rate: 0.00054 
2026-09-12 01:23:13.295470: train_loss -0.9015 
2026-09-12 01:23:13.305371: val_loss -0.8063 
2026-09-12 01:23:13.308631: Pseudo dice [np.float32(0.9369), np.float32(0.8438), np.float32(0.8487)] 
2026-09-12 01:23:13.311905: Epoch time: 48.46 s 
2026-09-12 01:23:14.383631:  
2026-09-12 01:23:14.401744: Epoch 962 
2026-09-12 01:23:14.407019: Current learning rate: 0.00053 
2026-09-12 01:24:03.000857: train_loss -0.9049 
2026-09-12 01:24:03.010012: val_loss -0.7988 
2026-09-12 01:24:03.013012: Pseudo dice [np.float32(0.9289), np.float32(0.8302), np.float32(0.8263)] 
2026-09-12 01:24:03.017385: Epoch time: 48.62 s 
2026-09-12 01:24:04.096332:  
2026-09-12 01:24:04.110114: Epoch 963 
2026-09-12 01:24:04.112884: Current learning rate: 0.00051 
2026-09-12 01:24:52.622241: train_loss -0.9035 
2026-09-12 01:24:52.631030: val_loss -0.8082 
2026-09-12 01:24:52.634359: Pseudo dice [np.float32(0.9386), np.float32(0.8412), np.float32(0.8545)] 
2026-09-12 01:24:52.637660: Epoch time: 48.53 s 
2026-09-12 01:24:53.709325:  
2026-09-12 01:24:53.718617: Epoch 964 
2026-09-12 01:24:53.721451: Current learning rate: 0.0005 
2026-09-12 01:25:42.603810: train_loss -0.9044 
2026-09-12 01:25:42.621908: val_loss -0.8184 
2026-09-12 01:25:42.631662: Pseudo dice [np.float32(0.9276), np.float32(0.836), np.float32(0.85)] 
2026-09-12 01:25:42.640865: Epoch time: 48.9 s 
2026-09-12 01:25:43.724063:  
2026-09-12 01:25:43.737114: Epoch 965 
2026-09-12 01:25:43.740492: Current learning rate: 0.00049 
2026-09-12 01:26:32.580454: train_loss -0.8999 
2026-09-12 01:26:32.587900: val_loss -0.7798 
2026-09-12 01:26:32.591179: Pseudo dice [np.float32(0.9268), np.float32(0.8054), np.float32(0.8337)] 
2026-09-12 01:26:32.594206: Epoch time: 48.86 s 
2026-09-12 01:26:33.698564:  
2026-09-12 01:26:33.710948: Epoch 966 
2026-09-12 01:26:33.714357: Current learning rate: 0.00048 
2026-09-12 01:27:22.142494: train_loss -0.9072 
2026-09-12 01:27:22.150663: val_loss -0.7901 
2026-09-12 01:27:22.153673: Pseudo dice [np.float32(0.9257), np.float32(0.8163), np.float32(0.8578)] 
2026-09-12 01:27:22.157000: Epoch time: 48.44 s 
2026-09-12 01:27:23.280656:  
2026-09-12 01:27:23.292949: Epoch 967 
2026-09-12 01:27:23.296173: Current learning rate: 0.00046 
2026-09-12 01:28:11.689772: train_loss -0.9058 
2026-09-12 01:28:11.697190: val_loss -0.8389 
2026-09-12 01:28:11.699901: Pseudo dice [np.float32(0.9328), np.float32(0.8753), np.float32(0.8642)] 
2026-09-12 01:28:11.702486: Epoch time: 48.41 s 
2026-09-12 01:28:12.723114:  
2026-09-12 01:28:12.731678: Epoch 968 
2026-09-12 01:28:12.734269: Current learning rate: 0.00045 
2026-09-12 01:29:01.290511: train_loss -0.9029 
2026-09-12 01:29:01.300107: val_loss -0.8255 
2026-09-12 01:29:01.303490: Pseudo dice [np.float32(0.9327), np.float32(0.8528), np.float32(0.8649)] 
2026-09-12 01:29:01.306849: Epoch time: 48.57 s 
2026-09-12 01:29:02.336367:  
2026-09-12 01:29:02.353334: Epoch 969 
2026-09-12 01:29:02.358120: Current learning rate: 0.00044 
2026-09-12 01:29:51.003137: train_loss -0.9095 
2026-09-12 01:29:51.035518: val_loss -0.8254 
2026-09-12 01:29:51.048712: Pseudo dice [np.float32(0.9295), np.float32(0.8566), np.float32(0.8278)] 
2026-09-12 01:29:51.062434: Epoch time: 48.67 s 
2026-09-12 01:29:52.188411:  
2026-09-12 01:29:52.198752: Epoch 970 
2026-09-12 01:29:52.201794: Current learning rate: 0.00043 
2026-09-12 01:30:41.408916: train_loss -0.891 
2026-09-12 01:30:41.420166: val_loss -0.8214 
2026-09-12 01:30:41.446532: Pseudo dice [np.float32(0.9286), np.float32(0.8394), np.float32(0.8419)] 
2026-09-12 01:30:41.452478: Epoch time: 49.22 s 
2026-09-12 01:30:42.499198:  
2026-09-12 01:30:42.513986: Epoch 971 
2026-09-12 01:30:42.517129: Current learning rate: 0.00041 
2026-09-12 01:31:30.985505: train_loss -0.907 
2026-09-12 01:31:30.994072: val_loss -0.8093 
2026-09-12 01:31:30.997159: Pseudo dice [np.float32(0.9332), np.float32(0.8417), np.float32(0.8449)] 
2026-09-12 01:31:31.000905: Epoch time: 48.49 s 
2026-09-12 01:31:32.106011:  
2026-09-12 01:31:32.118857: Epoch 972 
2026-09-12 01:31:32.121732: Current learning rate: 0.0004 
2026-09-12 01:32:20.508372: train_loss -0.9052 
2026-09-12 01:32:20.520564: val_loss -0.828 
2026-09-12 01:32:20.523967: Pseudo dice [np.float32(0.9297), np.float32(0.8617), np.float32(0.8408)] 
2026-09-12 01:32:20.528971: Epoch time: 48.4 s 
2026-09-12 01:32:21.628957:  
2026-09-12 01:32:21.645288: Epoch 973 
2026-09-12 01:32:21.649127: Current learning rate: 0.00039 
2026-09-12 01:33:10.366905: train_loss -0.9062 
2026-09-12 01:33:10.375516: val_loss -0.7979 
2026-09-12 01:33:10.378258: Pseudo dice [np.float32(0.9316), np.float32(0.8467), np.float32(0.8508)] 
2026-09-12 01:33:10.382620: Epoch time: 48.74 s 
2026-09-12 01:33:11.474125:  
2026-09-12 01:33:11.483725: Epoch 974 
2026-09-12 01:33:11.486677: Current learning rate: 0.00037 
2026-09-12 01:34:00.122996: train_loss -0.9045 
2026-09-12 01:34:00.132545: val_loss -0.8363 
2026-09-12 01:34:00.137275: Pseudo dice [np.float32(0.9322), np.float32(0.8558), np.float32(0.8687)] 
2026-09-12 01:34:00.140735: Epoch time: 48.65 s 
2026-09-12 01:34:01.189463:  
2026-09-12 01:34:01.204200: Epoch 975 
2026-09-12 01:34:01.207643: Current learning rate: 0.00036 
2026-09-12 01:34:49.677833: train_loss -0.9055 
2026-09-12 01:34:49.686329: val_loss -0.8239 
2026-09-12 01:34:49.688818: Pseudo dice [np.float32(0.9332), np.float32(0.8779), np.float32(0.8615)] 
2026-09-12 01:34:49.691477: Epoch time: 48.49 s 
2026-09-12 01:34:51.538443:  
2026-09-12 01:34:51.541826: Epoch 976 
2026-09-12 01:34:51.545085: Current learning rate: 0.00035 
2026-09-12 01:35:40.029717: train_loss -0.9063 
2026-09-12 01:35:40.046709: val_loss -0.8588 
2026-09-12 01:35:40.054544: Pseudo dice [np.float32(0.9343), np.float32(0.8895), np.float32(0.8558)] 
2026-09-12 01:35:40.062819: Epoch time: 48.49 s 
2026-09-12 01:35:41.161556:  
2026-09-12 01:35:41.178022: Epoch 977 
2026-09-12 01:35:41.182246: Current learning rate: 0.00034 
2026-09-12 01:36:29.530736: train_loss -0.9046 
2026-09-12 01:36:29.544978: val_loss -0.8475 
2026-09-12 01:36:29.549322: Pseudo dice [np.float32(0.9299), np.float32(0.8963), np.float32(0.8677)] 
2026-09-12 01:36:29.555112: Epoch time: 48.37 s 
2026-09-12 01:36:29.557432: Yayy! New best EMA pseudo Dice: 0.8812000155448914 
2026-09-12 01:36:33.290964:  
2026-09-12 01:36:33.294477: Epoch 978 
2026-09-12 01:36:33.297679: Current learning rate: 0.00032 
2026-09-12 01:37:21.657853: train_loss -0.8952 
2026-09-12 01:37:21.665910: val_loss -0.8299 
2026-09-12 01:37:21.668694: Pseudo dice [np.float32(0.9353), np.float32(0.8602), np.float32(0.8686)] 
2026-09-12 01:37:21.671451: Epoch time: 48.37 s 
2026-09-12 01:37:21.674316: Yayy! New best EMA pseudo Dice: 0.8819000124931335 
2026-09-12 01:37:25.197458:  
2026-09-12 01:37:25.206650: Epoch 979 
2026-09-12 01:37:25.216569: Current learning rate: 0.00031 
2026-09-12 01:38:13.703683: train_loss -0.9028 
2026-09-12 01:38:13.712431: val_loss -0.825 
2026-09-12 01:38:13.715439: Pseudo dice [np.float32(0.9313), np.float32(0.8649), np.float32(0.8634)] 
2026-09-12 01:38:13.718481: Epoch time: 48.51 s 
2026-09-12 01:38:13.722132: Yayy! New best EMA pseudo Dice: 0.8823999762535095 
2026-09-12 01:38:17.356750:  
2026-09-12 01:38:17.360018: Epoch 980 
2026-09-12 01:38:17.362770: Current learning rate: 0.0003 
2026-09-12 01:39:05.948110: train_loss -0.9013 
2026-09-12 01:39:05.956817: val_loss -0.8439 
2026-09-12 01:39:05.959920: Pseudo dice [np.float32(0.9338), np.float32(0.8775), np.float32(0.873)] 
2026-09-12 01:39:05.962831: Epoch time: 48.6 s 
2026-09-12 01:39:05.966312: Yayy! New best EMA pseudo Dice: 0.8835999965667725 
2026-09-12 01:39:09.503319:  
2026-09-12 01:39:09.506940: Epoch 981 
2026-09-12 01:39:09.510696: Current learning rate: 0.00028 
2026-09-12 01:39:58.002614: train_loss -0.9076 
2026-09-12 01:39:58.010917: val_loss -0.8184 
2026-09-12 01:39:58.013629: Pseudo dice [np.float32(0.9299), np.float32(0.8437), np.float32(0.8546)] 
2026-09-12 01:39:58.016907: Epoch time: 48.5 s 
2026-09-12 01:39:59.079699:  
2026-09-12 01:39:59.087460: Epoch 982 
2026-09-12 01:39:59.090174: Current learning rate: 0.00027 
2026-09-12 01:40:47.360075: train_loss -0.8995 
2026-09-12 01:40:47.369328: val_loss -0.8191 
2026-09-12 01:40:47.371835: Pseudo dice [np.float32(0.9328), np.float32(0.8406), np.float32(0.8422)] 
2026-09-12 01:40:47.376008: Epoch time: 48.28 s 
2026-09-12 01:40:48.449713:  
2026-09-12 01:40:48.462337: Epoch 983 
2026-09-12 01:40:48.468614: Current learning rate: 0.00026 
2026-09-12 01:41:36.964301: train_loss -0.9036 
2026-09-12 01:41:36.974067: val_loss -0.8128 
2026-09-12 01:41:36.977029: Pseudo dice [np.float32(0.9324), np.float32(0.8365), np.float32(0.8701)] 
2026-09-12 01:41:36.980048: Epoch time: 48.52 s 
2026-09-12 01:41:38.056075:  
2026-09-12 01:41:38.069007: Epoch 984 
2026-09-12 01:41:38.071715: Current learning rate: 0.00024 
2026-09-12 01:42:26.762960: train_loss -0.9045 
2026-09-12 01:42:26.771400: val_loss -0.8105 
2026-09-12 01:42:26.775167: Pseudo dice [np.float32(0.9354), np.float32(0.8381), np.float32(0.8538)] 
2026-09-12 01:42:26.778298: Epoch time: 48.71 s 
2026-09-12 01:42:27.836063:  
2026-09-12 01:42:27.854235: Epoch 985 
2026-09-12 01:42:27.856220: Current learning rate: 0.00023 
2026-09-12 01:43:16.501561: train_loss -0.9002 
2026-09-12 01:43:16.524236: val_loss -0.811 
2026-09-12 01:43:16.534452: Pseudo dice [np.float32(0.9291), np.float32(0.8481), np.float32(0.8548)] 
2026-09-12 01:43:16.542989: Epoch time: 48.67 s 
2026-09-12 01:43:17.599287:  
2026-09-12 01:43:17.640881: Epoch 986 
2026-09-12 01:43:17.649333: Current learning rate: 0.00021 
2026-09-12 01:44:05.998515: train_loss -0.9028 
2026-09-12 01:44:06.005708: val_loss -0.8132 
2026-09-12 01:44:06.008329: Pseudo dice [np.float32(0.9275), np.float32(0.8338), np.float32(0.8485)] 
2026-09-12 01:44:06.010720: Epoch time: 48.4 s 
2026-09-12 01:44:07.138487:  
2026-09-12 01:44:07.145904: Epoch 987 
2026-09-12 01:44:07.148281: Current learning rate: 0.0002 
2026-09-12 01:44:55.668191: train_loss -0.8989 
2026-09-12 01:44:55.676390: val_loss -0.8112 
2026-09-12 01:44:55.679132: Pseudo dice [np.float32(0.93), np.float32(0.8253), np.float32(0.859)] 
2026-09-12 01:44:55.681633: Epoch time: 48.53 s 
2026-09-12 01:44:56.760919:  
2026-09-12 01:44:56.772141: Epoch 988 
2026-09-12 01:44:56.775676: Current learning rate: 0.00019 
2026-09-12 01:45:45.052651: train_loss -0.9035 
2026-09-12 01:45:45.066233: val_loss -0.8526 
2026-09-12 01:45:45.074677: Pseudo dice [np.float32(0.9365), np.float32(0.8723), np.float32(0.8737)] 
2026-09-12 01:45:45.079576: Epoch time: 48.29 s 
2026-09-12 01:45:46.117630:  
2026-09-12 01:45:46.135199: Epoch 989 
2026-09-12 01:45:46.138599: Current learning rate: 0.00017 
2026-09-12 01:46:34.563386: train_loss -0.9026 
2026-09-12 01:46:34.572417: val_loss -0.8034 
2026-09-12 01:46:34.575278: Pseudo dice [np.float32(0.9274), np.float32(0.848), np.float32(0.8569)] 
2026-09-12 01:46:34.578285: Epoch time: 48.45 s 
2026-09-12 01:46:35.773878:  
2026-09-12 01:46:35.785428: Epoch 990 
2026-09-12 01:46:35.787926: Current learning rate: 0.00016 
2026-09-12 01:47:24.287631: train_loss -0.9063 
2026-09-12 01:47:24.298040: val_loss -0.8292 
2026-09-12 01:47:24.301260: Pseudo dice [np.float32(0.9332), np.float32(0.8784), np.float32(0.8714)] 
2026-09-12 01:47:24.304619: Epoch time: 48.51 s 
2026-09-12 01:47:25.394485:  
2026-09-12 01:47:25.409559: Epoch 991 
2026-09-12 01:47:25.412235: Current learning rate: 0.00014 
2026-09-12 01:48:14.370922: train_loss -0.9038 
2026-09-12 01:48:14.396064: val_loss -0.8239 
2026-09-12 01:48:14.406085: Pseudo dice [np.float32(0.9305), np.float32(0.8705), np.float32(0.8681)] 
2026-09-12 01:48:14.416816: Epoch time: 48.98 s 
2026-09-12 01:48:15.560175:  
2026-09-12 01:48:15.570167: Epoch 992 
2026-09-12 01:48:15.575111: Current learning rate: 0.00013 
2026-09-12 01:49:04.548351: train_loss -0.9009 
2026-09-12 01:49:04.556780: val_loss -0.806 
2026-09-12 01:49:04.559761: Pseudo dice [np.float32(0.9314), np.float32(0.8512), np.float32(0.8552)] 
2026-09-12 01:49:04.562864: Epoch time: 48.99 s 
2026-09-12 01:49:05.765808:  
2026-09-12 01:49:05.778267: Epoch 993 
2026-09-12 01:49:05.781452: Current learning rate: 0.00011 
2026-09-12 01:49:54.283665: train_loss -0.8974 
2026-09-12 01:49:54.296501: val_loss -0.8207 
2026-09-12 01:49:54.301370: Pseudo dice [np.float32(0.9311), np.float32(0.8602), np.float32(0.8565)] 
2026-09-12 01:49:54.305386: Epoch time: 48.52 s 
2026-09-12 01:49:55.351469:  
2026-09-12 01:49:55.365572: Epoch 994 
2026-09-12 01:49:55.369261: Current learning rate: 0.0001 
2026-09-12 01:50:44.312411: train_loss -0.8987 
2026-09-12 01:50:44.330356: val_loss -0.8081 
2026-09-12 01:50:44.333420: Pseudo dice [np.float32(0.9254), np.float32(0.8431), np.float32(0.8787)] 
2026-09-12 01:50:44.337658: Epoch time: 48.96 s 
2026-09-12 01:50:45.444879:  
2026-09-12 01:50:45.469652: Epoch 995 
2026-09-12 01:50:45.472246: Current learning rate: 8e-05 
2026-09-12 01:51:34.300918: train_loss -0.9015 
2026-09-12 01:51:34.308822: val_loss -0.7879 
2026-09-12 01:51:34.311801: Pseudo dice [np.float32(0.9364), np.float32(0.8268), np.float32(0.8514)] 
2026-09-12 01:51:34.314672: Epoch time: 48.86 s 
2026-09-12 01:51:36.173105:  
2026-09-12 01:51:36.177939: Epoch 996 
2026-09-12 01:51:36.180972: Current learning rate: 7e-05 
2026-09-12 01:52:24.633255: train_loss -0.8993 
2026-09-12 01:52:24.641412: val_loss -0.8436 
2026-09-12 01:52:24.644250: Pseudo dice [np.float32(0.9358), np.float32(0.884), np.float32(0.8711)] 
2026-09-12 01:52:24.647190: Epoch time: 48.46 s 
2026-09-12 01:52:25.742625:  
2026-09-12 01:52:25.760420: Epoch 997 
2026-09-12 01:52:25.766147: Current learning rate: 5e-05 
2026-09-12 01:53:14.269591: train_loss -0.9051 
2026-09-12 01:53:14.280052: val_loss -0.8334 
2026-09-12 01:53:14.283686: Pseudo dice [np.float32(0.9369), np.float32(0.8595), np.float32(0.8682)] 
2026-09-12 01:53:14.287882: Epoch time: 48.53 s 
2026-09-12 01:53:15.335319:  
2026-09-12 01:53:15.351383: Epoch 998 
2026-09-12 01:53:15.355422: Current learning rate: 4e-05 
2026-09-12 01:54:04.036680: train_loss -0.9088 
2026-09-12 01:54:04.048276: val_loss -0.8084 
2026-09-12 01:54:04.051653: Pseudo dice [np.float32(0.9299), np.float32(0.8451), np.float32(0.8549)] 
2026-09-12 01:54:04.055457: Epoch time: 48.7 s 
2026-09-12 01:54:05.128180:  
2026-09-12 01:54:05.136856: Epoch 999 
2026-09-12 01:54:05.139899: Current learning rate: 2e-05 
2026-09-12 01:54:53.369234: train_loss -0.9043 
2026-09-12 01:54:53.379124: val_loss -0.8281 
2026-09-12 01:54:53.382470: Pseudo dice [np.float32(0.9334), np.float32(0.8403), np.float32(0.8279)] 
2026-09-12 01:54:53.385329: Epoch time: 48.24 s 
2026-09-12 01:54:57.164896: Training done. 
2026-09-12 01:54:57.500981: Using splits from existing split file: /storage/student14/minhdn/Missing-Modalities-Benchmark/data/nnunet_preprocessed/Dataset001_BraTS2020/splits_final.json 
2026-09-12 01:54:57.505337: The split file contains 5 splits. 
2026-09-12 01:54:57.508768: Desired fold for training: 0 
2026-09-12 01:54:57.511994: This split has 258 training and 55 validation cases. 
2026-09-12 01:54:57.515487: predicting BraTS20_Training_024 
2026-09-12 01:54:57.617382: BraTS20_Training_024, shape torch.Size([4, 144, 170, 138]), rank 0 
2026-09-12 01:55:16.765002: predicting BraTS20_Training_025 
2026-09-12 01:55:16.834876: BraTS20_Training_025, shape torch.Size([4, 139, 160, 131]), rank 0 
2026-09-12 01:55:18.517361: predicting BraTS20_Training_029 
2026-09-12 01:55:18.586867: BraTS20_Training_029, shape torch.Size([4, 138, 161, 132]), rank 0 
2026-09-12 01:55:20.272973: predicting BraTS20_Training_034 
2026-09-12 01:55:20.352371: BraTS20_Training_034, shape torch.Size([4, 144, 162, 128]), rank 0 
2026-09-12 01:55:21.205595: predicting BraTS20_Training_036 
2026-09-12 01:55:21.266925: BraTS20_Training_036, shape torch.Size([4, 139, 158, 137]), rank 0 
2026-09-12 01:55:22.954848: predicting BraTS20_Training_037 
2026-09-12 01:55:23.025638: BraTS20_Training_037, shape torch.Size([4, 135, 162, 142]), rank 0 
2026-09-12 01:55:24.713957: predicting BraTS20_Training_047 
2026-09-12 01:55:24.798917: BraTS20_Training_047, shape torch.Size([4, 146, 178, 139]), rank 0 
2026-09-12 01:55:26.492056: predicting BraTS20_Training_052 
2026-09-12 01:55:26.579546: BraTS20_Training_052, shape torch.Size([4, 138, 167, 142]), rank 0 
2026-09-12 01:55:28.269774: predicting BraTS20_Training_071 
2026-09-12 01:55:28.404980: BraTS20_Training_071, shape torch.Size([4, 139, 175, 132]), rank 0 
2026-09-12 01:55:30.097411: predicting BraTS20_Training_074 
2026-09-12 01:55:30.172632: BraTS20_Training_074, shape torch.Size([4, 138, 166, 147]), rank 0 
2026-09-12 01:55:31.864130: predicting BraTS20_Training_084 
2026-09-12 01:55:31.942839: BraTS20_Training_084, shape torch.Size([4, 144, 167, 139]), rank 0 
2026-09-12 01:55:33.639690: predicting BraTS20_Training_088 
2026-09-12 01:55:33.720464: BraTS20_Training_088, shape torch.Size([4, 142, 171, 133]), rank 0 
2026-09-12 01:55:35.410945: predicting BraTS20_Training_099 
2026-09-12 01:55:35.492258: BraTS20_Training_099, shape torch.Size([4, 139, 173, 139]), rank 0 
2026-09-12 01:55:37.183565: predicting BraTS20_Training_108 
2026-09-12 01:55:37.255990: BraTS20_Training_108, shape torch.Size([4, 142, 164, 139]), rank 0 
2026-09-12 01:55:38.947595: predicting BraTS20_Training_109 
2026-09-12 01:55:39.020753: BraTS20_Training_109, shape torch.Size([4, 138, 172, 129]), rank 0 
2026-09-12 01:55:40.713749: predicting BraTS20_Training_117 
2026-09-12 01:55:40.799318: BraTS20_Training_117, shape torch.Size([4, 137, 177, 139]), rank 0 
2026-09-12 01:55:42.491634: predicting BraTS20_Training_118 
2026-09-12 01:55:42.570069: BraTS20_Training_118, shape torch.Size([4, 139, 173, 146]), rank 0 
2026-09-12 01:55:44.265071: predicting BraTS20_Training_127 
2026-09-12 01:55:44.343286: BraTS20_Training_127, shape torch.Size([4, 140, 172, 138]), rank 0 
2026-09-12 01:55:46.037764: predicting BraTS20_Training_135 
2026-09-12 01:55:46.119361: BraTS20_Training_135, shape torch.Size([4, 146, 175, 146]), rank 0 
2026-09-12 01:55:47.813461: predicting BraTS20_Training_137 
2026-09-12 01:55:47.891073: BraTS20_Training_137, shape torch.Size([4, 135, 174, 141]), rank 0 
2026-09-12 01:55:49.586801: predicting BraTS20_Training_138 
2026-09-12 01:55:49.654365: BraTS20_Training_138, shape torch.Size([4, 130, 169, 128]), rank 0 
2026-09-12 01:55:50.510417: predicting BraTS20_Training_139 
2026-09-12 01:55:50.580692: BraTS20_Training_139, shape torch.Size([4, 140, 170, 147]), rank 0 
2026-09-12 01:55:52.286710: predicting BraTS20_Training_149 
2026-09-12 01:55:52.367321: BraTS20_Training_149, shape torch.Size([4, 139, 164, 157]), rank 0 
2026-09-12 01:55:54.066700: predicting BraTS20_Training_162 
2026-09-12 01:55:54.136008: BraTS20_Training_162, shape torch.Size([4, 132, 153, 148]), rank 0 
2026-09-12 01:55:55.835028: predicting BraTS20_Training_167 
2026-09-12 01:55:55.896042: BraTS20_Training_167, shape torch.Size([4, 138, 152, 132]), rank 0 
2026-09-12 01:55:57.594069: predicting BraTS20_Training_182 
2026-09-12 01:55:57.670410: BraTS20_Training_182, shape torch.Size([4, 136, 173, 140]), rank 0 
2026-09-12 01:55:59.380679: predicting BraTS20_Training_187 
2026-09-12 01:55:59.449762: BraTS20_Training_187, shape torch.Size([4, 139, 163, 128]), rank 0 
2026-09-12 01:56:00.306405: predicting BraTS20_Training_190 
2026-09-12 01:56:00.358892: BraTS20_Training_190, shape torch.Size([4, 145, 149, 141]), rank 0 
2026-09-12 01:56:02.058609: predicting BraTS20_Training_203 
2026-09-12 01:56:02.134425: BraTS20_Training_203, shape torch.Size([4, 139, 170, 136]), rank 0 
2026-09-12 01:56:03.835791: predicting BraTS20_Training_205 
2026-09-12 01:56:03.920065: BraTS20_Training_205, shape torch.Size([4, 141, 166, 144]), rank 0 
2026-09-12 01:56:05.622103: predicting BraTS20_Training_206 
2026-09-12 01:56:05.689573: BraTS20_Training_206, shape torch.Size([4, 119, 163, 143]), rank 0 
2026-09-12 01:56:06.564756: predicting BraTS20_Training_220 
2026-09-12 01:56:06.629059: BraTS20_Training_220, shape torch.Size([4, 138, 175, 145]), rank 0 
2026-09-12 01:56:08.340213: predicting BraTS20_Training_233 
2026-09-12 01:56:08.412161: BraTS20_Training_233, shape torch.Size([4, 139, 171, 134]), rank 0 
2026-09-12 01:56:10.112964: predicting BraTS20_Training_235 
2026-09-12 01:56:10.232267: BraTS20_Training_235, shape torch.Size([4, 130, 169, 152]), rank 0 
2026-09-12 01:56:11.934353: predicting BraTS20_Training_237 
2026-09-12 01:56:12.001222: BraTS20_Training_237, shape torch.Size([4, 130, 172, 136]), rank 0 
2026-09-12 01:56:13.705729: predicting BraTS20_Training_253 
2026-09-12 01:56:13.780423: BraTS20_Training_253, shape torch.Size([4, 139, 161, 136]), rank 0 
2026-09-12 01:56:15.480546: predicting BraTS20_Training_256 
2026-09-12 01:56:15.567387: BraTS20_Training_256, shape torch.Size([4, 146, 180, 132]), rank 0 
2026-09-12 01:56:17.268225: predicting BraTS20_Training_261 
2026-09-12 01:56:17.338181: BraTS20_Training_261, shape torch.Size([4, 133, 167, 144]), rank 0 
2026-09-12 01:56:19.042420: predicting BraTS20_Training_274 
2026-09-12 01:56:19.109581: BraTS20_Training_274, shape torch.Size([4, 139, 161, 136]), rank 0 
2026-09-12 01:56:20.812492: predicting BraTS20_Training_278 
2026-09-12 01:56:20.876331: BraTS20_Training_278, shape torch.Size([4, 135, 158, 136]), rank 0 
2026-09-12 01:56:22.577574: predicting BraTS20_Training_282 
2026-09-12 01:56:22.646525: BraTS20_Training_282, shape torch.Size([4, 138, 160, 133]), rank 0 
2026-09-12 01:56:24.347264: predicting BraTS20_Training_286 
2026-09-12 01:56:24.419885: BraTS20_Training_286, shape torch.Size([4, 137, 168, 136]), rank 0 
2026-09-12 01:56:26.120813: predicting BraTS20_Training_287 
2026-09-12 01:56:26.192286: BraTS20_Training_287, shape torch.Size([4, 134, 167, 133]), rank 0 
2026-09-12 01:56:27.892755: predicting BraTS20_Training_301 
2026-09-12 01:56:27.990842: BraTS20_Training_301, shape torch.Size([4, 136, 174, 135]), rank 0 
2026-09-12 01:56:29.695423: predicting BraTS20_Training_305 
2026-09-12 01:56:29.772354: BraTS20_Training_305, shape torch.Size([4, 138, 174, 136]), rank 0 
2026-09-12 01:56:31.474217: predicting BraTS20_Training_315 
2026-09-12 01:56:31.577597: BraTS20_Training_315, shape torch.Size([4, 143, 173, 131]), rank 0 
2026-09-12 01:56:33.299572: predicting BraTS20_Training_318 
2026-09-12 01:56:33.440301: BraTS20_Training_318, shape torch.Size([4, 140, 176, 137]), rank 0 
2026-09-12 01:56:35.147515: predicting BraTS20_Training_324 
2026-09-12 01:56:35.230161: BraTS20_Training_324, shape torch.Size([4, 141, 177, 141]), rank 0 
2026-09-12 01:56:36.936270: predicting BraTS20_Training_329 
2026-09-12 01:56:37.017490: BraTS20_Training_329, shape torch.Size([4, 133, 182, 133]), rank 0 
2026-09-12 01:56:38.718550: predicting BraTS20_Training_335 
2026-09-12 01:56:38.790028: BraTS20_Training_335, shape torch.Size([4, 143, 160, 134]), rank 0 
2026-09-12 01:56:40.496704: predicting BraTS20_Training_343 
2026-09-12 01:56:40.572201: BraTS20_Training_343, shape torch.Size([4, 141, 184, 139]), rank 0 
2026-09-12 01:56:42.274283: predicting BraTS20_Training_352 
2026-09-12 01:56:42.355870: BraTS20_Training_352, shape torch.Size([4, 144, 180, 130]), rank 0 
2026-09-12 01:56:44.059307: predicting BraTS20_Training_356 
2026-09-12 01:56:44.140980: BraTS20_Training_356, shape torch.Size([4, 141, 172, 133]), rank 0 
2026-09-12 01:56:45.842885: predicting BraTS20_Training_363 
2026-09-12 01:56:45.911497: BraTS20_Training_363, shape torch.Size([4, 123, 175, 140]), rank 0 
2026-09-12 01:56:46.804479: predicting BraTS20_Training_365 
2026-09-12 01:56:46.854319: BraTS20_Training_365, shape torch.Size([4, 132, 164, 135]), rank 0 
2026-09-12 01:57:32.905383: Validation complete 
2026-09-12 01:57:32.908864: Mean Validation Dice:  0.8501564984070166 
